case_id,design_wing_span,design_wing_chord,design_tail_arm,design_nose_length,design_ducks_num,design_pucks_num,design_banner_length,design_batt_capacity,status,full_trim_velocity,full_trim_alpha,full_trim_elevator,coarse_trim_velocity,coarse_trim_alpha,coarse_trim_elevator,coarse_CD,coarse_D,coarse_CD_wing_profile,coarse_CD_tail_profile,coarse_CD_wing_induced,coarse_CD_tail_induced,coarse_CD_interaction,coarse_CD_body,coarse_D_wing_profile,coarse_D_tail_profile,coarse_D_wing_induced,coarse_D_tail_induced,coarse_D_interaction,coarse_D_body,full_CD,full_D,full_D_profile,full_D_induced,full_D_wing,full_D_tail,full_D_body
0,1.2431041497441027,0.2862423441092849,0.6968978479190777,0.22925636492762438,3,2,2.306394026352029,3.932374013793655,ok,29.880937785335185,-0.7608554601281682,-0.8193856966606392,29.868557133463508,-0.7229494565152804,-0.8960748523667139,0.014661831944231804,2.853147163538853,0.006683527753942328,0.0022313841948324122,0.002213823449808248,0.00023981988981191827,-0.0007008557166060481,0.003994132372442945,1.3005938361676443,0.43422046511426515,0.4308031984284991,0.04666820906007357,-0.13638435548098257,0.7772458102493531,0.014639504084008602,2.8488002679471514,2.4916019399145872,0.3571983280325643,1.2937847398577154,0.4305624968054354,0.7672547032514365
1,1.2052848260847253,0.2694822734723346,0.6227905510589336,0.2100710759437151,6,5,2.787046305070974,6.2337289144581165,ok,29.98604908227258,-0.5700951347519168,-0.8821866926789769,29.970908895811974,-0.5718972323260648,-0.9489320677934017,0.015355484016522597,2.74680601675839,0.006822252805469199,0.0023807278896729096,0.002581409262141183,0.00020846101111674038,-0.0007231172000096382,0.004085750248132203,1.220372150675673,0.42586724616310495,0.4617653527127947,0.03728973694211637,-0.12935200698790889,0.73086353725261,0.015224169637227721,2.7233144783466923,2.3456341493065063,0.377680329040186,1.1967535367532807,0.4218832253747915,0.7269973871784342
2,1.4896466086262328,0.2604175022834375,0.7947209778037677,0.2199159742072997,7,4,2.591687597701414,6.612483132549499,ok,29.83075390203094,-0.9672729483422857,-0.5055020418568322,29.81610204903818,-0.9819697422288907,-0.5764245135707021,0.013873698139823606,2.9334602926858513,0.006920801869331644,0.0019419090202656454,0.0014494285489816516,0.0001738788142614437,-0.0004337728655175731,0.0038214527525007955,1.463337119823519,0.410598021201446,0.3064677530584505,0.036765006145775096,-0.0917171084606385,0.8080095009172993,0.013756002832724948,2.9085727455873576,2.6563675817546186,0.2522051638327392,1.4599719395757242,0.4069482769129373,0.7894473652659569
3,1.1716500234802378,0.2557795713244971,0.6770721642628194,0.228089061941036,6,5,2.4195933950132518,7.321433664467671,ok,30.06657392866181,-0.44215607485761044,-0.8215515628539349,30.043601177884383,-0.4671621636749282,-0.9483725138673633,0.016103644326189447,2.6721566255711102,0.00694636256187097,0.0021901171796795283,0.0028310281717622374,0.0001362550373730665,-0.0005742252799076478,0.004574106655411295,1.152643983395455,0.36341687719344856,0.4697663791574189,0.02260946612511489,-0.09528401492202672,0.7590039346216999,0.0158310051313116,2.6269144576522376,2.229049279929764,0.3978651777224738,1.1202590307182705,0.36204654306460765,0.7467437061468859
4,1.1822626573661257,0.201171065198847,0.5700432973974253,0.15603644019979246,4,2,2.5882943245604824,5.609626725035592,ok,30.326489570797296,-0.033131773712506626,-0.5445575444532603,30.309485745627764,-0.1384184862583725,-0.6386599212199394,0.017743402202302527,2.37720569093613,0.0075694599099452595,0.0022946153266932305,0.0032375620420476954,2.4573360777052957e-05,-0.00025248247279381826,0.0048696740356331085,1.014132631953735,0.30742540528200163,0.4337584654489678,0.003292262240274103,-0.033826814290959614,0.6524237403021115,0.017272993142317446,2.314180157502201,1.9263070272625384,0.38787313023966263,0.9713143163068699,0.30827242409750777,0.6467202868581605
5,1.2587337476325757,0.2622974031731752,0.6757647305218366,0.18485856990643224,4,4,2.4922529246193497,3.972023664727435,ok,30.00323333355254,-0.6435398010601938,-0.7560327593179883,29.98524562186894,-0.6532426739981468,-0.8425797671067664,0.015013218845616894,2.733026825251358,0.006888183134944336,0.0022094736362441845,0.002293609445618328,0.00017676790517529828,-0.0005963056748253911,0.00404149039846014,1.2539342481204816,0.40221559278102254,0.41753179021665116,0.03217907043489364,-0.10855229795196142,0.7357184216502708,0.014846975610336972,2.702761817675203,2.356012092841533,0.34674972483366934,1.2305860783129847,0.39896363425582054,0.7264623802727278
6,1.5567166076808765,0.33,0.8013297726544608,0.270499748416528,5,2,2.6953177252211495,4.747120088327787,ok,29.367352760572093,-1.3190145138170515,-0.5791914541817057,29.39380671494427,-1.2293767476878201,-0.5922996488838347,0.012506444415595874,3.393853166447999,0.006392079173731002,0.0021070379397968293,0.001109623126151334,0.0003665388623265839,-0.0006141846589922602,0.0031453499725823835,1.7346079687445413,0.571783405912561,0.3011165951816374,0.09946704572420667,-0.16667027657399558,0.8535484274590479,0.012736473162975168,3.456273306107725,3.219789101459665,0.23648420464806003,1.8140781578928067,0.5672270977367946,0.8384838458300636
7,1.4764572254019934,0.2461370676113346,0.6777910775043379,0.17356821385885052,5,5,2.7649320588565405,5.031297886474273,ok,29.9318291321474,-0.8404391130351941,-0.5479150980008484,29.915043216167284,-0.8862755794689853,-0.573482990233012,0.01416368584250452,2.82453385669251,0.007056476231340847,0.0021527308475293603,0.0015959985958365287,0.00016899870452531283,-0.0004712527994510616,0.0036607342627235306,1.4072082822223775,0.4292993526406719,0.3182753500254743,0.03370186037566849,-0.09397762008503291,0.7300266315133505,0.013980964339329443,2.7880934633497487,2.532557849977032,0.25553561337271696,1.3881539346687024,0.4243084463112528,0.7200954689970769
8,1.5748936826549746,0.27405659400584087,0.6649376948490736,0.25132163319912754,4,2,2.2437546246962747,4.810792334805506,ok,29.65380914260914,-1.0632328354896423,-0.6148788453050498,29.651537523304576,-1.0703791824825482,-0.5730642788579403,0.013436539960230035,3.1235323919558553,0.006808182769152413,0.0022724929828403426,0.001296812462653097,0.00028225844068147804,-0.0005828830727143678,0.0033596763776170715,1.5826678201937343,0.5282762871545592,0.30146419728428686,0.06561535819348341,-0.13550022280549362,0.781008951935285,0.013415373743857142,3.118609827289137,2.8902225645016877,0.2283872627874497,1.5960958370024567,0.521763499292074,0.7723632282071571
9,1.4964666747484308,0.2878276638001102,0.7183392597492382,0.18822180361872623,3,5,3.1455575168935126,5.498019174981488,ok,29.68341266875956,-1.08190083663975,-0.6253761204765128,29.685163890035827,-1.054949001195322,-0.6293002955177308,0.01322060860322857,3.0731572510795715,0.006686198193947146,0.0021772254504970373,0.001375161878126566,0.0002840332081446157,-0.000594150022104356,0.003292139894617562,1.5542203145523799,0.5061004664184655,0.31965916426425456,0.06602409460513456,-0.13811137622009226,0.7652645874594296,0.013265316554601553,3.083547580156702,2.8321408989108123,0.2514066812458896,1.576277098551564,0.5004040572642794,0.7554597430949688
10,1.2549813760448663,0.2517852246184776,0.7430038660112279,0.178478675922606,7,3,2.244077839232806,5.925045964251232,ok,30.061068307657965,-0.59310817373336,-0.668004779797621,30.037215681520234,-0.6188552859394736,-0.8047599529495357,0.015314913679219696,2.678532925149307,0.006986938603135745,0.0020225136155573266,0.002333610673205562,0.00012564732156812412,-0.00047543359946998205,0.004321637065222919,1.2219948141065413,0.35373162554508664,0.40814157713094024,0.021975343434922356,-0.08315192475622747,0.7558414896880435,0.01505751504418883,2.633512853543634,2.285537892554795,0.34797496098883873,1.192897059231547,0.3527522654203318,0.7398885679029161
11,1.146910147470893,0.23010123624035128,0.6396600203622284,0.18377056840560382,4,4,2.4192903528697363,4.75056204131679,ok,30.208930659474152,-0.1976281910881756,-0.755355054811266,30.186082242642623,-0.2697692217030788,-0.8958584806910851,0.017080811069234043,2.5196118015764752,0.007209497402970819,0.00220172916584722,0.0032355483973331703,7.101922221836443e-05,-0.00043301639565211555,0.0047960332765165856,1.063481977895023,0.32477982267106426,0.4772797903711069,0.010476134283955727,-0.0638747900400554,0.7074688663953808,0.016649094539567158,2.455927064083666,2.0433529164456705,0.4125741476379958,1.0214195945687055,0.3250952753731162,0.696838046503849
12,1.2239320976219958,0.21639172319707012,0.55,0.1901726100831398,7,3,2.5503972839501454,6.91906222549903,ok,30.222118566163548,-0.22802928383276433,-0.64574715751605,30.204455433996156,-0.32297063837079376,-0.7243465260832639,0.016873249496939396,2.5000724887192063,0.007374840709535919,0.0024189695622323904,0.002878702404412042,6.625082736845081e-05,-0.0004116072585755461,0.004546093251966139,1.0927140246424702,0.358413431549347,0.426531041681439,0.009816240249917063,-0.06098694762431578,0.6735846982203488,0.01646816452964429,2.440050253364967,2.0762405040762077,0.36380974928875903,1.04851297849816,0.3560210640383553,0.6717064615396925
13,1.190623780783774,0.2761131871961538,0.7865779011579083,0.20549237535014303,3,5,1.9526822075033183,4.063069071142308,ok,29.978503085447336,-0.6499653860324879,-0.768582901985626,29.9575177324065,-0.6251189198043761,-0.9243917841891238,0.015225883596563194,2.7553082140262974,0.0067630424719701335,0.0020063988332789154,0.002468569025892228,0.00016415853577409295,-0.0005683868922995796,0.004392101621947403,1.2238545209313287,0.3630821916433158,0.44671749069899847,0.029706477075851515,-0.10285649848599987,0.7948040321628028,0.015098950752141899,2.73233629429715,2.34557581681043,0.3867604774867194,1.2067660706545302,0.3623165873189961,0.7764931588369038
14,1.320360230423196,0.23177171506131866,0.6355512859665498,0.1613930357804569,6,4,2.4017595312650255,5.417164624571759,ok,30.118593544805854,-0.5322903090874477,-0.6053029414569364,30.096719376434717,-0.6016825450705634,-0.6793860251988243,0.015401869024221118,2.618796570285427,0.007198193282901903,0.0022142902257715727,0.0022260422049395654,0.00010995573837643369,-0.0004498215179702416,0.004103209090201886,1.223916646211604,0.3764981795227535,0.3784963813442861,0.018695893991214362,-0.07648364277403827,0.6976731119896075,0.015082643077151214,2.564516467577727,2.249656106932972,0.3148603606447549,1.1863297035221883,0.37354918258944536,0.6897772208213385
15,1.2366099196353408,0.22041188796083902,0.55,0.15296492410904547,7,4,2.779730754406803,7.197183427354774,ok,30.215210714124158,-0.283873314390708,-0.663248292928875,30.198385121684943,-0.3741926254364769,-0.7321722833476327,0.01643630470351773,2.5051242549716735,0.007325030847806587,0.002433725632751782,0.002771958924711037,8.011381066977873e-05,-0.0004480376564333052,0.004273513144011852,1.116437835405222,0.3709340525457603,0.4224855684619079,0.012210472724086091,-0.06828724707394372,0.6513435729086414,0.016063929419248443,2.448367331618031,2.091938807991154,0.3564285236268771,1.0727569199000475,0.36786486048237377,0.6513170276087323
16,1.346740035545774,0.2522140081825644,0.7413617516764704,0.20654756818968603,5,4,2.1997507193357997,5.880425518107761,ok,29.9852833994356,-0.7337793793106544,-0.60139389927109,29.96353681295165,-0.7599111239407599,-0.7030343249570197,0.014778017852554766,2.7643407157138578,0.006989043862801794,0.0020258410339154495,0.0019431105001646517,0.00014433523579847343,-0.00046584806910960545,0.004141535288984002,1.307353848575374,0.3789489841933172,0.36347360818810187,0.026999004400370535,-0.08714042692496422,0.7747056972816583,0.014563598162881523,2.7242300036093985,2.419709482879573,0.3045205207298256,1.2844116615280639,0.37655372683628496,0.7587440945152238
17,1.3675626819896418,0.2408932684079991,0.5961512404232289,0.22151492484138685,5,2,2.4077151812224282,5.223767478717779,ok,30.00724107348203,-0.6409874757242046,-0.6600857759504786,29.988754648366115,-0.6982062558446106,-0.6842963747757925,0.015090868242958641,2.7418542207974808,0.007106030480272839,0.0023596306728816264,0.002023237525766218,0.0001604027137837307,-0.0005437445449152467,0.003985311395169475,1.2910920267654364,0.42872041659912186,0.3676012712049467,0.02914350922257254,-0.09879274349950737,0.7240897405049108,0.01484932784934977,2.697966977706548,2.4023285749635477,0.29563840274300035,1.2593564569856095,0.42341485642063537,0.7195572615573027
18,1.3266659303600843,0.24497834688680967,0.610660102153888,0.17341286394601058,7,1,2.3236968157550644,5.398019970358228,ok,30.039808945508977,-0.6173864525087017,-0.6899578911458502,30.022146447695803,-0.6649809551909845,-0.732922262619007,0.015029852765284638,2.6998797880844245,0.007059375520200153,0.0023292526943372786,0.002143876771968962,0.00015993162394565226,-0.0005569931143758457,0.003894409269208438,1.268107251689728,0.41841409686379655,0.38511418941854575,0.02872923412554854,-0.10005516854290106,0.6995701845297067,0.014802189068016287,2.6589817059496816,2.34613484064042,0.31284686530926137,1.2369879941116144,0.41371159892279313,0.6954352476060126
19,1.1218325517848722,0.2216508600939395,0.6744365265746557,0.19482721858370367,5,4,2.4259770824370004,5.787878819776586,ok,30.24820939497413,-0.08021476248651695,-0.7168277305668531,30.223214366308724,-0.16257938527156457,-0.879803572213026,0.017794953816449174,2.479703518873766,0.007306795352226304,0.0020866690909883373,0.0034926674579174297,4.4084724190280037e-05,-0.0003395244852261274,0.005204261676352949,1.0181923669763964,0.2907746061619952,0.48669863799522484,0.006143148604418805,-0.047312292543337985,0.7252070516790684,0.017284863581483848,2.4086214526797556,1.9782640159165172,0.4303574367632388,0.9753948095328545,0.29332339894971726,0.7095458074339456
20,1.3391707372711017,0.27721144247793206,0.6393758034207961,0.18448744620506585,5,3,2.2511568618286764,5.248341344904582,ok,29.864045153422545,-0.8257374198045588,-0.7710742979946115,29.856045431600133,-0.8124210249522711,-0.7905746280349867,0.014180146062710005,2.8756178317224577,0.006762689310664227,0.002352024519065281,0.0019171194381574436,0.0002608951119201623,-0.0006978030221151554,0.0035852207050180466,1.3714181705987558,0.4769713667096011,0.38877616757451783,0.052907398325025834,-0.14150875488518572,0.7270534833997427,0.01414717989811118,2.8689305858324032,2.5596473857952917,0.3092832000371114,1.3646946178680088,0.47149797308375524,0.7234547948435278
21,1.2579561131933488,0.2167585724765441,0.5678437787955223,0.17866700596047871,6,1,2.4715375407350235,5.656074514386998,ok,30.21110285111449,-0.3000440721329371,-0.6069780410300245,30.191738793865177,-0.39488757085952053,-0.6809032047922575,0.016493161143259393,2.5141137669845244,0.0073711831104056914,0.002360890391031432,0.0026675612924752,7.056796442018555e-05,-0.00040312073753789656,0.00442607912246478,1.1236167994640989,0.35987928468518027,0.4066262683929357,0.010756936727643072,-0.061449190194518034,0.6746836679091845,0.016094301416889063,2.453312408028782,2.1082819013999377,0.34503050662884444,1.0796620268299004,0.3574264239680212,0.671193450602016
22,1.5812654855013033,0.2989100227060416,0.7100246713883519,0.2121816512149277,3,5,2.284944017678304,4.99511876494414,ok,29.528806003457984,-1.1897537107457807,-0.6142185321729983,29.540689439933537,-1.155734454571223,-0.5831857781230857,0.0128385699106739,3.2408563822894343,0.0066084286952571465,0.002228644932554747,0.001192430660522661,0.0003353897476463877,-0.00061538946732715,0.0030890653420201086,1.6681739837801437,0.5625796489624705,0.30100677439000084,0.08466285667148608,-0.15534353877862736,0.779776657263961,0.012939445726383898,3.266318340849814,3.0386324168043295,0.2276859240454848,1.7110830022125874,0.5568279770235912,0.7707214375681511
23,1.110409275682628,0.22628613000261696,0.5770757998820052,0.1978833167952325,5,5,2.739943975539818,5.559017083038491,ok,30.22786097250785,-0.06516266547306052,-0.8196639980591776,30.210004438327914,-0.14593950796582608,-0.9468543160319898,0.017740732722340734,2.494787125828251,0.007252634072201319,0.0023718018080459,0.0036110216709426173,6.434464081018312e-05,-0.00045360005096381,0.004894530581304526,1.0199002710235217,0.33353417293061866,0.5077992277291824,0.00904845273426271,-0.06378741989582505,0.6882924213064908,0.01730232949298535,2.433135079442801,1.9937999977190006,0.4393350817238001,0.9772764238683606,0.3331602252887844,0.6833633485618555
24,1.1704249861329228,0.262134053487299,0.7446279448372881,0.20282237498639957,5,4,2.093475352876681,5.284752556369269,ok,30.05314238605761,-0.5071452099411651,-0.7877877962757851,30.029002603684248,-0.514802951254626,-0.9438717710085937,0.015811140524459984,2.683589582250859,0.006885576578388103,0.0020534489325003866,0.0027299946491453437,0.00013480588060562726,-0.0005423934528127443,0.004549707936633268,1.1686735403411976,0.34852730291133727,0.4633558969837347,0.02288030115599584,-0.0920592298321292,0.772211770690723,0.015572065213378568,2.643010042222239,2.24430646604398,0.3987035761782586,1.1405571492781366,0.348206639583315,0.7555426771825285
25,1.1255201547596358,0.2,0.55,0.17051365682622288,5,2,2.4695338717282693,4.637892047636678,ok,30.34186500495952,0.11032134648300013,-0.6036766606278392,30.32806985667552,0.00941159770784579,-0.7048824469272624,0.018555472558153548,2.355298349587253,0.007584673176410495,0.002355442319852773,0.0036990786333721158,1.7061636044820712e-05,-0.00022810328719608298,0.005127320079669427,0.9627439106479974,0.29898292221393385,0.46953446067566973,0.002165681477078126,-0.028953792159407188,0.6508251667319811,0.01808520798687557,2.2956047623262386,1.8688736659847722,0.42673109634146655,0.9220324867540671,0.30045863864328476,0.6463825405874204
26,1.2441733740624263,0.223055295259189,0.55,0.17911411055532486,5,4,2.352997725370292,6.237132435651356,ok,30.18593316805084,-0.3143400370581085,-0.6773735384287921,30.168549348156255,-0.40116791333165874,-0.7428226828650452,0.016397446751718545,2.5397149494871547,0.007295240058586327,0.002444287563575935,0.0027171840440097746,8.929882320459908e-05,-0.0004709715694970454,0.004322407831838953,1.1299216589892216,0.37858294404332943,0.42085045565745394,0.013831028677715417,-0.0729463284099223,0.6694751905293563,0.01603514828843129,2.4835987199581337,2.1308939754554372,0.3527047445026963,1.0867299754272857,0.3751334989975694,0.6690305010305823
27,1.1919473803418472,0.2787715291530037,0.7130579176255778,0.2255300888011694,7,1,2.6711429591381917,5.712156293754904,ok,29.95437948244629,-0.6403715071382453,-0.8376596685620841,29.93648481829862,-0.6161143911403179,-0.9494932778413012,0.015219029492180888,2.7791962003187956,0.006741617247441311,0.0021727539700503707,0.0025057148144489974,0.0001971884754068966,-0.0006605304012750185,0.00426228538610833,1.2311085307850098,0.39677363007240285,0.4575766868036502,0.03600922528463878,-0.12062159301036472,0.7783497203834585,0.015120296175517639,2.761164287377649,2.3747476603901454,0.3864166269875039,1.214582662718565,0.3944331245712819,0.7657318731002984
28,1.1724321243550826,0.25677871509705463,0.7942589443969437,0.17318037936234104,6,5,2.236288262807174,5.927697955308984,ok,30.087964810333293,-0.4901958022566571,-0.7305107624968487,30.061446993157244,-0.5054028528395462,-0.9168541834120962,0.015865811577398272,2.6485046583341005,0.006934675383809245,0.001938120943261731,0.0027249506874342288,0.00011030307861543849,-0.0004706686187597256,0.004628430103037355,1.1576161716314424,0.3235335502128358,0.4548802659223147,0.018413064854353144,-0.07856944621053079,0.7726310519236855,0.015582849609909298,2.601267583558566,2.204542420474659,0.39672516308390715,1.1272684189187963,0.3245862631566727,0.75268773839919
29,1.17098862970412,0.22258601978323156,0.6818133484727497,0.16627397070369632,5,5,1.9593362972817359,5.970646322883256,ok,30.23935504668014,-0.20295761900146653,-0.65769800134583,30.213892712059174,-0.28376791413985386,-0.8103705066028639,0.017045006913467255,2.488277914267759,0.007296156655265406,0.002070065507765,0.0030973513172406937,5.297408833434794e-05,-0.00034937552065455194,0.0048778348655163575,1.0651134115991752,0.3021939686037558,0.452160032233769,0.007733305988082698,-0.05100281837631013,0.7120800142192864,0.016572443059384514,2.4192900504148893,2.0234762572308025,0.3958137931840867,1.0221240556399975,0.3039014491734477,0.6974507524173571
30,1.1232713080869794,0.2059851679993963,0.55,0.1669957052489262,6,2,2.124192348782305,5.582350443985538,ok,30.31996490027831,0.06658494391501266,-0.6618414595573956,30.305791278131323,-0.032443870045971566,-0.7708432027097002,0.018289164308950487,2.3827471505322686,0.00750307079841705,0.002379573837599986,0.003672798100196511,2.6409202446792915e-05,-0.00028676658008555455,0.004994078950375701,0.9775143502002916,0.31001541050444353,0.47849912986132265,0.00344064118047921,-0.0373604960852336,0.6506381148709652,0.01782336405392378,2.322060206312082,1.8935645455872037,0.4284956607248783,0.935573968110536,0.31078529136067984,0.647205286115988
31,1.2028199791286516,0.23273832064236136,0.6101865522335719,0.1519115586831775,5,5,2.091708590049706,7.028878941613494,ok,30.1844248067275,-0.3274413808253266,-0.7290667792337719,30.1641841419746,-0.3960474154086454,-0.8323123304144671,0.016268838815861917,2.541540224916598,0.0071813158853842275,0.002290191485576295,0.0028462087276828005,9.513901452483173e-05,-0.00048330885514241326,0.004339292557836174,1.1218749781171524,0.35777684254137593,0.44463861568667756,0.01486274681989182,-0.07550316960576237,0.6778902113572624,0.015909569646704532,2.4854129918801493,2.1091691939913115,0.37624379788883733,1.0809161985477966,0.35596175780268485,0.6722912376408303
32,1.3623794310945527,0.29815089446934173,0.8165274538178667,0.24564769667137426,3,3,2.3424833160449072,4.165179034597346,ok,29.729935583454463,-1.0277070791631662,-0.6415569357320293,29.725901111333197,-0.963939174850811,-0.732357773407562,0.013701612484314668,3.0130053623155217,0.0065983812810251185,0.002000424550288072,0.0016182355232969056,0.00024630141670771416,-0.0005743580460178481,0.003812627759014708,1.4509940494296103,0.43989639203601016,0.3558524454522929,0.054162055023509265,-0.12630220527123603,0.8384026256453355,0.013771551522999737,3.0283829762043917,2.727444108477446,0.3009388677269465,1.4709943341488279,0.43632074508460494,0.8201290292440129
33,1.1521267626197371,0.20847519151689287,0.55,0.18384055218514184,5,4,2.2791077715520682,5.17605954448937,ok,30.2913076784623,-0.019128350751442445,-0.6507931981189166,30.2756628618098,-0.11841316585246858,-0.754299452613995,0.017915390584005892,2.418371771488866,0.007471977109287239,0.0023890168228420062,0.0034231603940999933,3.521237691571816e-05,-0.00032150488824790043,0.004917528769108835,1.0086310110617065,0.32248980667667176,0.46208730016530036,0.004753266078163165,-0.04339946385698901,0.6638098513640134,0.01745818358400231,2.356652458689162,1.9483546383831096,0.4082978203060523,0.9655027138984423,0.3223825848519135,0.660469339632754
34,1.3478519707278724,0.27707890197766954,0.6391768771594363,0.23995097071337862,4,1,2.5064360086342026,3.5,ok,29.83246355516213,-0.832015166361121,-0.7709933827111776,29.82323404410907,-0.819978615799183,-0.7870932097884026,0.014320316726695502,2.915295685601817,0.006766449090697255,0.0023528552428592198,0.001895021644808459,0.00026301100410375147,-0.0006965226323870098,0.0037395023766138265,1.3774974546604168,0.47898861940436394,0.385783955108581,0.05354314853246976,-0.1417964046379326,0.7612789125339181,0.01427730720485862,2.9065379076307933,2.6005009963397296,0.30603691129106375,1.3710368582245607,0.47348377630534866,0.7559803618098203
35,1.167233761919008,0.2388617411282917,0.7259597459296905,0.17292882075146035,7,1,2.069889393249852,6.56572958089704,ok,30.16891645897218,-0.33087862202568813,-0.7176710176210205,30.142052255909405,-0.38423221334295293,-0.8864393125612451,0.016509191513316528,2.565994717700071,0.00711414122456065,0.0020230062350673475,0.002957905966720882,8.096033273862405e-05,-0.0004236607129311222,0.004756838467160144,1.1057385086647242,0.31443231540866035,0.45974214303208827,0.012583522699035902,-0.06584884248277256,0.7393470703783341,0.016110736862557807,2.5040618838290474,2.1049686654768682,0.3990932183521796,1.0667074841055144,0.3156623750155405,0.7225988063558132
36,1.3891757586308129,0.2769833923867199,0.6506765759849797,0.24232731056571397,5,5,2.3122436120727436,6.1618327524579195,ok,29.80029713265835,-0.8874820191969315,-0.7319682756025636,29.792158337352532,-0.8766729583225376,-0.7404926577874282,0.014106751516818682,2.95246817169772,0.0067699355710978334,0.0023194613702896072,0.001749286531721571,0.00026558674414242536,-0.0006667486273919763,0.0036692299269592233,1.4169115599916817,0.48545094617267487,0.36611638065148006,0.05558589502129213,-0.13954694661991862,0.7679503364805104,0.014070147360078182,2.9448050869143163,2.6557517078749306,0.2890533790393857,1.4145718874540885,0.4797748050528263,0.7614050153680157
37,1.4008438938382992,0.33,0.8674378683605346,0.27712902520915,6,3,2.8955524154312995,5.788070211788751,ok,29.52477228360051,-1.2226271850646877,-0.6039879495133279,29.539133964143687,-1.1051782181287004,-0.6890495672645749,0.013011673108960693,3.211559937915442,0.0063800077011319425,0.001984705384993572,0.001365889543629932,0.0003115157370017992,-0.000605096457313219,0.003574651199516667,1.5747227097518102,0.4898678478650716,0.337130828695548,0.0768887638512994,-0.1493507809955208,0.8823005687472338,0.013252810089081562,3.2710754614025914,2.983179066269164,0.28789639513342724,1.6347084611879268,0.48601224342109295,0.8624583616601443
38,1.347436357824323,0.28324223857239367,0.6773917150451316,0.24828186478739475,5,4,2.3127955762942767,5.335241254551245,ok,29.803701159556688,-0.8801291783064037,-0.7498030669510501,29.795257048034365,-0.8534536053218266,-0.7821500511427102,0.014176761346023489,2.9436746069307906,0.006715219123334405,0.002268013341154035,0.0018358186561142334,0.00026371595988502176,-0.0006749205232161719,0.0037689147887519665,1.3943537265568906,0.4709321908990208,0.38119092429027085,0.05475820292154838,-0.14014106306763502,0.7825806253306951,0.014162720797612596,2.940757189299344,2.6341901171678357,0.30656707213150897,1.394361014614843,0.46591647153342985,0.7739126310195624
39,1.5107315737399518,0.26592814552941696,0.8068595450479892,0.2047756157213416,6,1,2.9860769412992143,5.613279894027005,ok,29.791114262513645,-1.021887951772842,-0.499765338445728,29.780309316744717,-1.0275772118091435,-0.5649373935570943,0.013611127065674175,2.9725234314377675,0.006871519952244263,0.0019335359431377286,0.0013718781911750025,0.00018739332487117824,-0.00043931326623676016,0.0036861129204827626,1.5006658867471598,0.4222634076349608,0.2996034089366699,0.04092468216532785,-0.0959412818151916,0.805007327768841,0.013534206778434987,2.9557228331539114,2.7099282928164623,0.24579454033744919,1.5049629534305753,0.4182817444990658,0.7866835948868213
40,1.1503208565854008,0.21552706209431566,0.55,0.17305721671405172,6,4,2.2812754743295987,5.469946233032805,ok,30.26729074837247,-0.07050000175348886,-0.7110683034510039,30.251648011142933,-0.16410809921595682,-0.8153005657026046,0.017583066416850444,2.446068471930533,0.007381754342801219,0.002416853566854593,0.0033838100086988235,5.0399245704569344e-05,-0.0003884915752509792,0.004738740828042219,1.026912834052564,0.3362206097049377,0.47073876541517334,0.007011291603203183,-0.0540450096304798,0.6592299807851343,0.017148562748878056,2.3856208456670633,1.9759761229911383,0.4096447226759247,0.9833417659739492,0.33531609021285474,0.6573182668043345
41,1.1272629824064238,0.24233253250120176,0.5931296844276281,0.1954467743550924,6,3,2.1570200898481575,5.218793070613262,ok,30.155719641869318,-0.22685610890589017,-0.881491446588232,30.13700540009345,-0.28361408470970945,-0.9958928009026617,0.016910002666534057,2.572919092915361,0.007077590460631122,0.002380050823001663,0.0033263415980601114,0.0001090265616520613,-0.0005778003761640665,0.004594793599353165,1.07688141670328,0.3621334854505396,0.5061151068973557,0.016588792304844623,-0.08791445211705048,0.6991147436763914,0.016561716851120758,2.519924388856842,2.0924162812102676,0.42750810764657476,1.0371630683897617,0.36041181953355805,0.694841393286948
42,1.5574488472266543,0.31737800132970106,0.9,0.20637831814598362,5,5,3.2392784752388275,6.305988102504283,ok,29.472855693297824,-1.3151241190859022,-0.48819606893899575,29.49350042128637,-1.2378638380841678,-0.5500358331475477,0.012475745187519049,3.2810106249420707,0.006472862616011641,0.0018959796385029223,0.0010799387848412542,0.00028575675630562633,-0.0004970886948388632,0.0032382960866964685,1.7023056096216933,0.49862587325246427,0.28401434736707776,0.07515149912854137,-0.13072992953852014,0.8516432251108141,0.012670590455728417,3.3322509107367866,3.0973388580567973,0.23491205267998896,1.7717895281211344,0.4939745297464569,0.8315748001892062
43,1.4946197349360968,0.2894050573656663,0.7721871466153232,0.2512029162829408,3,4,2.1807667422112855,3.967281082743499,ok,29.655342232819308,-1.1046924682969226,-0.5903339864978154,29.65508464660822,-1.0717975426110646,-0.6211385841019439,0.013336673302560165,3.1073939435096793,0.006675327630665666,0.0020634822250051913,0.0013464029350781638,0.0002630848597420077,-0.000548194866975307,0.0035365705190444443,1.5553258432514365,0.48078347748760736,0.31370674163416756,0.06129776753506257,-0.1277273103162211,0.8240074239176268,0.013377030253617292,3.116794811277952,2.8643554572250154,0.25243935405293677,1.580275056367745,0.4756964651345016,0.8083839357227688
44,1.1814399233948898,0.25576714544494494,0.7926930927413662,0.20334320769940586,7,5,2.6750987562070936,6.849358762386091,ok,30.073480624670434,-0.4979979461755678,-0.72110934712457,30.04622324931376,-0.5153435765363088,-0.9036106744603946,0.01593552857064429,2.667450417385923,0.006945902904210245,0.001938190353972493,0.002683923419065244,0.00010999798790266585,-0.00046602573688069124,0.004723539642374332,1.1626756852664983,0.3244339618706646,0.4492623267988645,0.01841257900180933,-0.07800811506465909,0.7906739795127449,0.015643914957490592,2.618635368347565,2.2274017610043844,0.3912336073431807,1.1321295177220803,0.32540287607479546,0.7698693672075085
45,1.2353892226538752,0.23815989212132696,0.692247084997453,0.22077630381819308,3,5,2.1533522150905964,5.484780116046078,ok,30.114213751106888,-0.44649589114152977,-0.6706239458610876,30.088177124566297,-0.5016029173320677,-0.8001611481715877,0.016083429952828195,2.628453241542526,0.007126630552752082,0.002094773967087288,0.002573223704172414,9.825610456962576e-05,-0.0004446802092909436,0.004635225833537728,1.164677884791812,0.3423408713339329,0.420532075949179,0.01605761813959094,-0.07267238026892751,0.7575171715969387,0.01572438289873712,2.5697737884763523,2.211389802553671,0.3583839859226815,1.1270450092122544,0.3416863042377531,0.7426584891036635
46,1.2179819841134272,0.21834786647494145,0.55,0.1557156911486031,4,3,2.705098371570118,4.063193710278045,ok,30.2329932004027,-0.2335565942714511,-0.6645062005426201,30.216303021341684,-0.3260490391806321,-0.7420519736775254,0.016691093490417357,2.485094983424844,0.007349141069666295,0.002426024963980341,0.0028962772766688446,7.06003740873164e-05,-0.00042801627810341766,0.0043770660841179745,1.0941951535526706,0.3612047629541036,0.43121944856335126,0.010511512356756937,-0.0637262685125838,0.6516903745105448,0.0163005999330925,2.4269537062105564,2.0600608207816404,0.3668928854289158,1.0501858941079691,0.3586871362190694,0.6511877904546017
47,1.3193377327788542,0.27864800682931273,0.7856367658460228,0.2099371442936914,5,3,2.831889201285629,5.368383195149706,ok,29.875327598966592,-0.8658011064613522,-0.6602229045733559,29.86135331425516,-0.8371352061739756,-0.7680680765592842,0.014262238884172754,2.8663622539479086,0.006749139364434542,0.0020097150406130013,0.0018696539401183267,0.00019747420417981019,-0.0005452065187755274,0.003981462853602602,1.3564124453361541,0.40390371949225856,0.37575485345763765,0.03968749994908261,-0.10957321628925706,0.8001769520020326,0.014208135600687262,2.855486845553788,2.5373080981841145,0.31817874736967383,1.353005210091578,0.40111327975225897,0.7831896083402776
48,1.1164752671843174,0.23718491097446956,0.7210615848526771,0.22101765116683494,6,5,2.6754100662712363,5.85381698060228,ok,30.17463036570483,-0.19941468640317161,-0.7792734967376329,30.146647149774147,-0.25864733368872295,-0.960633554296963,0.017367682859884846,2.5648859258077765,0.007132147578929466,0.0020316066831425937,0.003367923697095778,6.842475066353876e-05,-0.0004155474463052921,0.005183127596358763,1.0532864454954405,0.3000307773010548,0.49738011452454217,0.010105071664982054,-0.061368681425869445,0.7654521982476264,0.016909315877290054,2.4971918691315245,2.0617448868655215,0.4354469822660032,1.012831233922413,0.30226002259385704,0.7466536303492515
49,1.3868119740201963,0.26529265032904414,0.6608674662490145,0.18913752620614907,5,1,2.3114613764239045,4.932162971021186,ok,29.89008187130804,-0.8340673025213128,-0.6844401699360978,29.878005566491996,-0.842450868475284,-0.71163497839207,0.01419315170050731,2.857471767449721,0.006869209883062068,0.0022546706311017822,0.0017891887205812422,0.0002202764899036614,-0.000597349383064356,0.00365715535892291,1.3829608616692843,0.45392720441655715,0.36021289447062327,0.04434771530766757,-0.12026285869606362,0.7362859502816518,0.01409594464710458,2.83789935876321,2.549135869203792,0.28876348955941783,1.3713521277116454,0.4486523213306594,0.7291314201614871
50,1.166180721375073,0.2717541611164146,0.7957674102637672,0.17748976124302235,5,4,2.2310689410212525,4.846136228198232,ok,30.025004827530566,-0.5808499857525372,-0.7760262621691545,30.00208960595507,-0.5651224578893097,-0.9503458150888476,0.015466923978916115,2.706563845496007,0.0067983085187701695,0.0019775056659064373,0.002635670134758188,0.0001449673136340904,-0.0005447243946493505,0.004455196740496583,1.1896390046600775,0.3460445882388659,0.46121707878789264,0.02536789412009545,-0.0953215619555239,0.7796168416445998,0.015296318182654936,2.6767076175551128,2.2748757411017104,0.4018318764534026,1.1679384248639322,0.3461216550773847,0.7608156611603935
51,1.3018288595125234,0.2385858010722018,0.6472942375597044,0.19546724313783528,7,4,2.7615628123113605,5.847229046467572,ok,30.082001445993008,-0.5504093518520337,-0.6485651636004007,30.059778687158598,-0.6069811542931303,-0.7297479985032869,0.015449728398937948,2.659738174483909,0.007124747725322592,0.0022061770758664027,0.0022639491763764225,0.00012316638293315634,-0.0004825515532719945,0.00421423959171137,1.2265564169989267,0.37980301250839626,0.3897487317585278,0.02120363038375087,-0.083073356000372,0.7254997388346796,0.015151639532666086,2.608419077753459,2.284331304734685,0.32408777301877356,1.1913587972375346,0.37688775810224473,0.7160847493949057
52,1.51312515658487,0.28531516047851035,0.8818018397161879,0.20381873094112118,5,2,2.66786929399375,4.872303603859726,ok,29.686806800521754,-1.1404399749069007,-0.48449064249160934,29.685565899631627,-1.1094896906029255,-0.5706524346481874,0.01318340644241052,3.0722772675897585,0.00670708104740107,0.0018514631256472099,0.0012634958706158553,0.00021140824241943097,-0.00044387484079973585,0.0035938329971266884,1.563026424454582,0.431467246159373,0.29444663319329883,0.049266837080656975,-0.10344113935963159,0.8375112660614791,0.013214518738974296,3.0795255934698025,2.8334863506920076,0.2460392427777949,1.5895581586291536,0.4276893385316012,0.8162388535312533
53,1.1555484833458214,0.22952355659465393,0.7100588504601281,0.2011498649419575,3,4,1.8916074447134439,5.231960145565724,ok,30.19985002941636,-0.22752772129325524,-0.6989307476801414,30.172333095015397,-0.29762082474186663,-0.8671706853215988,0.01711627685044676,2.535948355240022,0.007217016277034198,0.002029350660947384,0.0031391454848328205,6.093973958211639e-05,-0.00037546334585828925,0.005045288033908529,1.0692734592574455,0.3006686860583494,0.4650959375498268,0.009028834583146487,-0.05562866636837506,0.7475101041596287,0.01664994937134493,2.466855554924736,2.060027519904523,0.4068280350202133,1.0274356772685664,0.3026481339940125,0.7299437086419439
54,1.2036156162643077,0.25421983236401957,0.7348437068662075,0.16743338756912085,4,2,2.833196460133089,4.41768858475285,ok,30.0858386381883,-0.5170241374797834,-0.730830567798362,30.06196732886192,-0.5393110259421294,-0.8792636229738104,0.015614717511191027,2.6488764998310175,0.006960280992363131,0.0020487585523609685,0.0025928124584924652,0.00012375744730866423,-0.000502281226775703,0.004391389287441501,1.1807402048533708,0.34755085253942847,0.43984401157737696,0.02099418024181671,-0.08520685289112027,0.7449541035101447,0.015349112338773547,2.6038175152457046,2.226846606777069,0.3769709084686355,1.1500703555283023,0.3470314636536354,0.7297447875951316
55,1.4992758343064287,0.2941485928182369,0.8703520918141967,0.2741191178579739,6,4,2.425152453569752,5.796237516581722,ok,29.62163685754051,-1.1612202888506897,-0.5209580618478801,29.62259084030787,-1.1154661274990403,-0.596322908649617,0.01325533680501007,3.1416896641400984,0.006639135014109656,0.0018923313161426582,0.0012722698439104052,0.0002359624057915123,-0.00048045587092356283,0.003696094095979402,1.5735625702679448,0.4485074822698556,0.30154473457812825,0.05592620257831787,-0.11387437874724299,0.8760230531930951,0.013318588908274283,3.156679071747293,2.9053624561631453,0.2513166155841478,1.6070940852584514,0.4444502627752711,0.8538181081294226
56,1.4537906292303369,0.3265682573451737,0.9,0.22419469326277705,3,1,2.8240627280583412,4.715524501889378,ok,29.516267109600378,-1.2703390487155628,-0.5419987950661599,29.534269729907884,-1.1633664822857865,-0.6304400237150483,0.012716929119534107,3.2217144229780974,0.006404295622915872,0.001918712964231597,0.0012388049087153398,0.00029485538322591455,-0.0005481959992107659,0.003408456239656147,1.6224680804165288,0.48608788901124733,0.3138395759030928,0.0746988389966323,-0.13888030205054075,0.863500340701136,0.012951364014247001,3.2811040383907137,3.0132201425446055,0.26788389584610794,1.6879556378207332,0.48205056285399844,0.8432139418698742
57,1.3855567470993626,0.23751238748365652,0.5564265771544563,0.17588072900060064,3,3,3.0827491969459784,5.195339506964484,ok,30.025357495227055,-0.6313160080158724,-0.6627568395218862,30.009993342594218,-0.6976454077309675,-0.659363175727463,0.014955900395295279,2.7177256540871655,0.0071415739794902094,0.0024762888891579817,0.0019989163346708864,0.00016741386991417438,-0.0005666062802864097,0.003738313602348437,1.297737902876607,0.44998118890339045,0.363234981480478,0.03042177047788371,-0.10296139871228907,0.6793112090610957,0.014727861124772028,2.6762854371680427,2.3882835997015173,0.2880018374665258,1.2643910202748763,0.44359607314322774,0.6802965062834133
58,1.3765021633911574,0.27036799810281653,0.7676246818630414,0.24131528499166247,3,5,3.3966660597423113,4.781190678192037,ok,29.857928327933614,-0.8852648757709061,-0.6196217985729784,29.84269196603354,-0.8766700200555516,-0.7047916728347353,0.014247891510562799,2.8953976574464284,0.0068247306864645686,0.0020225079712390347,0.001733040567822593,0.00019173760673246414,-0.0005155168709604734,0.0039913915492646125,1.386893578438802,0.4110057153194112,0.3521813453319141,0.03896412440858291,-0.10476120901443528,0.8111141029621537,0.014153516960507956,2.8762172693077113,2.582783419118348,0.2934338501893626,1.381123217273872,0.4076327924496756,0.7940274093948007
59,1.561556413865499,0.33,0.8742680043404767,0.23396874206290671,7,4,2.873294840493339,6.004255734843494,ok,29.386531036638523,-1.3532789685132003,-0.5149982146655895,29.41451793656261,-1.2592488501928383,-0.5602788907958702,0.012354718515871997,3.367496951119362,0.006390603330307088,0.0019686053600361545,0.0010571784917582656,0.0003278888442376886,-0.0005441266956671918,0.0031545691851999924,1.7418719174358668,0.5365781939396205,0.2881526878343174,0.08937190125845094,-0.14831135054416045,0.8598336011952671,0.012597826927854574,3.4337580806241683,3.199017991559255,0.23474008906491248,1.8258513449945712,0.531936137451473,0.841230509113211
60,1.460789181293735,0.3087539086522122,0.9,0.29,4,1,2.576519764869231,4.889096230334964,ok,29.5737163537133,-1.199368840980435,-0.535685774223099,29.579864189332056,-1.1234082696095018,-0.6275279971053617,0.013165443156437879,3.1809247090123374,0.006528738653837463,0.001878392336303892,0.0012892319786053537,0.0002548754295211207,-0.0005062548539771075,0.003720459612147158,1.5774194499879253,0.453841509531465,0.3114934915342578,0.06158087820138551,-0.12231708078020537,0.8989064605375096,0.013299510218934283,3.2133146616871917,2.9484586081712796,0.2648560535159121,1.6229736167293882,0.45007454811561054,0.8754104433262807
61,1.1765278331984055,0.2459049051835703,0.6399021436084652,0.1747243798136723,6,4,2.0763193937530793,5.906311212463918,ok,30.130602971622416,-0.3758935408561193,-0.801750579777587,30.1094647666299,-0.4210003295223338,-0.9181606241474214,0.016162560188884244,2.600167295899848,0.007041779786138823,0.002253536809402882,0.0028966177171909245,0.00011938857712229272,-0.0005481224657701885,0.004399359764799511,1.1328530437547457,0.36253988498343026,0.4659961397788833,0.01920675128875312,-0.08817972480769554,0.7077512009017313,0.01585133783447657,2.5500973454046765,2.1565903648604086,0.3935069805442682,1.095966269278302,0.36088168810532323,0.699742407476783
62,1.5285569431966797,0.30292371062879525,0.844756365362928,0.25174141908451875,4,5,3.019715662662602,5.372523335355025,ok,29.556499863300076,-1.2163037647107995,-0.5349522367884294,29.56517234151649,-1.1610487626972645,-0.5839137489581934,0.012937546376369976,3.2053754647256203,0.00657472665928866,0.001957502977861689,0.0011987675844726418,0.00027164020290848957,-0.0005147030544958045,0.003449612006334299,1.6289385102768148,0.4849862435141051,0.2970037819686745,0.06730092525320597,-0.12752159447432196,0.8546675981871414,0.013051645849446026,3.233642248342079,2.9908888732299097,0.24275337511216938,1.6752748063232952,0.4802247010840185,0.8353893658225964
63,1.201477727758261,0.24456294545049662,0.6540322058534547,0.22916353850795113,5,4,2.450773769960074,5.427511886943984,ok,30.09838585757968,-0.41607121459888546,-0.762317245686379,30.07497769966427,-0.46238257522981263,-0.8785992673658528,0.016202121628345924,2.641622608731257,0.007058724366426389,0.0022111374624017217,0.0027484185798009953,0.00011737228466601456,-0.0005225805802392431,0.004589049515290047,1.1508669236584288,0.3605077684069549,0.4481070334614297,0.019136585190777787,-0.08520246343717977,0.7482067614508455,0.01587794948885426,2.588767225063672,2.2102569722619996,0.37851025280167316,1.1142782196459837,0.35892396312120217,0.7370547894948135
64,1.3035351041917498,0.24789081685016948,0.7332819787665167,0.20701783554841913,5,4,2.9622103239567945,5.531364304298079,ok,30.035061760262167,-0.6402851734262284,-0.6232490201305109,30.010993158895502,-0.6745638070824616,-0.7406998015917639,0.01518757504454104,2.711657024677284,0.00702920812425081,0.002031015400804731,0.0021469453533036927,0.00012702689384040596,-0.0004579909543826726,0.004311370226724072,1.2550260019880184,0.36262649979790307,0.3833251478139539,0.022679945152210546,-0.08177173676826152,0.7697711666934594,0.014924399523318525,2.664666663453472,2.3409007351637414,0.3237659282897304,1.2262296491527183,0.3610116410791852,0.753659444931838
65,1.5356495807269959,0.33,0.9,0.2667802410972882,5,5,2.6486965365558826,6.046829721136499,ok,29.4007081770984,-1.3429928517393896,-0.51023107458207,29.425817757878548,-1.2437159727324791,-0.572742111347407,0.01249462886744165,3.352363487946626,0.006389513272273864,0.0019254789708587868,0.0010867519090760381,0.00031342851801062624,-0.0005320108150712841,0.003311467012293617,1.7143343133253977,0.5166144162581856,0.2915802829435114,0.08409424009367854,-0.14274082492238752,0.8884810602482399,0.012735939168190488,3.4171057407850016,3.1747572982955203,0.2423484424894818,1.79520573935738,0.5121670073109601,0.8673845516271805
66,1.190085661355573,0.24362881724326643,0.6217058645516639,0.17650869044221076,5,1,2.3711686841530706,4.5958311740081825,ok,30.131093998938944,-0.3805440632714283,-0.7918143237165096,30.110833581784746,-0.4304609982164869,-0.8957848440075431,0.016123067681223603,2.59950376160412,0.007065839810819838,0.0022959397611514924,0.002842027085179423,0.00012082902622997296,-0.0005512752676141442,0.0043497072654570205,1.1392172711963933,0.3701717417263131,0.45821677639599334,0.01948112570175234,-0.08888148088041334,0.7012983274640813,0.015812984722009277,2.549507683951524,2.1646348901369916,0.3848727938145324,1.1016602034542373,0.3679746867161631,0.694999999966591
67,1.2039147113760744,0.24043598656554085,0.5983695275688369,0.2017319990018104,6,4,2.239515654397759,6.229386883679782,ok,30.123334808853155,-0.374851566627643,-0.7831405656417176,30.103659135336503,-0.4316859406321416,-0.8731922326210496,0.016222083320918006,2.6098407613482264,0.007100898250238318,0.002353440681780288,0.0028037014321418965,0.00012084958243193332,-0.0005541185673037091,0.004397311941629281,1.1424065164158907,0.3786261788462923,0.4510650164654832,0.019442519187167124,-0.0891476880595422,0.7074482184929357,0.015904990506503812,2.558824480713172,2.182199421302033,0.37662505941113905,1.1037317922336554,0.3758159045680668,0.7026517245003109
68,1.4123243422468736,0.23980909948252913,0.6860987770540142,0.19913951474518798,5,3,2.8473483253529297,5.5908620117143375,ok,30.002258197856936,-0.7271157260840434,-0.5510443792542743,29.980537101413702,-0.7816291911394784,-0.6114634124838647,0.014733176561368619,2.7511259774464714,0.007118288864776634,0.002112845067308828,0.0018124811631368993,0.00013657566445551944,-0.0004433276309146832,0.00399631343260542,1.3291980401703531,0.3945315476795584,0.33844459752236333,0.0255027730649614,-0.0827825660575596,0.7462315850667944,0.01448042801051526,2.7039283787494077,2.426196367834549,0.2777320109148588,1.3013046492644786,0.39093452788706606,0.7339571906830046
69,1.2470299682251123,0.23900281025273187,0.7301235295658048,0.2053705627151335,4,5,2.4926067762575914,5.060925664587488,ok,30.111446401718183,-0.4845032950996292,-0.6363103735372339,30.084321434187537,-0.5359881061654517,-0.780026679986085,0.015900500364954342,2.631843233091683,0.007117593909448406,0.0020123926008964884,0.002480393740256753,9.491880292890613e-05,-0.0004190470105854956,0.004614248322009283,1.1781007475565788,0.3330902630376691,0.4105535883063043,0.015710914967946795,-0.06936046123350424,0.7637481804566881,0.015545580203669416,2.573095244307618,2.221225217458431,0.35187002684918744,1.1416634902073195,0.3330539016251089,0.7465078256260024
70,1.1464092852073573,0.26899738590723854,0.6912924181683674,0.23596008885794606,3,3,2.469801559673939,4.141588462488135,ok,30.01934266543111,-0.48259031443908473,-0.8833789167235504,29.997805821301906,-0.4822837416096446,-1.0105391644988897,0.015962581290914747,2.7170606074331034,0.00682396475917698,0.002198420011706208,0.002883537228399957,0.00016413054358748757,-0.0006450297856107885,0.004537558533654903,1.161536815115507,0.3742026620593804,0.49081945272921323,0.02793737593755983,-0.10979333412081627,0.7723576357122589,0.015765338595663852,2.683485218576491,2.267610283893821,0.41587493468267,1.1350721447774708,0.37270521928043787,0.7598329198359122
71,1.4886625066336094,0.25161333622279863,0.6240332035716719,0.1693699393023165,6,5,2.31784365363948,6.411013703163936,ok,29.885814814888207,-0.8632652604894955,-0.6101430436706784,29.87369597713217,-0.9038045552434261,-0.5933875946282684,0.014010321537079037,2.8708751376047292,0.00700367242305827,0.002313105357895429,0.00157602894446346,0.00021028161439142311,-0.0005489129289925229,0.003456146126262975,1.4351325897890725,0.4739817458912339,0.32294635785702935,0.04308910805894203,-0.11247853779685416,0.7082038738053051,0.013874230662199878,2.842986601668307,2.5910050927419737,0.2519815089263341,1.4197536174120293,0.46753723690587473,0.7037142384240694
72,1.3945718647990566,0.2868253159863212,0.776457462762867,0.25300062966175174,4,2,2.1833769940109975,4.235120356489042,ok,29.7549490178919,-0.9941287291398171,-0.6376866283450061,29.747702084646175,-0.9561930383616459,-0.7055030064961658,0.013815985116542143,2.996848237815462,0.006688803156649082,0.002048966487669577,0.001599909050940939,0.00023772493779680766,-0.0005641615717045382,0.0038047430551902766,1.4508793823972528,0.44444471792050794,0.347038924805774,0.051565310393115044,-0.12237322186903858,0.825293124167851,0.013824491797776072,2.9986913698322235,2.711330073892129,0.287361295940094,1.4622152737460943,0.4403339898598157,0.808780810286219
73,1.440290910367093,0.2623455044539871,0.7325531859965791,0.21642075874713648,5,1,2.8829553232220007,5.34681688317316,ok,29.858520342971133,-0.906125550812452,-0.5848532071750998,29.84415867418192,-0.9177581656331474,-0.636894385894069,0.014051404608981664,2.8992538548913416,0.006899867878098232,0.0020734804760753353,0.0015987255884024564,0.00019232932748060422,-0.0004998414340792937,0.0037868427730043284,1.423663263602158,0.4278252908225821,0.32986818429002357,0.03968368712052996,-0.10313326282430871,0.7813466918803565,0.013936348341330295,2.875512088233023,2.6066947858993568,0.2688173023336666,1.4160423733000522,0.4234680876788626,0.7671843249204416
74,1.4267577920624577,0.2804378115826064,0.8675779820191218,0.18257183765858528,3,4,1.951205261839395,4.650297833843178,ok,29.794422272014025,-1.0303690220569202,-0.5277133260912549,29.786314576261915,-1.0001120168062425,-0.6407681957702749,0.013579328161832646,2.954208453697447,0.006740143552955046,0.0018633252073203856,0.0014833843715849457,0.00019218958040405056,-0.0004583539389198078,0.0037586393884880267,1.4663309425896427,0.40536991328667704,0.32271306786266685,0.04181120570736588,-0.09971576391741575,0.8176990881685106,0.013568221767999204,2.9517902027760545,2.677505852390027,0.27428435038602705,1.4778869388093505,0.4025080138226266,0.7971108997580499
75,1.2837305142230175,0.27464766276688257,0.7595820817869713,0.19759448213437267,4,1,2.0567812325152426,4.619470621424515,ok,29.925774027352734,-0.7851764235053593,-0.6991616403266911,29.909508470658594,-0.7647752053810136,-0.8098489949747292,0.014542375727545314,2.8124318704175266,0.006780400121946571,0.002052662511800248,0.0020462069511029204,0.00018858502778262436,-0.0005625112684513349,0.004037032383364286,1.3112997322043645,0.3969759532800051,0.39572747607196623,0.03647151967163164,-0.10878721939943727,0.7807444085889965,0.014453911040710195,2.795321260671957,2.4605334513069517,0.3347878093650047,1.3006996911640645,0.3943899332638608,0.7654438268790267
76,1.4629979297282831,0.2908883279212584,0.7818255196858945,0.22924245554565179,3,5,3.3812630895573887,4.7997211603181285,ok,29.685812731565,-1.0870333393708873,-0.5982364596058467,29.685055859903,-1.0475664524222685,-0.6439162192214389,0.013363867932341896,3.0697722922548447,0.0066606000248854245,0.0020475191528870466,0.001403588202375819,0.00025773347606498974,-0.0005520807412920911,0.0035465078174207105,1.5299855932205504,0.4703292186974123,0.3224138546716403,0.05920315043641598,-0.12681673983057573,0.8146572150594023,0.01341146520610391,3.0807035902712423,2.818043216942069,0.2626603733291733,1.5534191322660313,0.4655461513161062,0.7990779333599317
77,1.1762296922237412,0.2394318714111146,0.6094410364941116,0.18995924101157058,4,3,1.6943674117506666,4.533912144833386,ok,30.149526863521213,-0.3182751186004113,-0.7962132938192756,30.129197797131923,-0.3766583097676397,-0.9037761153663647,0.01646137242339306,2.581114283966193,0.007109577894166706,0.0023176513135055254,0.002976322910096349,0.00010833815403277408,-0.0005348387700487277,0.004484320921640432,1.1147693268591692,0.3634036553380566,0.46668220482202255,0.016987232272027298,-0.08386177977663015,0.7031336444515475,0.016118596862589197,2.5273659365315724,2.1337708450235864,0.39359509150798605,1.0752070615092673,0.3614722132407697,0.6970915702735496
78,1.3502538616295392,0.27913454155496775,0.8095121458840535,0.2107813254171593,6,1,1.8271131264193614,5.217420990998496,ok,29.84934422321924,-0.9162403049280419,-0.6201442987089015,29.836608032824614,-0.8866497755202684,-0.7294904538709862,0.014076472152894863,2.895332976912298,0.00674700660504391,0.001964192471919,0.0017457951669436933,0.0001960598252679174,-0.0005179505870165244,0.003941368670736868,1.387764669076643,0.4040068545001468,0.3590855906852117,0.04032675739916296,-0.10653517434704837,0.8106842795981819,0.014033250285864335,2.8864408558479075,2.581899527046252,0.30454132880165646,1.3884249794515524,0.40121007987603585,0.7922644677186635
79,1.1559865349223242,0.23344527831124692,0.5840933015957858,0.17469483106708744,3,2,1.9571601957430154,3.7754686221368763,ok,30.19041283095386,-0.22583142962581543,-0.8042193835426542,30.17199152721247,-0.29568326748203666,-0.9117516394936237,0.0168220665484241,2.534319777915438,0.007172741527828879,0.002373740675884733,0.003181518502068615,9.248033395338216e-05,-0.0005150588782358416,0.004516644386924331,1.080605683227133,0.3576146798147462,0.47931003247349135,0.01393257711420939,-0.07759593021145882,0.6804527354973164,0.016449638132645928,2.4782100589524743,2.0716911915110536,0.4065188674414206,1.0389577806937402,0.35584344407414986,0.6768899667431635
80,1.133813297960972,0.22784273401603655,0.7003910094986938,0.19719727545518975,5,4,2.5939075043699362,5.541030949232517,ok,30.217486807269516,-0.16347471841320046,-0.7221692620326746,30.19071959157693,-0.23683388878641942,-0.8927951629798657,0.017412698272843932,2.5157389840247637,0.00723513642246508,0.002046380359320585,0.003324255057086783,5.5127055220860303e-05,-0.00036860442172487515,0.0051204038004755,1.0453127061369603,0.2956554329155429,0.48027927142097115,0.007964606043274265,-0.05325495789836135,0.7397819254063767,0.016927430193992475,2.4456270950667904,2.0237313637935888,0.4218957312732019,1.0030864438409515,0.2979719233021525,0.7226729966504847
81,1.3823688467466926,0.2580002536076046,0.6212029291874115,0.2166120889327558,5,4,2.745629001717127,5.034905525102537,ok,29.913022026984525,-0.7698587219356192,-0.7022630465213674,29.89903863003573,-0.7948353120564966,-0.715438853860002,0.014518132279442613,2.837798105652186,0.006937424886386597,0.0023421721371506875,0.0018712115637990563,0.00021273383139321854,-0.0006100533422216294,0.003764643202934683,1.3560291931331026,0.45781451263734685,0.36575783501728054,0.041582185099017746,-0.11924455471139916,0.7358589344768376,0.014378683309771214,2.810538666829384,2.5200747283894103,0.29046393843997315,1.3370616793901928,0.45209410781225706,0.7309189411869602
82,1.4187403602859787,0.2951980199274363,0.883454948349466,0.2651610225348407,3,1,3.351787000712378,3.9083248160889625,ok,29.690137475399286,-1.0945289048718583,-0.5532900049286911,29.68674497783137,-1.0374554642718745,-0.6611321703195622,0.013542838421215104,3.0623623085340754,0.006625155324021706,0.0018739264969759046,0.0014424140521504193,0.00022237841512183824,-0.0004939424633483282,0.003872906596293564,1.4981073628321098,0.423739964608351,0.326164596314295,0.05028512159119151,-0.11169230077889952,0.8757575639670278,0.013601293990021003,3.075578402812988,2.7968293315066566,0.2787490713063309,1.5234847099188975,0.42059223534511303,0.852752386242646
83,1.4137802116936207,0.23797786894969972,0.6384807399104394,0.19839305634985901,5,5,2.863616287093665,6.2808252703456295,ok,30.006589056345074,-0.7020648627484152,-0.5792143894266675,29.98644397291331,-0.76278437793033,-0.6139341271699769,0.014795051273462922,2.745201949736913,0.007138062646774619,0.002227934732484648,0.001844074155407769,0.00014556288519123117,-0.0004759685083601535,0.003915385361964807,1.3244579645639456,0.4133903058838069,0.34216548988680634,0.027008998404286583,-0.08831531929242409,0.7264945102904914,0.014544696444694336,2.6987470869127006,2.421559409518387,0.27718767739431327,1.2945985257354051,0.40875908834041774,0.7182017954425642
84,1.5133595099098376,0.28528774675771923,0.7734727443184072,0.2376025896564079,7,5,1.8965314945996414,5.589161252198384,ok,29.667186362250067,-1.104495229724796,-0.5713913353605556,29.666124301331337,-1.080013311913838,-0.6001875006145447,0.013306811495267258,3.097120097160103,0.00670891276082045,0.0020497462189028783,0.0013181759762279305,0.0002535704212307594,-0.0005284944347752178,0.0035049005528604575,1.5614791378852075,0.47707222807656785,0.30680146848260187,0.0590177480096155,-0.12300547999509495,0.8157549947012053,0.013331094667065219,3.10276979386257,2.8564788222330852,0.24629097162948407,1.5843976224335556,0.4719208053267118,0.800160394472818
85,1.5951162112609927,0.33,0.8527534091522097,0.21639877116288997,3,4,2.4127038634627143,4.468492939776379,ok,29.357632051649958,-1.3677160860861945,-0.5161946133520365,29.38857320260749,-1.2800972861224333,-0.5437053152005829,0.012236475584177666,3.400249267808358,0.006392827772547468,0.0020065959209814863,0.0010185854034740175,0.00034195368942529933,-0.0005519132030454457,0.003028426000794842,1.7764271912524132,0.5575891737917492,0.28304263335769686,0.09502146055815303,-0.15336462297817424,0.8415334318265202,0.012479148480679072,3.4676803752503185,3.242096474816596,0.2255839004337223,1.8644898206933362,0.5528590504135791,0.8247476037096806
86,1.4396765161238274,0.2821595405402189,0.8704523738418426,0.24438555944444346,5,2,2.382923731794485,4.653778531969579,ok,29.747866215992463,-1.0494442143545388,-0.5289005514533287,29.739575499494485,-1.0178336112393276,-0.6350900662214343,0.013667308345351894,3.009264660300991,0.0067290598924460866,0.0018633914808988314,0.0014485756567871409,0.00019795779045834753,-0.0004603093696898551,0.0038886328944513445,1.4816027867164818,0.4102810875472647,0.3189470392847572,0.04358629863356874,-0.10135080617276002,0.8561982542916788,0.013657491448649356,3.0071011062407633,2.736843134604448,0.2702579716363159,1.4958441885163651,0.4072817759295483,0.8337171701585342
87,1.5017184655772007,0.33,0.8725984587436607,0.25071220750178985,4,4,2.9265716984015016,4.9692923501734825,ok,29.439027407547307,-1.309774006972324,-0.5441384558509805,29.46198678128056,-1.2066533610313948,-0.6044242871125608,0.012576511769908332,3.308382167701759,0.006386570908364962,0.0019725886241798206,0.0011565667215558673,0.00032202444743505045,-0.0005645284182391895,0.003303289486611823,1.6800538728515395,0.5189099448117824,0.30424689988427583,0.08471187869495381,-0.14850506930961416,0.8689646407688218,0.012818587818218494,3.3720604652642567,3.119493589848833,0.2525668754154228,1.7551275191822464,0.5144906014848628,0.8498754691817243
88,1.2944721532615633,0.22582483857246322,0.6730810905706763,0.1825688333158965,3,3,2.042736223891428,3.8159569812342204,ok,30.15484507238512,-0.45758393254315294,-0.566492018440536,30.129302837315524,-0.5350324937921445,-0.6746842856980564,0.015871223683466704,2.5840155887726706,0.007264648179813169,0.0020995327808727066,0.0023639002385956536,8.152774993126423e-05,-0.0003836182276492954,0.004445232961903207,1.182767284865456,0.34182779747259495,0.3848698240701989,0.01327364423446466,-0.06245740720142135,0.7237344453313774,0.015484036631197745,2.520975399231455,2.194095266436506,0.3268801327949494,1.1423465814009413,0.3408670455296071,0.7108816395059577
89,1.5966079173423822,0.30103557560334193,0.8906773383694131,0.27088436985953024,5,2,2.116016738245769,6.107340896536586,ok,29.497683535856005,-1.2728733820240357,-0.47303598985470896,29.508900066993075,-1.2271053079487197,-0.5238310102381358,0.01278382678595852,3.274604811171278,0.006594160723016714,0.001874628233648208,0.001071087909555751,0.00025670438177512016,-0.00045981580651668875,0.003447061344479417,1.6891084955050226,0.4801900663895506,0.2743614788078238,0.06575538120814182,-0.11778281085019045,0.88297220011093,0.012894716727896511,3.303007233024926,3.0791815602322177,0.22382567279270835,1.7432136365934099,0.47544824487458415,0.8605196787642234
90,1.2816876684496235,0.2808226009685537,0.755396701657456,0.25580020069672865,4,1,2.075673239045772,4.526852418215781,ok,29.87117554723167,-0.8113071691879593,-0.7246452371411991,29.85578835765149,-0.7799616389365905,-0.8254063917562177,0.014600606884442261,2.872075765858363,0.006730549227054835,0.002079737533816493,0.0020305877144050984,0.00020757110711416057,-0.0005956911008047207,0.004147852402856395,1.3239619064423125,0.4091038007868781,0.3994355721752169,0.04083117579654937,-0.11717800418157648,0.8159213148389828,0.014541438408556645,2.860434802884222,2.5236321147016136,0.3368026881826088,1.3177199720893396,0.406204574202809,0.7997075684094648
91,1.5151827925774397,0.3033365718280854,0.8420652987799098,0.25710174651002915,5,5,2.164718130437331,5.253243612384899,ok,29.564198173099783,-1.2060321440717219,-0.5441782797955941,29.572108639584968,-1.1486568650433362,-0.5954853669799018,0.012991233981609479,3.196527986519852,0.006570911684780389,0.0019635034911827365,0.0012241640700641806,0.0002721766371876783,-0.0005217677427382744,0.003482245841132769,1.6167904547854688,0.48312530357624067,0.30120885480098275,0.06696979203660583,-0.12838235339977735,0.8568159347203315,0.013105146014285432,3.22455412592329,2.977720439618343,0.24683368630494684,1.6617561255529925,0.47842798166611866,0.8375363323992322
92,1.5448222858308498,0.27173094376804874,0.7418016082886567,0.19792410035949537,7,5,2.647371075664573,6.64471804018237,ok,29.72918575049247,-1.0615581639270775,-0.549194648355283,29.72425270867001,-1.0638815630581244,-0.5622141167390734,0.01336322660931656,3.0366943286073917,0.006822978877717155,0.0020798897273561446,0.0013106148841862612,0.00023263745835820114,-0.0005031111076034635,0.0034202167693022606,1.5504714443536154,0.4726395446132601,0.2978275308915382,0.052865140364039505,-0.11432827503304288,0.7772189434179814,0.013330576313985192,3.029272703293946,2.7932189954938385,0.2360537078001071,1.5620764143077381,0.4671155122004232,0.7640270689856773
93,1.4758052774652883,0.29580902295163575,0.8898504534407683,0.19966746063163024,4,3,2.68123380815605,5.092002485170221,ok,29.66598318206075,-1.158114721918272,-0.5111793770475183,29.668426946468003,-1.1050156318029505,-0.6056559849664325,0.013108431552465032,3.084713201589454,0.0066221752725163065,0.0018633265241558255,0.0012991449929611381,0.00022875446757880246,-0.0004742774267747455,0.003569307722027706,1.5583490217431015,0.4384832697131023,0.3057184755114699,0.053831148542725776,-0.11160830597714147,0.8399395920561958,0.013191227107988463,3.104194746962154,2.845807366813101,0.2583873801490528,1.592125578700509,0.4347618121394383,0.8189199759731537
94,1.3914801258635068,0.29063689562163264,0.7223924191513406,0.2602084248121418,6,4,3.496583604460467,6.347346263333347,ok,29.729528715151172,-0.9867411124092365,-0.6944139642425584,29.72496589904774,-0.9461001570959511,-0.7306888286639844,0.013803674602188868,3.0220706229425094,0.006659146765695574,0.0021778641410547415,0.0016323174130919381,0.00027323677011878206,-0.0006361283170798797,0.0036972378293077105,1.4579025074439282,0.47680486762545043,0.3573670521500434,0.059820362322415804,-0.13926905370285392,0.809444887103525,0.013834721727335204,3.028865755239353,2.739895578954263,0.2889701762850901,1.4707260551791044,0.4719136304536761,0.7972558933214824
95,1.3298146972109812,0.2757030903060593,0.8223932183016148,0.20913559350780642,5,1,2.3048859650118185,4.778538810942344,ok,29.88249797561941,-0.8748085094595661,-0.6173756839961133,29.86694832932697,-0.8499546979055601,-0.7442006110205824,0.014270376103562445,2.861594368309302,0.006774539824778515,0.0019319132391560686,0.0018264035229017706,0.00017933983146444397,-0.0004999256883089282,0.004058105373570576,1.3584775110190532,0.3874005846174646,0.3662430476580961,0.03596246153625047,-0.10024855153473149,0.8137593150131694,0.01419730923930022,2.8469405343374303,2.5336951447094886,0.31324538962794163,1.354324093604804,0.3852777104330819,0.7940933406716029
96,1.248644400717534,0.28474294515219567,0.8441949426371477,0.2099344614830693,7,1,2.4695410349389637,5.136144581767797,ok,29.89830315233141,-0.8171847368131042,-0.6834525068787366,29.881777122793324,-0.7703725672272834,-0.8406484467580609,0.014569584624389571,2.8362080950094994,0.006694782884631117,0.0019193274190378226,0.0020805621526285107,0.00018053268002198405,-0.0005369080548547288,0.004231287542924866,1.3032490562521692,0.3736284940983234,0.40501547378208835,0.03514364078952344,-0.1045179399902478,0.8236893700776431,0.014527922876727209,2.8280960052241064,2.4743574794734036,0.3537385257507021,1.2992020000829783,0.3724892214268618,0.8026662579635636
97,1.1154986083075915,0.21695467489624765,0.6274354145649496,0.17132973591048237,7,2,2.2236322058816054,4.773933069090793,ok,30.2803859138036,-0.019197055878937934,-0.7191099874027506,30.259358286115532,-0.10790484480267912,-0.8646431652155895,0.017935530671117483,2.4377051850449996,0.007362402074683882,0.0021893954138192907,0.0036086126952392245,3.8987224066938334e-05,-0.0003325101272334011,0.005068643390541549,1.0006598656567514,0.2975713766292758,0.4904640982923191,0.005298943198348382,-0.04519306822307321,0.6889039694913784,0.01743613649497224,2.369828461278787,1.935229828764868,0.43459863251391934,0.9578526361774996,0.29952731678355043,0.677849875803818
98,1.3987724020072185,0.27362926234415286,0.8473056377413049,0.24839635594283394,6,5,2.107941266725014,6.305579105989965,ok,29.82227872836393,-0.9530643032692359,-0.5531382500217006,29.807737491818838,-0.9351546273541693,-0.6692610043618414,0.01407240168180451,2.9340368274407584,0.006798058441456445,0.0018818156689863635,0.0016084583974813214,0.0001781324177123458,-0.00045929506467143577,0.0040652318208394675,1.4173667205731781,0.3923506875446905,0.3353568410229879,0.037139863226393045,-0.09576109784800965,0.847583812921518,0.01399865241186008,2.918658402291511,2.6337693556780044,0.28488904661350667,1.4184196350750828,0.38992529283561056,0.8254244277673108
99,1.2371371343037103,0.27046828921363647,0.8170596294168994,0.2110734699648615,3,5,1.9765616711437413,4.73919375337467,ok,29.971201941286232,-0.7038225368416358,-0.6865967156477292,29.94925789585271,-0.6879469376425615,-0.8482189044549239,0.015039371932777126,2.7687153576365913,0.0068144418630776095,0.0019309375577038468,0.002248228258510493,0.00015059987119749705,-0.0005052160530436685,0.004400380435331349,1.254523787586169,0.35548136548177756,0.41389388696773427,0.02772510568302745,-0.09300916628958251,0.8101003782074657,0.014889179860390015,2.7410634380301238,2.381948343746502,0.35911509428362237,1.2375959689446334,0.35493025740736334,0.7894221173945051
100,1.1378829816106772,0.21647383302578385,0.55,0.15042691220324347,6,1,2.298930790958086,4.815470178036593,ok,30.279300170419706,-0.051340156169243784,-0.7321704134841701,30.264497496580187,-0.14389164085574246,-0.8387245669016762,0.01757244679217831,2.4307092062070677,0.0073685972627226615,0.002420625052458123,0.0034698276146622313,5.0527851022315395e-05,-0.0003947173932932726,0.004657586404606253,1.0192614275721987,0.33483302976364027,0.4799640042538142,0.006989266440941457,-0.05459929474107569,0.6442607729175486,0.017141798017999012,2.3711380682909184,1.9530767129719933,0.4180613553189256,0.9758842981783914,0.33405907225044523,0.6431333425431563
101,1.2946216187268118,0.29436302082575,0.685426811988964,0.24235607692356048,4,4,3.3461348328021345,5.221557404730558,ok,29.79393075813498,-0.870178412803102,-0.8032684774621751,29.78755751719656,-0.8199006747013176,-0.8482202936590367,0.014206563870150788,2.9435868596671404,0.006623593100793898,0.0022825025172406896,0.0019687658606799096,0.00028403635818452256,-0.0007345410549570075,0.003782207088208775,1.3724023482021557,0.47293240493033817,0.40792646062957794,0.058852070019292824,-0.15219622542227987,0.7836698013080554,0.014248985507476351,2.9523745491842597,2.6209731794491677,0.33140136973509216,1.3770752788269638,0.4683720476637029,0.775525852958501
102,1.3122930460716846,0.2613047159113083,0.6462445091118874,0.1717402980954695,4,1,2.0510081972770253,4.999557247315469,ok,29.973305607082644,-0.7082176393764192,-0.7344755127608429,29.95838962246667,-0.7225460515326312,-0.7847652644619195,0.014653170611354675,2.764935840392862,0.006900215452336896,0.002282279957159907,0.0020867260647073147,0.0001972599888231818,-0.0006125634292067779,0.0037992525775341545,1.3020153464817343,0.43064793407044916,0.39374848204663104,0.0372213787335605,-0.1155858090272515,0.7168885080877382,0.014513340312585252,2.738549096782311,2.4183465570283995,0.3202025397539114,1.281212189404157,0.426069628805263,0.7110647388189794
103,1.3076173415300087,0.22817470691717354,0.6811128550503872,0.17366792624039562,4,2,2.727288214832933,5.189907262693811,ok,30.140551068028838,-0.49881331803933215,-0.5633537771271795,30.11525694221462,-0.5720537528565546,-0.6694725160911299,0.01565556680163733,2.5991146569796015,0.007238070203418055,0.002087680947044663,0.002281842909876303,8.809722628511518e-05,-0.0003915101843288881,0.00435138569934208,1.2016539926222085,0.34659378464619695,0.3788282741295714,0.014625774651157586,-0.06499795704232028,0.7224107879727875,0.015288357025020833,2.538149269667216,2.2175077400040033,0.3206415296632129,1.162591792231734,0.3453908800475317,0.7095250677247377
104,1.4636989961955535,0.32469877706832206,0.8427206207050263,0.28420330532932336,7,1,2.238849670981424,5.0955104054471985,ok,29.487542344118495,-1.2469859149311144,-0.5882802600838617,29.503544329291238,-1.1489475524128754,-0.6453251701437706,0.012886235272142952,3.2616828665720488,0.006419544491802746,0.002015153300396743,0.0012631894051289311,0.00031931851881910993,-0.0005927046357593007,0.0034617341917547203,1.624874747194334,0.5100629357302688,0.3197305615590554,0.08082389618191826,-0.1500216715407252,0.8762123974471971,0.013096710597627726,3.3149547736262903,3.05005708179756,0.26489769182872996,1.6868533880021273,0.5056722656066055,0.8575314281888274
105,1.5473126812763598,0.3275519668338286,0.8375070873171563,0.21611603862900802,4,2,2.930210618092198,5.2247838181792385,ok,29.418124741250846,-1.322301673172226,-0.5464601319896969,29.444017761877134,-1.2318410258138255,-0.5799983812150848,0.01241105471207547,3.334287543514101,0.006405027588403191,0.0020294774818078033,0.0011035509161287321,0.000338478057130332,-0.0005744168893146337,0.003108937557920044,1.7207404365962689,0.5452285598942879,0.29647408368134437,0.09093370352678029,-0.15431976759899524,0.8352305274144147,0.012643149680473868,3.396638595183819,3.158084803016858,0.2385537921669602,1.7983616084920238,0.5405021992654885,0.8192209952593461
106,1.2705462656846809,0.21392951028335233,0.55,0.18173925885159367,7,5,2.5445269935330033,5.184283674667743,ok,30.213595695092117,-0.29626500764738284,-0.5875510927034857,30.195324646488007,-0.39597243093511725,-0.6497293021819596,0.016518531376412193,2.5104035100630893,0.007407209770766098,0.002409115075923391,0.0026291961915991613,6.83543217667189e-05,-0.00039740416798688825,0.004402060184343712,1.1257105722399672,0.366125220513252,0.39957204412615455,0.010388146826187378,-0.06039549131181135,0.6690030176693395,0.0161231357339091,2.4503115759353675,2.1117952900592116,0.33851628587615584,1.0813918273843073,0.3631796234305179,0.6672238392443866
107,1.3531934839148452,0.3165659100051513,0.7528235149006174,0.2192005632928383,7,5,2.719341066536307,6.945553900513861,ok,29.65117549350453,-1.0753310887074434,-0.7194937081456148,29.657710657832993,-0.9833317449229144,-0.7691204056094968,0.013355718854559915,3.0809257708923448,0.0064648834670496935,0.0021805004298675592,0.0016157935334441985,0.00032652962594320926,-0.0007064463734216155,0.0034744581716768695,1.4913331357412407,0.5030024996016706,0.37273470577211154,0.07532455201277297,-0.16296455932695733,0.8014954370915058,0.01353260282968468,3.121727593238705,2.815754442026397,0.3059731512123084,1.526736776158684,0.4986025398766266,0.7904151259910863
108,1.2309571091233125,0.2056610447916374,0.6255448856680206,0.18556787527702767,6,2,2.9076127690528963,5.873359214347666,ok,30.27526091293637,-0.17690163214217375,-0.5115478214233911,30.252151174337175,-0.28090403909069517,-0.6183682681594681,0.01720584947974533,2.4454171864507432,0.007511668523550058,0.0021520207489025274,0.002869540807323679,3.433063801634176e-05,-0.0002716279416721648,0.004909916703624889,1.0676115310688097,0.305860430265878,0.40783946271945015,0.004879313417556645,-0.03860568684314584,0.6978321358221948,0.016717513568177286,2.3760097908764086,2.0167115655204744,0.359298225355934,1.0234807313502619,0.30692254397741014,0.6863082901928025
109,1.3330953100726919,0.2887695522851497,0.7505516407944471,0.24849204820340007,6,2,2.6819595626431156,5.530896463204117,ok,29.79560497103857,-0.9215338056537921,-0.7038975902722117,29.786628951012833,-0.8776667904671741,-0.7769219567837361,0.014085467156378805,2.948454050262077,0.006669276019385157,0.0021104448662335362,0.0017996928490990407,0.00024300522938536224,-0.0006167405925705789,0.0038797887848462873,1.3960526600473282,0.4417709149875875,0.37672244812631045,0.05086730492226974,-0.1290998216770009,0.8121405438555818,0.014094697133987736,2.9503840912355166,2.6373504722847256,0.3130336189507907,1.4018620755635625,0.4378574034077541,0.7976309933134089
110,1.482907240818389,0.28173999912471637,0.6592769572485877,0.2435298822956296,4,5,3.063443146106035,5.96853225027153,ok,29.69457584621611,-1.0122992522370076,-0.6810643432884672,29.692435079549988,-0.9994791091968115,-0.6598088522807222,0.013602101466454639,3.0692258719790733,0.00673703774347754,0.0023098316394737153,0.0014735095917532935,0.00029528448937854744,-0.0006464299265105586,0.0034328679288820984,1.5201688205146384,0.5211985107795556,0.33248787128753277,0.06662902762708119,-0.14586271538708595,0.7746043571573508,0.013606950301356634,3.0703178644201543,2.8143605782423626,0.25595728617779195,1.5316950534555893,0.5150563207358185,0.7676092040509546
111,1.3696914334556207,0.2509968737901471,0.6466362081156576,0.22972043064108882,3,5,2.657988299021643,4.524257873702182,ok,29.957242792990513,-0.7237373427344561,-0.6611617930517731,29.938899744622095,-0.7591450250093158,-0.702036067701684,0.014789917767140975,2.7949019883608974,0.007003841496030073,0.0022482655003830403,0.001929369713738094,0.00017594045791622114,-0.0005456356490704387,0.003978136248143986,1.3235401867418934,0.4248625189346445,0.3645996775715876,0.033248077738178686,-0.10311065852547698,0.7517621859000703,0.014593295422952962,2.7577436826549,2.4625299229429043,0.29521375971199576,1.2993145943677398,0.42016144649422843,0.7430538820809361
112,1.1737278364341097,0.20595641373226042,0.55,0.15582987129775022,7,2,2.032364719042861,6.284332445256585,ok,30.307722063885937,-0.049125886442935134,-0.6056200409862506,30.292268250421056,-0.15164183942106663,-0.6991780743211504,0.017631204478938577,2.397934922314488,0.00750460171765719,0.0023780640946997364,0.0032744306514260095,3.365852278635636e-05,-0.0003056603024649416,0.004746109794834227,1.0206646153034022,0.3234290060554037,0.44533948994414363,0.004577733036862878,-0.04157138070297155,0.6454954586776471,0.017182021954090763,2.3368421674325948,1.9433485298676492,0.3934936375649456,0.9773007794448628,0.3231899830703478,0.6428577673524386
113,1.471591471680345,0.33,0.9,0.2861173356162522,5,5,3.317821874308481,5.569111077068866,ok,29.455362837046945,-1.2943700534342686,-0.5416583799860955,29.474951196778466,-1.1853219796017758,-0.6212906644612471,0.012752087821597525,3.2909201426961396,0.006385318329026667,0.0019268878346714105,0.0011995090134736498,0.00030610825860779883,-0.0005523638929348184,0.003486628278752814,1.6478535123425953,0.49727025696109833,0.30955624122195585,0.07899709037385255,-0.1425480663863185,0.8997911081829554,0.012992038983810492,3.3528418187598263,3.090301978078265,0.2625398406815621,1.7191795442379196,0.4931695768804737,0.8779528569598714
114,1.241133951028533,0.2777111065292077,0.8248895858393115,0.20973759259348626,6,5,2.2199309232139806,5.747381742895159,ok,29.936092317505224,-0.7577200281641958,-0.6923119414531864,29.916831455248843,-0.7264131220485069,-0.8492178129804784,0.014804476031029965,2.8009235675564814,0.0067523999510388545,0.0019357778928090746,0.002173466774462909,0.00016728978613850392,-0.0005277828453916208,0.004303324471972243,1.2775160782989332,0.36623828564816474,0.4112076846984904,0.03165028627995425,-0.09985354477328055,0.8141647774042189,0.014709770219986045,2.7830038432808912,2.425645987271291,0.3573578560096009,1.2666372135422537,0.3652959379323415,0.7937128357966959
115,1.262271715994184,0.293526155410613,0.8351111972345926,0.2178290675007463,3,4,2.5148268051304696,5.271573227130838,ok,29.844434728863728,-0.8837350214789184,-0.6927242176662863,29.832436758019174,-0.8204645125758782,-0.8316435754009359,0.014285259030079434,2.887490639372335,0.006626335158347348,0.0019575953442094516,0.001975047164383925,0.000208478709625268,-0.0005732900128402116,0.004091092666353652,1.3393863354373752,0.3956902860621229,0.3992178361952843,0.04213996549056886,-0.11587956103814184,0.8269357772251255,0.014308997073610932,2.8922868357821496,2.545118686604251,0.3471681491778991,1.3441977368733509,0.3937544475041965,0.8071665022267032
116,1.392611232403554,0.2678898834989862,0.742824428315692,0.2216008375889047,4,2,2.7712607382223444,4.7038631392337376,ok,29.86558454088248,-0.8842942280284969,-0.6208365276263146,29.851192317548204,-0.88251302409186,-0.6897381203239721,0.014165378380796165,2.8871045993682536,0.006846956734839822,0.0020671268760528564,0.0017069280169087506,0.00019634922423278814,-0.0005235854711981,0.0038716029999600462,1.39550668887395,0.42130971378926907,0.3478960883310202,0.04001875086749428,-0.10671412943742818,0.7890874869439481,0.014067220098927257,2.86709657663499,2.580326158791877,0.2867704178431134,1.3886160840945203,0.41740365280381564,0.7743064218935408
117,1.5076285521328892,0.3135770263028411,0.861123830801582,0.2468330789062679,6,5,2.7388604058912254,6.514463512489178,ok,29.521813905262547,-1.248288145157249,-0.5410802518787432,29.535453930817578,-1.1724384231099143,-0.5994425158028228,0.01280955932809429,3.232696627214279,0.00649683374061073,0.0019540425187364536,0.001197405719255703,0.0002882112360070998,-0.0005337537152667852,0.003406819828751086,1.6395796282219806,0.4931337993726595,0.30218443358588787,0.07273470278731449,-0.13470126418179673,0.8597653274282331,0.012975467806229709,3.2745640217396184,3.02488918486661,0.24967483687300887,1.6959883605419739,0.4885519578401776,0.8403488664844583
118,1.1276899889040726,0.2318914148896749,0.7094792900397578,0.18873394964581783,4,1,1.6045765694026912,4.560224969884606,ok,30.207363007771878,-0.18415881788547708,-0.7449430360472976,30.180475268505557,-0.2513612492625748,-0.9206945937137316,0.017285448364663007,2.526310730867334,0.007188985289768662,0.002039216610417154,0.003327914889440659,6.11827495936495e-05,-0.0003894134015385715,0.005057562226981453,1.050687855960863,0.29803651584713775,0.48638293431800267,0.008942009115504893,-0.0569137250186465,0.739175140644472,0.016816793204860618,2.457813934653834,2.0314048707778958,0.4264090638759382,1.0091674778055926,0.3002767077245125,0.7219606852477906
119,1.5914268521875201,0.32101376473305027,0.9,0.29,3,5,2.513756471144962,5.489460614705551,ok,29.384857677237527,-1.3469026604253593,-0.4868662851486352,29.40771810865438,-1.270084656420337,-0.53482748722219,0.012517660160304386,3.38210253202418,0.006453570424879316,0.0019050320330153867,0.0010262625836025363,0.00029926771546736524,-0.000498595230014755,0.003332122633354537,1.7436674741975062,0.5147138985990685,0.2772822746483169,0.08085809051159412,-0.13471368996225222,0.9002944840299468,0.012716126627002389,3.43572312052808,3.209299132191065,0.226423988337016,1.8212745720989356,0.5099824359852203,0.8780421241069083
120,1.5465805785982796,0.2989250395358564,0.9,0.20546560571893374,5,1,2.4479643974429206,4.893187090184073,ok,29.583500650863286,-1.2335956694495416,-0.4760707608027447,29.59210971938119,-1.1835360622079567,-0.5504320441883108,0.012812624830685109,3.1752518430815586,0.006603927500027255,0.0018539038865126216,0.0011494605148928542,0.00024143992131977666,-0.00045813308519274094,0.0034220260931253437,1.6365993106907573,0.45943839067599557,0.2848617411884253,0.059834153055669734,-0.11353551222783342,0.8480537596985445,0.012919588458669288,3.2017575898473742,2.9648325852139514,0.23692500463342359,1.682918459697548,0.45512971117114676,0.8267844143452565
121,1.138810309094545,0.2,0.5522968444406566,0.1799850319083426,3,4,2.304646572101675,4.294316321289422,ok,30.33323302522372,0.07899614510017591,-0.5872888461936456,30.318566096174674,-0.023019179775694232,-0.6867479330512909,0.018438227504689642,2.3667045780940015,0.0075854862357060265,0.0023477408466323693,0.0035887370069727716,1.839039677035456e-05,-0.00023279894380153374,0.005130671962409655,0.9736621915825889,0.3013526657315558,0.46064516243861087,0.002360565093271198,-0.02988174030992965,0.6585657335579045,0.017965577288908706,2.3060342816673116,1.8887586714627693,0.4172756102045419,0.9324667207368265,0.30264130940153,0.6536506413244128
122,1.1602286828416506,0.23536133692832126,0.5978121249232019,0.1547781172525322,7,3,2.8920932820072554,5.12473912613978,ok,30.191270207955895,-0.25500913359991056,-0.7987051019737164,30.172348718393486,-0.3209794946162887,-0.9090436411131584,0.01661053707712819,2.5323938968638906,0.007151037824610962,0.0023379016287129175,0.003120678828581461,9.592089300216703e-05,-0.0005158321712988084,0.004420830073519494,1.0902263099140292,0.3564296439380598,0.47576956620227273,0.014623818777954822,-0.07864226402419233,0.6739868220557665,0.016248378970808573,2.477178624335257,2.0737181971207748,0.40346042721448233,1.0491963035504714,0.354797441722576,0.6697244518477271
123,1.3535552034390803,0.23866445167353212,0.7329261827770208,0.21804303583673387,6,1,2.435437238186034,5.892615460779496,ok,30.041586344840535,-0.6518604973156947,-0.5502780903047687,30.01587039936499,-0.7047136208202415,-0.6580730828458483,0.01518084242716056,2.710886900083008,0.007127414666259112,0.002004365354709644,0.002004468972188216,0.00011178183985655615,-0.0004077773033771963,0.00434058889752423,1.2727630329429132,0.35792531337662487,0.3579438166491954,0.01996120615758169,-0.07281797141235319,0.7751115023690462,0.014878265242769384,2.656852987151106,2.355766546438139,0.3010864407129667,1.2413130337678986,0.356339101326982,0.7581144113432587
124,1.2764795538271279,0.24233043704327575,0.6532852479334582,0.20804157108349539,7,5,2.8943036244246167,6.357478144890833,ok,30.07454449793319,-0.5355496943056834,-0.6829197309261119,30.052147589602157,-0.5848983529193721,-0.7730403014536489,0.015565094561820165,2.6673364610456067,0.007084636255442896,0.0022032777660688212,0.0023559065336466677,0.00012736193301175414,-0.000502081266908136,0.004295993340558161,1.2140696301159282,0.37756809609509007,0.40372356049962105,0.021825574288819084,-0.08603993148342527,0.7361895315295736,0.015273469901505226,2.617359947333234,2.28058680708621,0.33677314024702387,1.1795949536805888,0.374902366893026,0.726089486512595
125,1.4717591472027196,0.27012048615703094,0.6432187482542469,0.21717468057309158,5,5,2.825359814634571,5.747733169292097,ok,29.77793404178651,-0.9428957002969401,-0.6696075326246989,29.77106620179553,-0.9496183573719856,-0.6521223462182745,0.013813203754912731,2.9825237088563727,0.006833653862441711,0.0023180099705993693,0.0015466829486699995,0.00026224052274929715,-0.0006190219444097762,0.0034716383948621295,1.4755110417886612,0.500500811929257,0.3339571794017384,0.05662253235383547,-0.1336581764999957,0.7495903198828764,0.01376163895209295,2.9713878759094166,2.7126289680913613,0.25875890781805505,1.4747020772127837,0.49418383505832053,0.7437430558202573
126,1.2282103627914944,0.20526437435506856,0.5839240451984846,0.19229651247800153,7,2,2.8730022731097273,5.194848514117219,ok,30.272830995395413,-0.1598787818443037,-0.531330706682971,30.252493661590655,-0.26523065272010377,-0.6233474091846993,0.01727808922714725,2.445086430109981,0.0075173437487220315,0.0022681696090919427,0.0029076627174020133,3.674684633861864e-05,-0.00029205380935257077,0.004840220114945214,1.063807169232168,0.3209770860347754,0.4114741254192613,0.005200182390001923,-0.041329616760394594,0.6849574837941688,0.016810681686508074,2.3789402178055044,2.017980131493736,0.3609600863117683,1.0196446124292151,0.3209141017946806,0.6774214172698403
127,1.2142945428708412,0.27990425194346763,0.6561687024558087,0.1955332368007234,6,5,1.6853338106010796,6.4116463454625805,ok,29.9421988712982,-0.6627281150786912,-0.8684346521859067,29.929070991581348,-0.6407499808358413,-0.9389813191366246,0.014933036746731305,2.7871166577771818,0.006732738759206774,0.0023190181217710836,0.0024291117234424924,0.00023087559508949674,-0.0007332756925779192,0.003954568239799378,1.2566049803871762,0.4328238218720053,0.45337179991138393,0.0430908480211841,-0.136859296082183,0.7380845036676151,0.01487194424632324,2.7757123807814894,2.4029069427548455,0.37280543802664345,1.241572315833608,0.4289894189639806,0.732345207957257
128,1.5548642749518606,0.3106464733630973,0.859557992241715,0.29,7,5,2.8397523909007547,6.408242488405407,ok,29.474495531893584,-1.269727603832834,-0.5243162917401464,29.488325882144014,-1.2055016856975764,-0.5674952830498817,0.01281060083973359,3.292511243107929,0.006522336587958936,0.001950014764054422,0.001127618890294918,0.0002882745986602291,-0.0005161636832252625,0.0034385196819903463,1.6763356235862235,0.5011822329958069,0.289814499779084,0.07409077599602805,-0.132661594219067,0.8837497049698534,0.01295771756114139,3.3303200912019277,3.09447732513096,0.23584276607096744,1.7350681029123707,0.49637045827765447,0.863038763940935
129,1.4367806899908926,0.28615053191866124,0.75206747504261,0.26506179620011505,5,1,2.3399700356332387,4.308443426540745,ok,29.71547747838465,-1.0259022558722866,-0.6336683632243123,29.71032306755283,-0.9945435854135077,-0.6744270210958702,0.01368509151532606,3.043016205510307,0.00669768468039081,0.002097960434913429,0.0015063440011644231,0.00025384004956290003,-0.0005736519091019641,0.0037029142583964595,1.489296801486662,0.46650236827509506,0.334950570223305,0.056443859623619065,-0.1275572073277152,0.8233798132293408,0.0136964283092941,3.0455349558089284,2.7737621601656186,0.27177279564330925,1.5036870620869744,0.46168999637775837,0.8083851017008858
130,1.286163000255441,0.23121516823305807,0.6814059595802324,0.15241895758097074,3,5,2.215303236815927,4.244570050382262,ok,30.14909136363299,-0.48736033873017975,-0.5943477540129106,30.124645238316802,-0.5548459615234371,-0.7058241164681298,0.01562305280088679,2.58662090090626,0.007201903210850402,0.0020964483638461666,0.002357507405579943,9.208542872797774e-05,-0.000409348648107611,0.0042844570399899135,1.1923785708790644,0.34709715346333747,0.3903192293485842,0.015246066031549285,-0.06777355120330691,0.709353432387032,0.015268326998965182,2.527889204945016,2.1970691442741206,0.3308200606708952,1.1538205483926918,0.3459359979139785,0.6973125979674505
131,1.4118448141954862,0.3184267512089182,0.784289842224466,0.2146190005207364,7,4,2.2164348337982442,6.614877733068555,ok,29.593472817659446,-1.1569749169076293,-0.6541991551573321,29.604713768264904,-1.0657144540276258,-0.7023039724492254,0.013039246375316407,3.1444664053346916,0.006455902238959224,0.0021150409019904453,0.0014286941034066503,0.00032432322417159216,-0.0006511768963720043,0.0033664628031604984,1.55686664107838,0.5100505712360508,0.3445352961630013,0.07821184242733176,-0.1570339125156833,0.8118359669456104,0.013227967650065385,3.1899750972860352,2.9074557643315293,0.2825193329545063,1.6032539504100796,0.5055045061192636,0.798697307802186
132,1.2113728970289357,0.2080197400764869,0.6216253632477874,0.15992065061321975,5,1,2.301749485273566,5.259355776690327,ok,30.286159706607087,-0.15853861674090508,-0.5492660827762044,30.26416412946467,-0.25937731802664443,-0.6609557084260332,0.017170091155002887,2.4308015924799236,0.007478583022096458,0.00217055233978072,0.0029707170888443706,3.660904948198313e-05,-0.0002878183674185668,0.004801448022217923,1.0587568438335604,0.3072891131718113,0.42056991807327443,0.005182810910939858,-0.040746979124928605,0.6797498856152662,0.016690218443973424,2.3628634961898887,1.9925730135301398,0.37029048265974845,1.0147069267118594,0.30829388496659715,0.6695722018516835
133,1.4152089325570834,0.2640854389337728,0.762231051497819,0.19582801069119843,6,1,1.8329629095323987,4.497225651336228,ok,29.880131434882756,-0.8982280219328188,-0.5780651257495897,29.865279788718027,-0.9031750787362236,-0.6541840532676658,0.014054894945720849,2.8725243629275075,0.006881457504967687,0.0020152475768504623,0.0016429034714142896,0.00018245205916165913,-0.00048580560466213554,0.003818639937988886,1.4064249083190994,0.4118741395214803,0.33577485038495813,0.03728935627282817,-0.09928842872380085,0.7804495371529421,0.013943528267123908,2.8497613968449573,2.5720092142150253,0.27775218262993134,1.3989519133869899,0.40824272937708067,0.7648145714509547
134,1.4317239506356745,0.3144205963345901,0.9,0.21123692218899787,6,5,2.667456750630108,6.030104361321238,ok,29.604614304494707,-1.202277346084981,-0.5457390530697976,29.61425747081269,-1.1120950770165068,-0.6468955689061829,0.012970365107447417,3.13434924654853,0.006484156648614743,0.0018911325171916168,0.0013245062550747758,0.00026321411536126677,-0.0005259963953563669,0.003533351966561382,1.5669267085179202,0.45700099660105115,0.3200731165430895,0.06360691910590992,-0.12710948318068813,0.8538509889612474,0.01314606938243253,3.1768068153683675,2.902034839421807,0.27477197594656,1.6157314237955422,0.45328721315832876,0.8330162024679363
135,1.5850913726964921,0.29115975487494417,0.7001284818655341,0.19526310374159062,5,1,2.8995521401199866,4.859443260296348,ok,29.57579671944336,-1.1599346587825925,-0.6075699519170839,29.58413728735198,-1.1385723334698847,-0.5733278926239234,0.012916206138230042,3.193740407592153,0.006667264154468594,0.0022310905377621515,0.001208332891184512,0.00031778704275781686,-0.0005995379773264311,0.0030912694893833986,1.6485886575618722,0.5516731404864313,0.2987798072513153,0.07857797472439029,-0.14824544015336372,0.7643662677215074,0.012985441067254385,3.2108576485858498,2.984725792359004,0.2261318562268465,1.683133100876421,0.5456273394065124,0.7559653520760703
136,1.1502166119294905,0.21974181644617144,0.6746784849205529,0.18241206933810755,4,2,3.0233451111414364,5.179297078377205,ok,30.25163798567732,-0.1316415597245382,-0.6694284291250568,30.226484446226078,-0.21627982803639018,-0.8244784463818545,0.017470320293723078,2.4751247638656766,0.007330051377804331,0.002078396417955538,0.0032810596962808084,4.4907349338401484e-05,-0.0003307087852169968,0.005066614237560996,1.038492218836409,0.2944588511671285,0.4648473507897869,0.0063622927661480845,-0.04685349153058285,0.717817541836787,0.016971763584417446,2.404489596185798,1.9946656304313715,0.40982396575442687,0.9952952170376914,0.2966771246158253,0.7026932887778548
137,1.2511900086800607,0.2714096086541377,0.8120152249957543,0.19292878933420948,5,1,2.2337245479515726,4.347500080115553,ok,29.966037797095662,-0.7326544985267626,-0.6776640203852657,29.945688749666534,-0.7148354944320692,-0.831561127381894,0.014840237477684141,2.7717501276418206,0.006806285395549331,0.0019419017005606004,0.0021750319836177394,0.00015698835597932945,-0.0005096999608468597,0.004269730002824002,1.27122779822419,0.36269408050178054,0.406236435723015,0.0293211275344018,-0.09519800027868419,0.7974686859371177,0.01470899136324816,2.7472350531237204,2.3959245377445892,0.35131051537913205,1.2562235567387177,0.3617574183359913,0.7779435626698802
138,1.410078805676791,0.3056435356754908,0.8947261934630798,0.2766863583384502,6,1,1.8112385408402192,5.8266439010743145,ok,29.64012328320336,-1.137216410298179,-0.562702006943269,29.641412738949104,-1.060505953467641,-0.670689227947002,0.013402484475027392,3.108207593551472,0.006547135171782083,0.0018805722929553918,0.0014173759928879737,0.0002422434286891729,-0.0005164510082876074,0.0038316085970003778,1.51836439690406,0.43612877090644836,0.32870762374100443,0.05617934987670209,-0.11977159523279916,0.8885990473560564,0.01351719693718594,3.134808720813166,2.852085727269449,0.2827229935437172,1.5539081855341133,0.43285310645691194,0.8653244352784236
139,1.1141549727491338,0.20560119377707803,0.55,0.16615561393823855,4,3,1.727603609786549,5.202603918097012,ok,30.32475454587473,0.09179232361623434,-0.6694869128929142,30.310939625255124,-0.00678111646330411,-0.7804897795794224,0.0184205873987653,2.376705611180616,0.007507883125687224,0.002378315993160142,0.003754710940766923,2.4498258196097913e-05,-0.00027901267004822294,0.005034191751003138,0.9687002681632803,0.3068608423683161,0.4844494026222066,0.0031608735627355815,-0.03599944801643762,0.6495336724805153,0.01795223989205233,2.316275749536048,1.8809892313875216,0.43528651814852626,0.927146547656797,0.3078642494032254,0.6459784343274991
140,1.1920231042978888,0.21546523321225738,0.55,0.18653024459191805,6,2,2.0969810148714982,5.160332092710028,ok,30.243224291086193,-0.15824218957429842,-0.6677944920163996,30.22626795303051,-0.2531654616497104,-0.758250430642398,0.01720233136661434,2.4752066306808804,0.007384738004745778,0.002415777064906744,0.0030873977652481227,5.786131112711145e-05,-0.00039755579641584507,0.00465411301700243,1.0625741410064093,0.34760098976519294,0.44423905441809475,0.008325540178796307,-0.05720345239156902,0.6696703577039563,0.01678133251669726,2.4146283436598437,2.0319733460778444,0.38265499758199883,1.0184746577647696,0.34590048016713537,0.6675982081459396
141,1.1063351912604906,0.20111849849072125,0.55,0.1473781399724859,6,2,2.456970796078203,4.968711625074137,ok,30.35446604823742,0.14656102981743904,-0.6383794951338628,30.341781125542475,0.04727402213700241,-0.7436522772126947,0.018626885372660572,2.339000289915603,0.007567577271371452,0.002360109806010831,0.0038554622038067025,1.668772490514606e-05,-0.0002309199760792127,0.005057968342645656,0.9502697352546328,0.2963618130486997,0.48413500335909626,0.0020954975891169744,-0.028996897773867297,0.6351351384379249,0.018160028043687312,2.2803748850143872,1.8395042157426478,0.44087066927173924,0.910003741133238,0.2980738979218759,0.631426576687534
142,1.3098202971266306,0.2536104564334512,0.7483367299184152,0.22350066802793292,5,2,2.93479111114966,4.771041647288085,ok,29.99624234202288,-0.690178866131157,-0.6296459054134956,29.97310172604935,-0.7127174407011206,-0.74656543322299,0.015036547010766423,2.7527501085112736,0.006973998370983284,0.0020159977293833574,0.002077816925218988,0.0001395282423971912,-0.00047276846178413836,0.00430197420456774,1.2767342634406569,0.36906997094113125,0.38038724996288836,0.025543522999279217,-0.0865500193325742,0.7875651204998918,0.014809182269534486,2.7111244343247933,2.3898560366202117,0.3212683977045823,1.2521871544665837,0.3672618463870959,0.7704070357665322
143,1.2249998463117688,0.21574501315638062,0.6396234551071179,0.19841668237409266,7,3,2.4376554766390366,5.211394795551509,ok,30.228355628265206,-0.2475477670068475,-0.5845212393617725,30.203894293542493,-0.33983355952104344,-0.7032558688294228,0.01690965914124002,2.5011906264814665,0.007382516308231374,0.002150436179522374,0.0028269904678380428,5.20117695623737e-05,-0.0003359290651086159,0.004833633481194472,1.0919841988394328,0.3180815633326569,0.41815402665712453,0.007693315956845673,-0.04968891577259417,0.7149664374680009,0.01644554361953178,2.432539346956905,2.0694533797324155,0.3630859672244895,1.048120709820818,0.3184793701570392,0.7028532997545585
144,1.1948552304679594,0.25650622150927477,0.7383768445611509,0.24321592557760094,4,5,2.682426198337084,6.08997461086119,ok,30.045334512905086,-0.5110481303206561,-0.7518591070519159,30.0196733422635,-0.5298965018490499,-0.9009484308214124,0.015925480447105265,2.698770261224793,0.006940958522483083,0.0020494629275787414,0.0026376592439393783,0.0001269653132653009,-0.0005141470229799313,0.004684581462818692,1.1762315433489483,0.3473069223125115,0.4469840863157235,0.021515847687330933,-0.08712859245434652,0.7938604540146255,0.015651644828245385,2.652363590255005,2.2690352298596483,0.3833283603953568,1.1460855177959774,0.3468867855495349,0.776062926514136
145,1.2711764741603924,0.2469455123843549,0.588194308193203,0.21380165858005223,3,4,2.932884968805323,5.320503142725835,ok,30.044437804578372,-0.5308526093053243,-0.7658606984814392,30.02688430434917,-0.5765103003028518,-0.8156372975486685,0.015527456682830343,2.6948932597552275,0.007038266759826016,0.0024064099588846097,0.0024070169541613954,0.00016196874288413826,-0.0006068129719947264,0.00412060723906891,1.2215379529854224,0.4176484346967697,0.41775378275946445,0.028110751322986696,-0.10531642248719797,0.7151587604777822,0.015288608111905072,2.6534376751366224,2.3134767151525635,0.3399609599840589,1.1880423628332166,0.4130378769566561,0.7123964753626907
146,1.4669806317942353,0.3057329941500252,0.8984561529490009,0.25116689739439924,4,1,2.7952892220386696,4.162214629967389,ok,29.600214569524923,-1.1936808979840399,-0.5263331401220638,29.60618476195853,-1.1231074654306197,-0.6191307934829574,0.013094650835088428,3.1517838338841013,0.0065496023174553076,0.0018733157091039333,0.0012837222453043005,0.0002486240388062474,-0.0004970123402980559,0.003636398864716695,1.5764399496022212,0.45089298233854264,0.3089822761142888,0.059841933633292814,-0.11962712707045144,0.8752538192662074,0.013220229388347209,3.182007453229679,2.919718856010493,0.26228859721918685,1.619788953429809,0.44709574088152904,0.8528341616991549
147,1.497479284949777,0.3234744724150354,0.9,0.23618547067462284,3,5,2.6893304829358233,5.020157352414067,ok,29.485514768150367,-1.292572483694914,-0.520966487950085,29.504628753436425,-1.197225241809331,-0.5972314930324041,0.012643519898203259,3.2613120453424367,0.006428302766571013,0.001910896835989777,0.0011664704101691649,0.0002933251919386456,-0.0005281740486289054,0.003372698742163564,1.6581380353350335,0.4929031566206361,0.30088330068281377,0.0756612865225791,-0.1362389904630527,0.8699652566444269,0.012860750926887174,3.317343061587331,3.063992829077808,0.2533502325095226,1.7261377640534294,0.4886072778984144,0.8492477871259646
148,1.365383732922452,0.27614231499889813,0.6418082841138356,0.22018664910973113,7,1,1.730794941952397,5.1494833770581785,ok,29.83263717244794,-0.8520673545987677,-0.7515558978823321,29.8241475427735,-0.8420347325352113,-0.7642067285151987,0.014181516349708425,2.9147394647624822,0.006774731389351102,0.00234169967440668,0.001833969024916545,0.00026208311582064526,-0.0006815950359581939,0.003650628181171646,1.392416470620422,0.48129158316380866,0.3769372584890139,0.05386617212806424,-0.14008882416402513,0.7503168045251981,0.014140616409615087,2.9063312616153887,2.607925386817727,0.298405874797662,1.3870073024234428,0.47567055368387307,0.7452475307104114
149,1.3923416863264393,0.2645436355355163,0.7916600861563382,0.22031452371191565,4,1,2.84440010524761,3.8971355287733456,ok,29.885224802056833,-0.8808055450638921,-0.5731939161015225,29.868178244084405,-0.8822692629360245,-0.6723934456814802,0.014237413862018444,2.868754606527301,0.0068766889334431,0.00195874808796465,0.001696680809579861,0.00017058344568647777,-0.00046921045612030495,0.0040039230414646585,1.38561210952067,0.39467614377394383,0.34187113863940516,0.03437155443769657,-0.09454312914347429,0.8067667892990593,0.014113029686096684,2.84368997193744,2.5570449929616785,0.2866449789757623,1.3769445827765225,0.39186546635520625,0.7882349438299497
