case_id,design_wing_span,design_wing_chord,design_tail_arm,design_nose_length,design_ducks_num,design_pucks_num,design_banner_length,design_batt_capacity,status,error,main_seconds,mech_seconds,prop_m1_seconds,aero_m1_seconds,prop_m2_seconds,aero_m2_seconds,prop_m3_seconds,aero_m3_seconds,prop_total_seconds,aero_total_seconds,module_total_seconds,other_seconds
0,0.8715402700129861,0.3181621972489185,0.7977672647345363,0.2259469548546263,8,9,4.03236563626821,5.275465240880569,ok,,0.06303790002129972,0.002347199944779277,0.005751199787482619,0.014737999998033047,0.0038129999302327633,0.01613050000742078,0.003707299940288067,0.01640760013833642,0.01327149965800345,0.047276100143790245,0.06289479974657297,0.00014310027472674847
1,1.5216835716455137,0.23981233604375757,0.5163277216260798,0.20009386017368375,8,3,1.681891111091934,7.238435240264451,ok,,0.0622076999861747,0.0027666001114994287,0.003784300060942769,0.015292499912902713,0.006229799939319491,0.014952299883589149,0.004417999880388379,0.014654999831691384,0.01443209988065064,0.044899799628183246,0.062098499620333314,0.0001092003658413887
2,1.7144713439969608,0.258478355845525,0.44901266266069617,0.11076963094344668,9,9,4.224621597021677,1.6314154273117378,ok,,0.06856869999319315,0.003563599893823266,0.0038171999622136354,0.01733039994724095,0.003873499808833003,0.01615809998475015,0.0063084999565035105,0.017403499921783805,0.013999199727550149,0.050891999853774905,0.06845479947514832,0.00011390051804482937
3,1.3592799124713257,0.15566101149139105,0.41005465421717213,0.1625617006328319,6,10,2.476167112055384,2.673622259725164,ok,,0.06903010001406074,0.0036269999109208584,0.005731599871069193,0.016442399937659502,0.007177400169894099,0.01657920004799962,0.003838100004941225,0.015516099985688925,0.016747100045904517,0.04853769997134805,0.06891179992817342,0.00011830008588731289
4,1.2055795710558828,0.26550443226819975,0.31768609422567623,0.27047299037629424,4,2,4.061396506276465,9.490302282516907,ok,,0.06502480013296008,0.0029211000073701143,0.004479000112041831,0.01586390007287264,0.006229200167581439,0.016584099968895316,0.0037603999953716993,0.01505889999680221,0.01446860027499497,0.047506900038570166,0.06489660032093525,0.00012819981202483177
5,1.7167737840109059,0.3229131523835297,0.8924179656516358,0.23039434244141982,7,6,4.348021868416848,8.256870077578226,ok,,0.06830359995365143,0.003051899839192629,0.009705200092867017,0.01540859998203814,0.00418239994905889,0.015902400016784668,0.003796100150793791,0.016122100176289678,0.017683700192719698,0.047433100175112486,0.06816870020702481,0.00013489974662661552
6,1.3008472564461542,0.14901117258071933,0.5444485595811379,0.17946382174859163,5,4,4.38972390074183,1.9865410517471127,ok,,0.06571749993599951,0.0035975000355392694,0.007255699951201677,0.013858200050890446,0.005234599811956286,0.016055000014603138,0.00456500006839633,0.015023200074210763,0.017055299831554294,0.04493640013970435,0.06558920000679791,0.00012829992920160294
7,0.9745212671180152,0.27345178468333686,0.49147258583589437,0.1871609236514737,5,3,0.6297493843992703,2.842675842797416,ok,,0.06552929989993572,0.002104799961671233,0.008380900137126446,0.01372430007904768,0.005694400053471327,0.016161599894985557,0.0042622999753803015,0.015036900062114,0.018337600165978074,0.04492280003614724,0.06536520016379654,0.00016409973613917828
8,0.8338205267907275,0.2218235601745025,0.8266636365608011,0.0925679855868219,5,1,1.3397178167498054,4.03995001754308,ok,,0.06826359988190234,0.0023521999828517437,0.005263800034299493,0.01710950001142919,0.0063056000508368015,0.017079100012779236,0.004736100090667605,0.015311300056055188,0.0163055001758039,0.049499900080263615,0.06815760023891926,0.00010599964298307896
9,1.1511269950763343,0.27386953846478734,0.3264614132461098,0.1782925492483824,5,5,2.9493185704490403,9.03586029906277,ok,,0.063055100152269,0.0033394000492990017,0.0047247998882085085,0.017123299883678555,0.0044368000235408545,0.014371699886396527,0.003709099953994155,0.015237899962812662,0.012870699865743518,0.046732899732887745,0.06294299964793026,0.0001121005043387413
10,1.2948041585198693,0.13774775956154192,0.6509154794523571,0.2288867041947248,5,9,1.1614951040259713,1.3379312680220181,ok,,0.1264052998740226,0.002871599979698658,0.003823000006377697,0.014605900039896369,0.058388999896124005,0.028048699954524636,0.005445100134238601,0.01311530009843409,0.0676571000367403,0.055769900092855096,0.12629860010929406,0.00010669976472854614
11,1.4888388083746373,0.29262459283568154,0.4105842354752078,0.14759284174028153,6,3,4.595336357124165,1.9540864740109596,ok,,0.06882659997791052,0.003915900131687522,0.003703800030052662,0.017181199975311756,0.0037692999467253685,0.01815079990774393,0.003988000098615885,0.01778959995135665,0.011461100075393915,0.053121599834412336,0.06849860004149377,0.0003279999364167452
12,1.5381951434269334,0.1549543544455761,0.8399480053984831,0.2542095398816081,7,5,3.0155674219564554,7.021063339834435,ok,,0.061362900072708726,0.0029200001154094934,0.005492799915373325,0.014317400055006146,0.004335599951446056,0.014890999998897314,0.003715400118380785,0.015560399973765016,0.013543799985200167,0.044768800027668476,0.061232600128278136,0.00013029994443058968
13,1.6000570498768356,0.343154712441707,0.8452300849333112,0.24533331032880845,5,2,4.82206397139591,8.610010947607975,ok,,0.06763610010966659,0.002638199832290411,0.007794199977070093,0.015591500094160438,0.0037048000376671553,0.016549000050872564,0.0037456999998539686,0.017488199984654784,0.015244700014591217,0.049628700129687786,0.06751159997656941,0.00012450013309717178
14,1.0546321714288351,0.30758034150698066,0.8926310493002316,0.22900534327386168,9,8,1.4361366916857512,3.20685065224166,ok,,0.05980830010958016,0.003999500069767237,0.005072399973869324,0.015153200132772326,0.0037247000727802515,0.01452549989335239,0.0038006999529898167,0.013398100156337023,0.012597799999639392,0.04307680018246174,0.05967410025186837,0.000134199857711792
15,0.8639517599292535,0.20595261598656328,0.7754225936198919,0.17272513605287293,8,4,1.0844289085002328,7.626207413337567,ok,,0.14814020018093288,0.04956980003044009,0.014510999899357557,0.04228510009124875,0.00666450010612607,0.016160600120201707,0.004058099817484617,0.014737699879333377,0.025233599822968245,0.07318340009078383,0.14798679994419217,0.00015340023674070835
16,0.8479207647816376,0.18721422687055467,0.3885325963029985,0.2916781758004612,5,3,4.318943064317676,3.2794050722878896,ok,,0.058202800108119845,0.002501599956303835,0.0037145002279430628,0.014048099983483553,0.004374000011011958,0.015725099947303534,0.005235499935224652,0.012496500043198466,0.013324000174179673,0.04226969997398555,0.05809530010446906,0.00010750000365078449
17,1.66657949407796,0.28902203839971335,0.6020506207116973,0.14277929984447713,4,9,4.568886478595567,9.060981445883492,ok,,0.06267270003445446,0.0047438000328838825,0.0043126000091433525,0.016406900016590953,0.004001000197604299,0.014188800007104874,0.004901499953120947,0.013988099992275238,0.013215100159868598,0.044583800015971065,0.06254270020872355,0.00012999982573091984
18,1.7355304323243126,0.2935251473626891,0.8163141985915743,0.12733846496673804,9,4,3.5864713514904194,1.6101689051657833,ok,,0.07526149996556342,0.0027058999985456467,0.00637290021404624,0.017668599961325526,0.0038958999793976545,0.019909300142899156,0.006965799955651164,0.01760910009033978,0.01723460014909506,0.05518700019456446,0.07512750034220517,0.00013399962335824966
19,1.067519579053534,0.3340875124499607,0.30740028821262455,0.20473359765266458,5,9,1.8072320849589907,9.325869460253701,ok,,0.05857390002347529,0.0037740999832749367,0.0038735000416636467,0.014553299872204661,0.003801099956035614,0.01455379999242723,0.00391869992017746,0.013954699970781803,0.01159329991787672,0.043061799835413694,0.05842919973656535,0.00014470028690993786
20,1.6407371464147502,0.3005772266735949,0.7821745449363879,0.2018166284913803,6,10,3.4183151413074464,1.8161685938781993,ok,,0.06539230002090335,0.0032072002068161964,0.005032199900597334,0.017799900146201253,0.00371160008944571,0.016216499963775277,0.003701099893078208,0.015614500036463141,0.012444899883121252,0.04963090014643967,0.06528300023637712,0.0001092997845262289
21,0.8361404483864212,0.3321158704629278,0.573002400943162,0.29631397731781095,6,9,1.2654749099475828,4.200044644614978,ok,,0.06440479983575642,0.002942499937489629,0.005813000025227666,0.01606970001012087,0.004405300132930279,0.015469100093469024,0.0037981001660227776,0.01561800017952919,0.014016400324180722,0.04715680028311908,0.06411570054478943,0.0002890992909669876
22,1.4064853357718659,0.12513662876409273,0.8672926965045493,0.19100825337815125,7,10,2.5865268164949486,4.311711367772977,ok,,0.062685800017789,0.0027725999243557453,0.005288299871608615,0.01591140008531511,0.00535429990850389,0.014264799887314439,0.00440810015425086,0.014555800007656217,0.015050699934363365,0.044731999980285764,0.06255529983900487,0.000130500178784132
23,1.3167939382813652,0.2065691274134987,0.35988187424956186,0.22422657452570588,4,4,2.893636502799721,8.746351701210424,ok,,0.06236560014076531,0.002801199909299612,0.005273400107398629,0.01474789995700121,0.0037434000987559557,0.014791800174862146,0.0038179000839591026,0.01706390012986958,0.012834700290113688,0.046603600261732936,0.062239500461146235,0.00012609967961907387
24,0.9606135019511808,0.16200967111910225,0.5277695650666822,0.1944361109741276,3,7,4.173209522303061,3.380201422846807,ok,,0.05925039993599057,0.004106099950149655,0.003680699970573187,0.014706199988722801,0.0037068999372422695,0.015554599929600954,0.0037037001457065344,0.013679299969226122,0.01109130005352199,0.04394009988754988,0.05913749989122152,0.00011290004476904869
25,1.4737091636010042,0.3055709209066577,0.4579876559030416,0.28194699285879954,8,8,3.608983828511818,4.821636724632616,ok,,0.07017419999465346,0.0029895000625401735,0.006176199996843934,0.020901799900457263,0.005027800099924207,0.01561330002732575,0.00480039999820292,0.014545799931511283,0.01600440009497106,0.051060899859294295,0.07005480001680553,0.00011939997784793377
26,0.9555912244767238,0.25468521042928094,0.4650353365373976,0.28841233442093644,7,3,3.0646940301214265,3.5235981082672905,ok,,0.06227200012654066,0.002411099849268794,0.0062466999515891075,0.015030400129035115,0.003799799829721451,0.0152473000343889,0.003823000006377697,0.01560709998011589,0.013869499787688255,0.045884800143539906,0.062165399780496955,0.00010660034604370594
27,1.2742410630579681,0.24080217287722705,0.5558355762245347,0.2054375432434346,9,10,3.2401642373402813,6.689329041381115,ok,,0.06360489991493523,0.002849699929356575,0.004419500008225441,0.014473000075668097,0.006792200030758977,0.014102800050750375,0.004896000027656555,0.01596420002169907,0.016107700066640973,0.04454000014811754,0.06349740014411509,0.00010749977082014084
28,1.1200358395137064,0.13048912841617902,0.6649187896620483,0.1503320012982517,4,6,0.8776943398821495,2.520117166681318,ok,,0.07084699999541044,0.002847599796950817,0.004400400212034583,0.01571809989400208,0.00466539990156889,0.017171500017866492,0.005119099980220199,0.02081359992735088,0.014184900093823671,0.05370319983921945,0.07073569972999394,0.00011130026541650295
29,1.6433117989792878,0.24885481116357233,0.5119355034532085,0.11806408407969515,8,5,3.1004492133801773,6.760423337583728,ok,,0.0650446000508964,0.0034753999207168818,0.005384699907153845,0.013450700091198087,0.005857200128957629,0.01600750000216067,0.004937299992889166,0.01581190014258027,0.01617920002900064,0.045270100235939026,0.06492470018565655,0.00011989986523985863
30,0.9461267663216743,0.2398343713140414,0.864835857024288,0.2401204945654083,8,5,1.3332771393522922,8.959869142285925,ok,,0.06499590002931654,0.0035953999031335115,0.005138499895110726,0.01470179995521903,0.00837399996817112,0.014960600063204765,0.0037218998186290264,0.014382799854502082,0.017234399681910872,0.04404519987292588,0.06487499945797026,0.00012090057134628296
31,1.2545844279627967,0.19096651986140695,0.6165021678371154,0.1097527321150227,10,3,2.0375061654571844,8.666109366889383,ok,,0.06174160004593432,0.003018300049006939,0.006263699848204851,0.01450789999216795,0.004119800170883536,0.014272999949753284,0.00531470007263124,0.01412529987283051,0.015698200091719627,0.042906199814751744,0.06162269995547831,0.00011890009045600891
32,1.230085529233759,0.2869654274523763,0.7639118956597089,0.22573166668948969,10,1,4.024296237857154,1.0485969502558046,ok,,0.06029529985971749,0.0032540999818593264,0.0040258001536130905,0.015426300000399351,0.0036988002248108387,0.014523999998345971,0.003756699850782752,0.015499499859288335,0.011481300229206681,0.04544979985803366,0.060185200069099665,0.0001100997906178236
33,0.9940411955577518,0.22254871674677842,0.8408493694914241,0.2078805172395075,9,8,0.5754702240322056,7.856666131593483,ok,,0.060912400018423796,0.00309220002964139,0.005726899951696396,0.015224900096654892,0.003809700021520257,0.014646099880337715,0.00377209996804595,0.014535699971020222,0.013308699941262603,0.04440669994801283,0.06080759991891682,0.00010480009950697422
34,1.2706060014709135,0.31621409653749016,0.7295555332605732,0.25922909011731426,6,2,2.5525224573708445,7.987760169229734,ok,,0.060685599921271205,0.0025962998624891043,0.004570099990814924,0.014972700038924813,0.0038093000184744596,0.015522799920290709,0.006126499967649579,0.012982199899852276,0.014505899976938963,0.0434776998590678,0.060579899698495865,0.00010570022277534008
35,1.1654204499007186,0.1499779632907666,0.33060884565157245,0.19143847088436938,6,10,1.045545984610042,8.923822561057285,error,"PayloadPlacementError: No fuselage width kept the fuselage ahead of the tail, produced exact M2 static margin, and kept M1 at or below 23.0% after 4 permitted width increases. Attempts: width 0.0762 m puts the fuselage back at x=0.6688 m, at or behind the permitted tail-front limit x=0.3306 m; width 0.1292 m puts the fuselage back at x=0.6669 m, at or behind the permitted tail-front limit x=0.3306 m; width 0.1822 m puts the fuselage back at x=0.3852 m, at or behind the permitted tail-front limit x=0.3306 m; width 0.2352 m puts the fuselage back at x=0.3367 m, at or behind the permitted tail-front limit x=0.3306 m; width 0.2882 m puts the fuselage back at x=0.3366 m, at or behind the permitted tail-front limit x=0.3306 m",0.003176799975335598,0.0031229001469910145,,,,,,,0.0,0.0,0.0031229001469910145,5.389982834458351e-05
36,1.519635316452548,0.22139329477384545,0.8049213613766208,0.17057267336841375,8,9,0.9876749230926334,2.022821036784549,ok,,0.0576687001157552,0.00363549985922873,0.00420329999178648,0.014636099804192781,0.0037713998463004827,0.01366350008174777,0.003869100008159876,0.013777399901300669,0.011843799846246839,0.04207699978724122,0.05755629949271679,0.00011240062303841114
37,1.3984545627893976,0.16441101020407256,0.3037155229992335,0.27178516345555737,7,8,2.420661915906365,2.564970839555504,ok,,0.06505460012704134,0.0029466000851243734,0.006102099781855941,0.01685200002975762,0.003780999919399619,0.016560799907892942,0.0037632999010384083,0.01494179992005229,0.013646399602293968,0.04835459985770285,0.06494759954512119,0.00010700058192014694
38,1.0539373389937783,0.32058538095244354,0.47391701497202104,0.28756689080784836,7,7,2.0540237688268324,2.1128703294539966,ok,,0.05992310005240142,0.0031185001134872437,0.003848999971523881,0.015678799943998456,0.005655200220644474,0.013460699934512377,0.004232400096952915,0.013817500090226531,0.01373660028912127,0.042956999968737364,0.05981210037134588,0.00011099968105554581
39,0.9854490663268253,0.24435446015817283,0.5880971411727625,0.12551307755084729,9,10,1.8164064648352531,5.113746591310805,ok,,0.05851270002312958,0.003104300005361438,0.003948999801650643,0.01460859994404018,0.003774800105020404,0.01494639995507896,0.003840500023216009,0.014177799923345447,0.011564299929887056,0.043732799822464585,0.05840139975771308,0.00011130026541650295
40,0.9721990711003974,0.1694015411004398,0.4529026812479918,0.08487364954932287,7,2,3.2642883542088232,7.715469857529972,ok,,0.06500319996848702,0.0022351001389324665,0.005974599858745933,0.015348099870607257,0.0055504001211375,0.01744020008482039,0.00496299983933568,0.01336799981072545,0.016487999819219112,0.0461562997661531,0.06487939972430468,0.00012380024418234825
41,1.269371898894717,0.3454721170867479,0.8925002581829862,0.1412541364741185,8,10,2.1868247915063694,8.92599633752307,ok,,0.0642130000051111,0.0035800000187009573,0.004194300156086683,0.01342640002258122,0.00523190014064312,0.01666070008650422,0.0045177999418228865,0.01647859998047352,0.01394400023855269,0.04656570008955896,0.0640897003468126,0.00012329965829849243
42,1.0395724669381083,0.12249854071797198,0.5218851278798544,0.1743307528614404,6,1,3.269428833964043,3.440067060993653,ok,,0.06280270009301603,0.0031026999931782484,0.005311600165441632,0.014484900049865246,0.006708299973979592,0.01364880008623004,0.005131500074639916,0.01429579989053309,0.01715140021406114,0.042429500026628375,0.06268360023386776,0.00011909985914826393
43,1.5433368653996176,0.25723380818867303,0.31111909025929074,0.19065511243994177,6,5,0.5671942394521928,9.382885148621579,ok,,0.05816200003027916,0.003180299885571003,0.003765299916267395,0.015471899881958961,0.0037551000714302063,0.014119399944320321,0.004033699864521623,0.013725699856877327,0.011554099852219224,0.04331699968315661,0.058051399420946836,0.00011060060933232307
44,1.111833468153565,0.28447619724605444,0.7371590606437998,0.1338376144884591,3,6,4.19896773224232,2.613806961442637,ok,,0.06353849987499416,0.002826099982485175,0.00588619988411665,0.01654439978301525,0.003949000034481287,0.014754100004211068,0.0038713000249117613,0.015411099884659052,0.013706499943509698,0.04670959967188537,0.06324219959788024,0.0002963002771139145
45,1.7520113518580938,0.2585264808623764,0.40550514651597236,0.08676722958045979,6,3,2.3937074371812117,5.247514271202548,ok,,0.06452520005404949,0.00299279997125268,0.00380469998344779,0.018172299955040216,0.004915199941024184,0.015370399923995137,0.0037183999083936214,0.015436800196766853,0.012438299832865596,0.04897950007580221,0.06441059987992048,0.00011460017412900925
46,0.8473227881391517,0.22049644657881948,0.5004813709924653,0.1260858008645962,4,8,1.7642587026714085,1.5018750916567507,ok,,0.06314329989254475,0.003200500039383769,0.004057399928569794,0.015810399781912565,0.005604099947959185,0.015041099861264229,0.004713200032711029,0.014540000120177865,0.014374699909240007,0.04539149976335466,0.06296669971197844,0.00017660018056631088
47,1.2444914587995464,0.1422722968706814,0.5659428264915405,0.19985284276936735,8,1,3.1100385283651666,9.615382265708604,ok,,0.05803700000979006,0.0026750999968498945,0.004100099904462695,0.015248300042003393,0.004613000201061368,0.014526800019666553,0.0036862001288682222,0.013063600054010749,0.012399300234392285,0.042838700115680695,0.057913100346922874,0.00012389966286718845
48,1.640685697440419,0.21688214554201102,0.4540452473047385,0.16216739318437426,6,6,2.7360595098948854,3.7828516112471435,ok,,0.06050419993698597,0.0029975001234561205,0.005515499971807003,0.012651999946683645,0.0062380998861044645,0.013838500017300248,0.004178800154477358,0.014970799908041954,0.015932400012388825,0.04146129987202585,0.06039120000787079,0.0001129999291151762
49,1.0979833205178449,0.24664195269606365,0.8180591252549092,0.09027778199440568,5,4,2.5516449958811167,4.544990489098962,ok,,0.057186099933460355,0.0028384001925587654,0.0040976000018417835,0.014268500031903386,0.0036921000573784113,0.013838900020346045,0.004518599947914481,0.013754199957475066,0.012308300007134676,0.0418616000097245,0.05700830020941794,0.00017779972404241562
50,1.1785211448434199,0.252753490471441,0.45249449412753895,0.18505256514529797,9,10,1.6271158745325647,6.6805692671547146,ok,,0.06280329986475408,0.003714800113812089,0.006149400025606155,0.016155000077560544,0.003722500056028366,0.014620099915191531,0.00373189989477396,0.01459240005351603,0.013603799976408482,0.045367500046268106,0.06268610013648868,0.0001171997282654047
51,1.6252078919032646,0.3058225382604974,0.5009784013815787,0.26429335919808405,10,7,1.009593404487648,3.4068782232782997,ok,,0.06865939986892045,0.0032868999987840652,0.0036517998669296503,0.019289599964395165,0.007471999851986766,0.016774300020188093,0.003794899908825755,0.01428010012023151,0.014918699627742171,0.05034400010481477,0.068549599731341,0.00010980013757944107
52,1.4458263465888328,0.27079401171096507,0.8044374664249394,0.1293983781205911,6,10,2.2267669427360417,4.479583670258513,ok,,0.06257770000956953,0.0031910999678075314,0.006386199966073036,0.015249700052663684,0.004399700090289116,0.013887799810618162,0.0038449999410659075,0.015505800023674965,0.01463089999742806,0.04464329988695681,0.0624652998521924,0.00011240015737712383
53,1.579180656965878,0.2935686526153788,0.5136699458616307,0.09638008062854653,3,6,3.0192423679543627,8.370033765093385,ok,,0.060994300059974194,0.003039600094780326,0.004397600190714002,0.01536539988592267,0.003903500037267804,0.014666700037196279,0.005741699831560254,0.013767899945378304,0.01404280005954206,0.04379999986849725,0.06088240002281964,0.00011190003715455532
54,0.9948622256775601,0.28543468133637545,0.5961104534900703,0.1597462413174478,6,8,4.164083438435066,9.479803714419324,ok,,0.05807300005108118,0.003940799972042441,0.0038087000139057636,0.01431680005043745,0.003725399961695075,0.014300900045782328,0.004584599984809756,0.013273300137370825,0.012118699960410595,0.0418910002335906,0.05795050016604364,0.0001224998850375414
55,0.9007026640341289,0.2664855389354166,0.553831616456907,0.1823193008142231,4,4,3.229044912368004,9.258962996643339,ok,,0.061224599834531546,0.002814200008288026,0.003681100206449628,0.014759300043806434,0.006466099992394447,0.015205400064587593,0.004221400013193488,0.013953499961644411,0.014368600212037563,0.04391820007003844,0.06110100029036403,0.00012359954416751862
56,1.7926262489470504,0.3282646067542967,0.6605406210357109,0.2598768601722886,6,3,1.7982663234767637,4.691026809110559,ok,,0.08059779996983707,0.0027435000520199537,0.0041050000581890345,0.019188700011000037,0.006661099847406149,0.01918389997445047,0.005398400127887726,0.02320179995149374,0.01616450003348291,0.061574399936944246,0.08048240002244711,0.00011539994738996029
57,1.1167127887395663,0.12294647131255605,0.30388093217534906,0.132321839603581,10,6,3.114986467155572,1.5231966733329245,ok,,0.0638981000520289,0.003851399989798665,0.004049200098961592,0.014625700190663338,0.005387499928474426,0.014938700012862682,0.003817100077867508,0.017077599884942174,0.013253800105303526,0.046642000088468194,0.06374720018357038,0.00015089986845850945
58,1.1262254385480372,0.12863746807770543,0.5579452497639492,0.17016720477058822,5,8,3.729392094599114,5.154896168595541,ok,,0.07575210020877421,0.00436619995161891,0.006599700078368187,0.0209652001503855,0.008051300188526511,0.015037100063636899,0.0038084001280367374,0.01676749996840954,0.018459400394931436,0.052769800182431936,0.07559540052898228,0.00015669967979192734
59,1.3444063858357151,0.15903441131421822,0.6831197645903312,0.09766267517156559,4,4,4.554771069353696,3.0281065047688287,ok,,0.06802859995514154,0.006402499973773956,0.006176700117066503,0.016607800032943487,0.004524999996647239,0.014616099884733558,0.00429209996946156,0.015197200002148747,0.014993800083175302,0.04642109991982579,0.06781739997677505,0.00021119997836649418
60,1.1200860673947355,0.12051821113583024,0.6768324617598674,0.256000616080893,10,10,2.841807475264613,6.657619239096672,ok,,0.062900299904868,0.0026757000014185905,0.0058313999325037,0.016402000095695257,0.00381469982676208,0.01580259995535016,0.004441400058567524,0.013793299905955791,0.014087499817833304,0.04599789995700121,0.0627610997762531,0.0001392001286149025
61,1.6495584570973858,0.2618231232980291,0.5172706124974045,0.2230883521725282,7,2,1.906103524074867,4.948769189388544,ok,,0.07813759986311197,0.002961699850857258,0.0037540998309850693,0.02300609997473657,0.0060801999643445015,0.015869499882683158,0.005960300099104643,0.02036460000090301,0.015794599894434214,0.05924019985832274,0.07799649960361421,0.00014110025949776173
62,1.416096559028324,0.13013128007480132,0.6711912212307236,0.2732473178195343,7,4,2.2891388300501756,8.992703059982228,ok,,0.06899149995297194,0.003388199955224991,0.003806699998676777,0.01739829988218844,0.009510000003501773,0.015130499843508005,0.004118700046092272,0.015512100188061595,0.01743540004827082,0.04804089991375804,0.06886449991725385,0.00012700003571808338
63,1.3563222226167393,0.1375085434429208,0.5300587401282153,0.1250351726032849,7,9,2.0539314738596786,3.802365048543349,ok,,0.05600380012765527,0.0032275000121444464,0.0037774001248180866,0.013647499959915876,0.003705899929627776,0.014660399872809649,0.0036851000040769577,0.013194800121709704,0.01116840005852282,0.04150269995443523,0.055898600025102496,0.00010520010255277157
64,1.105140905620612,0.2607977278697609,0.5736165379520801,0.11501426167778528,6,10,2.0337510822378073,7.533527389681508,ok,,0.0645661000162363,0.003253999864682555,0.006592300022020936,0.014868800062686205,0.003730399999767542,0.016559600131586194,0.004040200030431151,0.015412200009450316,0.01436290005221963,0.046840600203722715,0.0644575001206249,0.00010859989561140537
65,1.016830461958723,0.23726759785457618,0.6030703571408425,0.16662964269225153,10,9,3.5762567497600477,7.909421889387507,ok,,0.06102030002512038,0.0030143000185489655,0.00421390007250011,0.014947699848562479,0.005614000139757991,0.015264300163835287,0.0039055999368429184,0.013939299853518605,0.013733500149101019,0.04415129986591637,0.060899100033566356,0.00012119999155402184
66,0.8077972555813339,0.27735525751253387,0.31559696431709516,0.13453997342350646,6,10,1.008410190688996,7.796455766698738,error,"PayloadPlacementError: No fuselage width kept the fuselage ahead of the tail, produced exact M2 static margin, and kept M1 at or below 23.0% after 4 permitted width increases. Attempts: width 0.0762 m puts the fuselage back at x=0.6593 m, at or behind the permitted tail-front limit x=0.3156 m; width 0.1292 m puts the fuselage back at x=0.6580 m, at or behind the permitted tail-front limit x=0.3156 m; width 0.1822 m puts the fuselage back at x=0.3800 m, at or behind the permitted tail-front limit x=0.3156 m; width 0.2352 m puts the fuselage back at x=0.3327 m, at or behind the permitted tail-front limit x=0.3156 m; width 0.2882 m puts the fuselage back at x=0.3328 m, at or behind the permitted tail-front limit x=0.3156 m",0.0009806000161916018,0.0009304999839514494,,,,,,,0.0,0.0,0.0009304999839514494,5.010003224015236e-05
67,0.9667700003962402,0.12095907824588309,0.3931738773494078,0.15804087843029058,6,8,1.5410433473712122,7.917233153289105,ok,,0.061943499837070704,0.003079799935221672,0.003980000037699938,0.01487959991209209,0.005179899977520108,0.015237200073897839,0.006096199853345752,0.013258800143375993,0.015256099868565798,0.04337560012936592,0.06171149993315339,0.00023199990391731262
68,1.7347105727103673,0.3316582562965953,0.4012408201129648,0.18058432934062363,6,2,3.8646349691103445,4.37273750363981,ok,,0.0719779001083225,0.0035544000566005707,0.0038649998605251312,0.022383200004696846,0.0039912001229822636,0.017806099960580468,0.004354699980467558,0.01590820006094873,0.012210899963974953,0.056097500026226044,0.07186280004680157,0.0001151000615209341
69,1.5068138589082034,0.27738665417305935,0.7223965805489412,0.1395650077088281,6,3,4.939792819011492,7.144993682115699,ok,,0.0747073998209089,0.005241099977865815,0.0038430998101830482,0.018670599907636642,0.008378200000151992,0.018651199992746115,0.005281899822875857,0.014515799935907125,0.017503199633210897,0.05183759983628988,0.0745818994473666,0.0001255003735423088
70,1.6127547644678648,0.33024350486988957,0.5370597681753257,0.11397167000459993,10,5,2.672692271359676,4.811767300278741,ok,,0.083005600143224,0.0058639999479055405,0.004664800129830837,0.021743499906733632,0.003768299939110875,0.01647979998961091,0.0077720999252051115,0.022582100005820394,0.016205199994146824,0.060805399902164936,0.0828745998442173,0.00013100029900670052
71,1.0923010619308924,0.2695212957777199,0.6960851839538766,0.1588493446843225,3,8,0.6916993782371033,4.498999047521609,ok,,0.05794010008685291,0.003918200032785535,0.005007599946111441,0.013688999926671386,0.0038250000216066837,0.01371369999833405,0.003799199825152755,0.013876700075343251,0.01263179979287088,0.04127940000034869,0.0578293998260051,0.00011070026084780693
72,1.5254119005116873,0.18924030744958334,0.8134554126496696,0.11778612853522319,8,3,1.9488329358167233,3.5725858810205184,ok,,0.05835000006482005,0.0029823998920619488,0.003846800187602639,0.01468409993685782,0.0036925000604242086,0.013826699927449226,0.003867599880322814,0.015342900063842535,0.011406900128349662,0.04385369992814958,0.05824299994856119,0.00010700011625885963
73,1.1329264949450704,0.3466626386726483,0.8332175743748333,0.2868610803618798,5,9,2.283070689378265,5.111374756650234,ok,,0.061324300011619925,0.003514900105074048,0.005383000010624528,0.015709999948740005,0.004424799932166934,0.01431969995610416,0.0037320000119507313,0.014130499912425876,0.013539799954742193,0.04416019981727004,0.06121489987708628,0.00010940013453364372
74,1.0701887451276098,0.23841434740764467,0.44485318191358886,0.09934720833025312,9,7,1.4306280554113135,4.250592687896261,ok,,0.06058290018700063,0.0028345000464469194,0.004680499900132418,0.01486830017529428,0.006493200082331896,0.013332100119441748,0.005225500091910362,0.013040200108662248,0.016399200074374676,0.041240600403398275,0.06047430052421987,0.00010859966278076172
75,1.103923084516297,0.27042509907312406,0.5989247832176172,0.0821085894119336,5,3,4.115780864097531,4.459181857506103,ok,,0.055591699900105596,0.002735799876973033,0.0036464999429881573,0.014068200020119548,0.0037742999847978354,0.01414759992621839,0.0037100999616086483,0.013378199888393283,0.011130899889394641,0.04159399983473122,0.055460699601098895,0.00013100029900670052
76,0.8175641646933959,0.15389567918420763,0.7909642128576746,0.12515129037993114,10,9,0.7772149269593001,5.061663618831,ok,,0.06334690004587173,0.0029964998830109835,0.0045161000452935696,0.015227499883621931,0.005146299954503775,0.014497800031676888,0.00480800005607307,0.016034799860790372,0.014470400055870414,0.04576009977608919,0.06322699971497059,0.00011990033090114594
77,0.9578373940619953,0.16722200999682987,0.40756707796981567,0.12297818731033042,6,1,3.952424318240564,7.263952664847168,ok,,0.05686140013858676,0.0023227001074701548,0.004078399855643511,0.014585600001737475,0.004623300163075328,0.01441050018183887,0.003921499941498041,0.012809500098228455,0.01262319996021688,0.0418056002818048,0.056751500349491835,0.00010989978909492493
78,0.8907387541512712,0.2551262945961752,0.7580507257359492,0.10044863710034531,10,8,4.5524388398385085,8.640747687144493,ok,,0.05935959983617067,0.0031574999447911978,0.005291899899020791,0.012991599971428514,0.0056992999743670225,0.01421139994636178,0.0045016000512987375,0.01338050002232194,0.015492799924686551,0.04058349994011223,0.05923379980958998,0.00012580002658069134
79,1.7443272100266605,0.14943431334119514,0.6200797511070293,0.09870354114245165,10,9,2.7834812252804495,5.753591442610647,ok,,0.06191810010932386,0.0032083000987768173,0.003812899813055992,0.013622599886730313,0.004326599882915616,0.016157899983227253,0.005083800060674548,0.015585599932819605,0.013223299756646156,0.04536609980277717,0.061797699658200145,0.00012040045112371445
80,1.225997211625364,0.272105821045055,0.8672367731561348,0.2888958753565824,6,1,1.3572155885445414,8.669885213059665,ok,,0.06113249994814396,0.00339740002527833,0.0043021999299526215,0.01831089984625578,0.0038272999227046967,0.013633999973535538,0.0038648999761790037,0.013689399929717183,0.011994399828836322,0.0456342997495085,0.06102609960362315,0.00010640034452080727
81,0.9106623874061545,0.3119660368808371,0.8790328215544683,0.09859394883433281,4,8,1.5722310615029815,2.5679367458770113,ok,,0.061743600061163306,0.0025435001589357853,0.0059766999911516905,0.0133048000279814,0.0056900999043136835,0.015119200106710196,0.004414399852976203,0.014583999989554286,0.016081199748441577,0.04300800012424588,0.061632700031623244,0.00011090002954006195
82,0.8002304272867174,0.1704152447138786,0.5687466748167305,0.08555458880435533,8,9,3.787096656158564,8.49297342075237,ok,,0.06117690005339682,0.0032585998997092247,0.004296600120142102,0.015194799983873963,0.003908699844032526,0.015879400074481964,0.0061240000650286674,0.012363499961793423,0.014329300029203296,0.04343770002014935,0.06102559994906187,0.00015130010433495045
83,1.2604794747544696,0.2942292077121137,0.8066835660720169,0.17992893784062652,4,5,1.5946884079337744,1.62028427518459,ok,,0.0760436998680234,0.0034431000240147114,0.003986299969255924,0.020683999871835113,0.004519199952483177,0.019433900015428662,0.004680600017309189,0.019074599957093596,0.01318609993904829,0.05919249984435737,0.07582169980742037,0.00022200006060302258
84,1.0194546695460072,0.2705032863287191,0.32525409601722516,0.2762097571944014,6,3,4.3275533738522105,3.6093088576144026,ok,,0.061883300077170134,0.003364000003784895,0.005397100001573563,0.014615799998864532,0.005143000045791268,0.014284299919381738,0.004415699979290366,0.014533499954268336,0.014955800026655197,0.043433599872514606,0.0617533999029547,0.00012990017421543598
85,0.8408887209204187,0.29419722657240654,0.4839408968959107,0.14071591653062976,5,4,2.6220585882401846,6.649308124861816,ok,,0.062287400010973215,0.002870399970561266,0.003996400162577629,0.015192900085821748,0.003916300134733319,0.01506309979595244,0.004404000006616116,0.016636299900710583,0.012316700303927064,0.04689229978248477,0.0620794000569731,0.0002079999540001154
86,1.6085325491044655,0.24184742318391145,0.3880823056967712,0.24002277033459413,3,9,4.913787010519416,3.924109939654732,ok,,0.05727889994159341,0.002599499886855483,0.0037760999985039234,0.015017000027000904,0.003780100028961897,0.013868100009858608,0.004445699974894524,0.013649200089275837,0.012001900002360344,0.04253430012613535,0.057135700015351176,0.00014319992624223232
87,1.3416271698219848,0.12422510768524868,0.3677029040728769,0.2513169126855348,9,4,2.5899735472957985,8.395002202861535,ok,,0.06229949998669326,0.0030066000763326883,0.004686000058427453,0.016707499977201223,0.004554900107905269,0.015030000125989318,0.003783999942243099,0.014249200001358986,0.013024900108575821,0.04598670010454953,0.062018200289458036,0.00028129969723522663
88,1.026569463302428,0.15994743805532385,0.3279042577662588,0.20901610295100614,4,6,0.8370735225980817,8.357226395788977,ok,,0.0636572998482734,0.0026638999115675688,0.003987700212746859,0.014446600107476115,0.004060800187289715,0.013701800024136901,0.006937399972230196,0.017743200063705444,0.01498590037226677,0.04589160019531846,0.0635414004791528,0.00011589936912059784
89,0.8710303265677257,0.15516629536870735,0.49126136019836286,0.23543096167370148,7,1,3.660744294979262,6.622961730424588,ok,,0.06045830016955733,0.0031446998473256826,0.004062599968165159,0.013955899979919195,0.004299800144508481,0.015284699853509665,0.005292500136420131,0.014282000018283725,0.013654900249093771,0.043522599851712584,0.06032219994813204,0.00013610022142529488
90,0.9257221633306942,0.33723177331926624,0.7843801343525142,0.10706982155982817,8,3,2.6514146860938688,6.257120162571583,ok,,0.061776299960911274,0.0027173999696969986,0.005670499987900257,0.01635570009239018,0.0036822000984102488,0.013759700115770102,0.0037606998812407255,0.01517859986051917,0.013113399967551231,0.04529400006867945,0.06112480000592768,0.000651499954983592
91,0.9799799272104017,0.3202848824256345,0.5535125393592637,0.16617630797754862,4,6,1.0265758253257562,5.974287606387358,ok,,0.060625100042670965,0.002853899961337447,0.0038340999744832516,0.014706999994814396,0.006127799861133099,0.012198499869555235,0.005712299840524793,0.015077299904078245,0.015674199676141143,0.041982799768447876,0.060510899405926466,0.0001142006367444992
92,1.4690323544643857,0.26679798447406655,0.8425260656227445,0.08722121397257508,5,4,0.8005958204750911,6.71916207635905,ok,,0.05754239996895194,0.0028741999994963408,0.003686700016260147,0.01501589990220964,0.003768600057810545,0.014663399895653129,0.003751999931409955,0.013676799833774567,0.011207300005480647,0.043356099631637335,0.05743759963661432,0.00010480033233761787
93,0.8900770422990986,0.14676413655364454,0.34011368564326544,0.23764223555753183,3,4,3.6450488974959403,2.8391266523556586,ok,,0.06885070004500449,0.002607600064948201,0.006985400104895234,0.01637750002555549,0.003913499880582094,0.016442400170490146,0.003775699995458126,0.018612799933180213,0.014674599980935454,0.05143270012922585,0.0687149001751095,0.00013579986989498138
94,0.9882932693761615,0.32522264944493995,0.7095557993702838,0.11381057167948566,9,1,2.1202209753290635,2.6686526870033225,ok,,0.05878120008856058,0.003185400040820241,0.005618100054562092,0.014678700128570199,0.003724799957126379,0.013374200090765953,0.0038330000825226307,0.014241299824789166,0.013175900094211102,0.04229420004412532,0.05865550017915666,0.00012569990940392017
95,1.4683848012265948,0.1518378006627898,0.42427078585965333,0.13397384019079056,4,5,1.2962529033025925,3.4262321970581846,ok,,0.06053909985348582,0.002688199980184436,0.004553199978545308,0.015754800057038665,0.0038574000354856253,0.014540700009092689,0.006592700025066733,0.012448800029233098,0.015003300039097667,0.04274430009536445,0.060435800114646554,0.00010329973883926868
96,1.4530380326706873,0.27375861354023023,0.35675833393307277,0.18599687088377387,7,9,3.509568689108998,3.1242539817243906,ok,,0.06071590003557503,0.0041553000919520855,0.003921600058674812,0.01572930021211505,0.003889300161972642,0.014165099943056703,0.003713899990543723,0.01503059989772737,0.011524800211191177,0.04492500005289912,0.060605100356042385,0.00011079967953264713
97,1.4958871554918929,0.3376617087934902,0.4667127252206018,0.22633971592768148,5,2,1.5489761779531845,7.1103425078774976,ok,,0.06527139991521835,0.0027981000021100044,0.005501899868249893,0.01671550003811717,0.004326099995523691,0.015224500093609095,0.0038240000139921904,0.016772700008004904,0.013651999877765775,0.04871270013973117,0.06516280001960695,0.00010859989561140537
98,0.8871007306289505,0.29897780583833644,0.5354125566350298,0.23171497980391131,9,1,2.955544045502728,8.038249910122524,ok,,0.06370209995657206,0.0029889000579714775,0.003856099909171462,0.014993899967521429,0.00531770009547472,0.016207600012421608,0.004060399951413274,0.016166799934580922,0.013234199956059456,0.04736829991452396,0.06359139992855489,0.00011070002801716328
99,0.9300073104250001,0.19914926870530616,0.46568431614443184,0.15465598782441398,10,1,1.3875730737915601,2.0419732853764865,ok,,0.056594999972730875,0.0028213998302817345,0.0038622000720351934,0.014356500003486872,0.003728399984538555,0.013996799942106009,0.004126899875700474,0.013584099942818284,0.011717499932274222,0.041937399888411164,0.05647629965096712,0.00011870032176375389
100,0.8835950111554547,0.20279507455984053,0.386531975242702,0.14026544439648453,3,3,3.865291362235674,4.7610583740987344,ok,,0.06248249998316169,0.0032552999909967184,0.00684499996714294,0.014174600131809711,0.00416340003721416,0.017652699956670403,0.003693999955430627,0.012571200029924512,0.014702399959787726,0.04439850011840463,0.06235620006918907,0.0001262999139726162
101,1.3908188663871994,0.29403194531832133,0.7323022576847911,0.19164851139754566,3,9,3.80054846031386,4.079876015655662,ok,,0.0631352998316288,0.0027701000217348337,0.0036935999523848295,0.015025400090962648,0.00587589992210269,0.01347530004568398,0.005370700033381581,0.016806799918413162,0.0149401999078691,0.04530750005505979,0.06301779998466372,0.00011749984696507454
102,0.9560612945379239,0.31735463329028035,0.7127668470720707,0.09100715175240567,4,7,0.7889225156837216,2.7928561421295717,ok,,0.05829850002191961,0.003123900154605508,0.0037942000199109316,0.014372200006619096,0.0037130999844521284,0.013573499862104654,0.004687499953433871,0.01490919990465045,0.012194799957796931,0.0428548997733742,0.05817359988577664,0.00012490013614296913
103,0.8764448596442322,0.30615875502270073,0.815217331171467,0.1797822263865258,8,3,1.450909612892917,7.083988728413591,ok,,0.06211149995215237,0.002585100010037422,0.00614819978363812,0.01656439993530512,0.0037053001578897238,0.014378099935129285,0.004213500069454312,0.0144144999794662,0.014067000010982156,0.0453569998499006,0.06200909987092018,0.00010240008123219013
104,1.6473498747424302,0.29693303669123916,0.7675498773861431,0.17783052713787312,3,3,3.936767053105098,5.394738684571124,ok,,0.06412759982049465,0.0024502999149262905,0.0037867999635636806,0.01575989997945726,0.005534099880605936,0.014942500041797757,0.005296999821439385,0.016250899992883205,0.014617899665609002,0.04695330001413822,0.06402149959467351,0.00010610022582113743
105,1.4965860140789777,0.31407703694373595,0.7465737403054356,0.22681651322489277,5,1,3.86198862480715,4.850228930337615,ok,,0.06794400000944734,0.0023215999826788902,0.003954899962991476,0.02023229980841279,0.005884699989110231,0.01642220001667738,0.003783599939197302,0.01524239988066256,0.01362319989129901,0.05189689970575273,0.06784169957973063,0.00010230042971670628
106,1.5504837361710289,0.24591633455300588,0.3529911304010262,0.22518176677121626,5,6,2.348190830000653,3.0955311870532087,ok,,0.06356859998777509,0.003010899992659688,0.004482900025323033,0.0161744998767972,0.005065100034698844,0.01393770007416606,0.006262000184506178,0.014526499900966883,0.015810000244528055,0.04463869985193014,0.06345960008911788,0.00010899989865720272
107,1.4579640630730393,0.1458571538283369,0.7256214716518858,0.23966436373183858,7,9,4.245267060250576,3.3501277638233407,ok,,0.056260199984535575,0.003278000047430396,0.0037188001442700624,0.013958499999716878,0.0038687000051140785,0.014198699966073036,0.003751899814233184,0.01337099983356893,0.011339399963617325,0.041528199799358845,0.056145599810406566,0.00011460017412900925
108,1.3980976171182946,0.27366892468055454,0.8580976929611281,0.15019445193437903,7,8,2.7933727667653265,1.2778798560980875,ok,,0.06514100008644164,0.002918599871918559,0.007980199996381998,0.01828279998153448,0.0037769998889416456,0.014257000060752034,0.0038193000946193933,0.01398489996790886,0.015576499979943037,0.046524700010195374,0.06501979986205697,0.00012120022438466549
109,1.7215204266039539,0.2734940452041295,0.31043369622514555,0.239022338750365,7,9,3.893250103147248,6.306812742183097,ok,,0.06258419994264841,0.0033258998300880194,0.0037177999038249254,0.015872899908572435,0.005430200137197971,0.014636300038546324,0.003945700125768781,0.01554690022021532,0.013093700166791677,0.04605610016733408,0.06247570016421378,0.00010849977843463421
110,1.45376049493921,0.20311541389417417,0.6887142078624174,0.13977925264311497,8,1,4.469034362635265,3.624717448079852,ok,,0.0565911999437958,0.002810399979352951,0.004470600048080087,0.01371799991466105,0.0037679998204112053,0.014330699807032943,0.0038099000230431557,0.013574499869719148,0.012048499891534448,0.04162319959141314,0.05648209946230054,0.00010910048149526119
111,1.2669191228850343,0.3141920206453003,0.6795759303828238,0.25192495032608436,8,6,4.434142503290166,5.018339495973488,ok,,0.06896340008825064,0.0027828000020235777,0.006534299813210964,0.017910900060087442,0.0037416000850498676,0.01655140006914735,0.005353499902412295,0.015968400053679943,0.015629399800673127,0.050430700182914734,0.06884289998561144,0.0001205001026391983
112,0.9133413882089301,0.15802325007169876,0.6675392295291394,0.1751863539988497,8,3,3.6321183952197504,3.758153018155854,ok,,0.06311829993501306,0.004493699874728918,0.005605699960142374,0.014370099874213338,0.0037571999710053205,0.017024399945512414,0.004198999842628837,0.013132800115272403,0.013561899773776531,0.044527299934998155,0.0625828995835036,0.0005354003515094519
113,1.3976425354025057,0.239533367729651,0.33010973507589125,0.1598049759461838,8,5,1.858059624539956,6.50142611446025,ok,,0.05917339981533587,0.0031669000163674355,0.005679799942299724,0.0131182000041008,0.005322999786585569,0.013073200127109885,0.003980299923568964,0.0146913998760283,0.014983099652454257,0.040882800007238984,0.05903279967606068,0.00014060013927519321
114,1.5719882023071166,0.2540114959077384,0.37429417914424296,0.09500860327610301,4,10,1.5635315032815051,1.5328363671651597,ok,,0.06701719993725419,0.0032199001871049404,0.004455599933862686,0.017800399800762534,0.004239300033077598,0.014636700041592121,0.005555100040510297,0.01699679996818304,0.01425000000745058,0.049433899810537696,0.06690380000509322,0.00011339993216097355
115,1.6730643436889623,0.22411638452599902,0.3229378180853109,0.19847951650100765,6,9,2.525731975624103,7.549727669523304,ok,,0.06398119986988604,0.003756199963390827,0.005125000141561031,0.013741999864578247,0.006201999960467219,0.014510100008919835,0.005247799912467599,0.01528290007263422,0.01657480001449585,0.0435349999461323,0.06386599992401898,0.00011519994586706161
116,0.8690469518279702,0.1854995299153549,0.3912627727253759,0.23432845049924017,6,7,4.2373512595390554,5.889470750001875,ok,,0.06145109981298447,0.003197500016540289,0.005942899966612458,0.015402399934828281,0.0037585999816656113,0.014108600094914436,0.0037841000594198704,0.0151379001326859,0.01348560000769794,0.04464890016242862,0.061332000186666846,0.00011909962631762028
117,1.7719702357114238,0.28065315982731276,0.35383916881148064,0.12198987758012131,7,4,4.551354483410619,4.460995656903521,ok,,0.06353969988413155,0.0035535001661628485,0.005742799956351519,0.01666379999369383,0.0037342000287026167,0.015490799909457564,0.003922800067812204,0.014309999998658895,0.01339980005286634,0.04646459990181029,0.06341790012083948,0.0001217997632920742
118,1.3995841965661184,0.244368601145886,0.8204221812870358,0.24708617423359075,10,3,4.154012821115692,8.229661141487899,ok,,0.05951729998923838,0.002954100025817752,0.004194099921733141,0.014361399924382567,0.00632039993070066,0.014156199991703033,0.004172499990090728,0.013237499864771962,0.014686999842524529,0.04175509978085756,0.05939619964919984,0.00012110034003853798
119,1.2337511798748257,0.32279168042195583,0.3048607695840264,0.20912860730956212,3,9,4.208056999851623,3.214066417738306,ok,,0.06250170012935996,0.0028953999280929565,0.0042667998932302,0.01719740009866655,0.00377479987218976,0.015046600019559264,0.0062945999670773745,0.012908399803563952,0.014336199732497334,0.045152399921789765,0.062383999582380056,0.00011770054697990417
120,1.1199738630770055,0.12418298932362189,0.41715349985588807,0.14502671285920524,3,8,4.0519613743541285,9.514871160575701,ok,,0.05839590006507933,0.004374600015580654,0.0037879999727010727,0.016054400010034442,0.003722999943420291,0.014348400058224797,0.0037312000058591366,0.012254399945959449,0.0112421999219805,0.04265720001421869,0.05827399995177984,0.00012190011329948902
121,1.790010278911371,0.19090144121830865,0.5772631577278531,0.17053291945019652,9,6,2.2531282647405098,2.638302486690426,ok,,0.06272009992972016,0.0030841000843793154,0.0041970000602304935,0.01930039981380105,0.004934399854391813,0.01368550001643598,0.004089399939402938,0.01326350006274879,0.013220799854025245,0.04624939989298582,0.06255429983139038,0.00016580009832978249
122,1.4909786407963952,0.16030726505529777,0.7373873066248111,0.258871544948592,10,4,2.6339131122691852,1.0813447419272473,ok,,0.057129799854010344,0.0029462999664247036,0.004465100122615695,0.014569000108167529,0.0037715998478233814,0.013704299926757812,0.0037630998995155096,0.013772600097581744,0.011999799869954586,0.042045900132507086,0.056991999968886375,0.00013779988512396812
123,1.1003829786226844,0.20066567039082053,0.3426287084719949,0.13654944777467237,5,3,1.8440314893368144,7.792500295232337,ok,,0.06167800002731383,0.0023944000713527203,0.004518500063568354,0.013144599972292781,0.00686699990183115,0.015197300119325519,0.004138400079682469,0.015308999922126532,0.015523900045081973,0.04365090001374483,0.061569200130179524,0.00010879989713430405
124,1.7127811317966275,0.3362572418626585,0.755405324798113,0.28300048251321397,6,3,3.594583933422305,6.909462189782216,ok,,0.06874509993940592,0.0028359999414533377,0.004049000097438693,0.01623989990912378,0.0076627000235021114,0.016102699795737863,0.004422200145199895,0.01732389978133142,0.0161339002661407,0.04966649948619306,0.0686363996937871,0.00010870024561882019
125,1.6886413372535978,0.14499981614623692,0.5845415165284051,0.08527108652143224,10,6,1.101015435923918,9.43987601678463,ok,,0.06365190003998578,0.003510999958962202,0.00429369998164475,0.014833600027486682,0.00522730010561645,0.014434400014579296,0.0050564000848680735,0.016012500040233135,0.014577400172129273,0.04528050008229911,0.06336890021339059,0.0002829998265951872
126,1.1622444407143573,0.26632213135475413,0.3596259997550655,0.08504300508182741,9,4,2.790690872073416,9.229808662836827,ok,,0.0628457001876086,0.003096699947491288,0.003944199997931719,0.01408839994110167,0.005654599983245134,0.014908100012689829,0.006630399962887168,0.01429259986616671,0.01622919994406402,0.04328909981995821,0.06261499971151352,0.00023070047609508038
127,0.8345476714680892,0.265783130308171,0.5107338317710515,0.08441300476369502,8,6,1.3421851355719554,5.7252631239602385,ok,,0.06059279991313815,0.003839799901470542,0.003922800067812204,0.014493199996650219,0.0037272002082318068,0.015123600140213966,0.004791799932718277,0.014560599811375141,0.012441800208762288,0.044177399948239326,0.060459000058472157,0.00013379985466599464
128,1.2127171468973956,0.2331733049415195,0.5175266423707416,0.22012566030294634,8,4,1.5434194639447414,3.3311236889309743,ok,,0.060733200050890446,0.0039190000388771296,0.006349500035867095,0.014043700182810426,0.0039025000296533108,0.01505449996329844,0.003737199818715453,0.01359359989874065,0.013989199884235859,0.042691800044849515,0.0605999999679625,0.00013320008292794228
129,1.1789432408587408,0.27438251466036534,0.7048111913523243,0.2738091234207996,5,9,4.204962136905542,4.5611869431619585,ok,,0.05840300000272691,0.0026771998964250088,0.0037036999128758907,0.014225400052964687,0.003679899964481592,0.013828899944201112,0.004871899960562587,0.01529289991594851,0.01225549983792007,0.04334719991311431,0.05827989964745939,0.00012310035526752472
130,1.1898090667731753,0.12692780027969813,0.8354523379163779,0.2949780345941145,3,3,1.2204596949533442,2.0261810156720985,ok,,0.06111950008198619,0.0036297000478953123,0.0051559999119490385,0.016028400044888258,0.00370959984138608,0.014793899841606617,0.003991599893197417,0.01368550001643598,0.012857199646532536,0.044507799902930856,0.060994699597358704,0.00012480048462748528
131,1.0067795895492893,0.18758829922388576,0.31898996368826,0.10254178652616215,4,5,4.482437901984573,2.2220489170077586,ok,,0.06433269986882806,0.003022699849680066,0.007473499979823828,0.01636219979263842,0.005041700089350343,0.016072599915787578,0.0037718999665230513,0.012464399915188551,0.016287100035697222,0.04489919962361455,0.06420899950899184,0.00012370035983622074
132,1.2157612576029357,0.20227162957625175,0.3618680643255676,0.08663053599264844,3,4,1.9720462769218456,4.037640450146016,ok,,0.05847449996508658,0.003285699989646673,0.004615699872374535,0.014117199927568436,0.004099200014024973,0.013640600023791194,0.005096399923786521,0.01350350002758205,0.013811299810186028,0.04126129997894168,0.05835829977877438,0.00011620018631219864
133,1.433263330190663,0.16568659994514562,0.855290565803559,0.27354906526813144,9,8,4.831221952425098,3.7261527407528106,ok,,0.05955160013400018,0.004114300012588501,0.004013899946585298,0.015159300062805414,0.0037217000499367714,0.01487830001860857,0.003813799936324358,0.013727499870583415,0.011549399932846427,0.0437650999519974,0.05942879989743233,0.00012280023656785488
134,1.5023185702326136,0.17352845924222143,0.390128336602393,0.2692764031751213,9,3,0.5015225057934971,2.095028050020173,ok,,0.06165560008957982,0.0028027999214828014,0.003884200006723404,0.015929499873891473,0.0059448000974953175,0.012588900048285723,0.0058593000285327435,0.014531100168824196,0.015688300132751465,0.04304950009100139,0.06154060014523566,0.00011499994434416294
135,1.5269873093940287,0.3080519915124743,0.7305202371451494,0.13194787578863265,3,7,3.238201597718774,5.287598237909561,ok,,0.12401139992289245,0.037433499936014414,0.012989100068807602,0.026770700002089143,0.014567800099030137,0.014812999870628119,0.0038117000367492437,0.013486299896612763,0.03136860020458698,0.055069999769330025,0.12387209990993142,0.00013930001296103
136,1.0714390094628672,0.2673603656770177,0.8249933222598707,0.17007392503555352,8,4,2.716150188696873,9.398573192315208,ok,,0.06505779991857708,0.002721299882978201,0.004989200038835406,0.013090800028294325,0.005475600017234683,0.016608600039035082,0.003847199957817793,0.018216899828985333,0.014312000013887882,0.04791629989631474,0.06494959979318082,0.00010820012539625168
137,1.012029849833492,0.3068420835497312,0.4310367089208952,0.29739221074911065,4,8,2.493731353464117,2.963003176107481,ok,,0.06516500003635883,0.003163499990478158,0.007152999984100461,0.014012499945238233,0.00527020008303225,0.01587229990400374,0.004504299955442548,0.015069300075992942,0.01692750002257526,0.044954099925234914,0.06504509993828833,0.00011990009807050228
138,1.3108090652551092,0.1241763908524632,0.4050531641375916,0.15918058362157705,3,1,4.904707343876573,2.7099932122413004,ok,,0.06227639992721379,0.002714300062507391,0.005329200066626072,0.015112800057977438,0.0049816002137959,0.013710599858313799,0.005413099890574813,0.01489429990760982,0.015723900170996785,0.04371769982390106,0.06215590005740523,0.00012049986980855465
139,1.290651035725923,0.34341840794998924,0.8287169694239478,0.12875195666809117,6,4,4.117605514957864,8.024668145386407,ok,,0.060453099897131324,0.0027954999823123217,0.004896900150924921,0.014947599964216352,0.003732900135219097,0.014001700095832348,0.003765899920836091,0.016080199973657727,0.01239570020698011,0.04502950003370643,0.06022070022299886,0.00023239967413246632
140,0.8975866489294773,0.1988249187870385,0.7500721062717728,0.12582821652692341,7,2,2.7627355710220516,3.326666807630582,ok,,0.061388300033286214,0.002638700185343623,0.005181199871003628,0.01618870021775365,0.003703900147229433,0.015761000104248524,0.003723900066688657,0.014088599942624569,0.012609000084921718,0.04603830026462674,0.06128600053489208,0.00010229949839413166
141,1.075050496988018,0.21113910796877056,0.36112317405789796,0.26257504049615105,9,4,4.043211730303774,3.0369917568303695,ok,,0.058478400111198425,0.0028440000023692846,0.004458000184968114,0.015368400141596794,0.005279600154608488,0.012737800134345889,0.005598900141194463,0.012077199993655086,0.015336500480771065,0.04018340026959777,0.05836390075273812,0.00011449935846030712
142,1.1286217105513132,0.25758480828814834,0.445626651069461,0.21779932483423742,3,6,0.9635188369600907,7.628473693903406,ok,,0.05917789996601641,0.0034983998630195856,0.0036497998517006636,0.014852799940854311,0.003708000062033534,0.014654400059953332,0.0037338000256568193,0.014957900159060955,0.011091599939391017,0.0444651001598686,0.0590550999622792,0.00012280000373721123
143,1.7939462912949082,0.25920915437006536,0.4447702583670101,0.2906644705346906,9,5,1.7722660728958892,9.171049262861699,ok,,0.06159559986554086,0.0029712000396102667,0.004750599851831794,0.014237099792808294,0.005395699990913272,0.01445299992337823,0.004326099995523691,0.01534799998626113,0.014472399838268757,0.04403809970244765,0.061481699580326676,0.00011390028521418571
144,1.6422492093409757,0.1545621505308768,0.6494771987138558,0.16333455119418538,6,4,1.9677889861632338,8.389008412000452,ok,,0.06009699986316264,0.0031355000101029873,0.0038144998252391815,0.014093399979174137,0.003885299898684025,0.014296300010755658,0.007938600145280361,0.012828199891373515,0.015638399869203568,0.04121789988130331,0.059991799760609865,0.00010520010255277157
145,0.8614330594305348,0.2869550090550458,0.7189892398636712,0.09288885936923355,5,7,2.6639696598074725,3.301353466919785,ok,,0.05945140006951988,0.0040778000839054585,0.003945099888369441,0.013676299946382642,0.003716000122949481,0.015545099973678589,0.003735999809578061,0.014646299881860614,0.011397099820896983,0.043867699801921844,0.059342599706724286,0.00010880036279559135
146,1.658295378648798,0.3401164095811958,0.7430042952500535,0.09331127391208943,9,1,2.293088622906985,6.225760471671425,ok,,0.06483469996601343,0.0027436998207122087,0.0039072001818567514,0.016972099896520376,0.005788900190964341,0.013921899953857064,0.0049328000750392675,0.01646369998343289,0.01462890044786036,0.04735769983381033,0.0647303001023829,0.00010439986363053322
147,1.1135142156618312,0.3394896429638886,0.6112215918639915,0.15317500621988622,3,2,4.187092003364413,4.155865481388145,ok,,0.06924730003811419,0.0024805001448839903,0.0044998000375926495,0.017280499916523695,0.007605399936437607,0.01655089994892478,0.004890700103715062,0.015831900062039495,0.01699590007774532,0.04966329992748797,0.06913970015011728,0.000107599887996912
148,1.2549128473957516,0.16637574276511866,0.410097509894949,0.09736523821430351,3,5,0.8384286081471819,4.842916981588573,ok,,0.059408999979496,0.002912800060585141,0.003953500185161829,0.013782999943941832,0.0042443000711500645,0.01416280004195869,0.006022500107064843,0.014181900070980191,0.014220300363376737,0.04212770005688071,0.05926080048084259,0.00014819949865341187
149,0.8465365350276083,0.18691475014200493,0.5679417337831367,0.2523900536865706,5,1,0.8764616582798952,2.401265474172008,ok,,0.05985919991508126,0.002534799976274371,0.003986299969255924,0.015561999985948205,0.003725100075826049,0.01428420003503561,0.00367900007404387,0.015966200036928058,0.011390400119125843,0.04581240005791187,0.05973760015331209,0.00012159976176917553
