case_id,design_wing_span,design_wing_chord,design_tail_arm,design_nose_length,design_ducks_num,design_pucks_num,design_banner_length,design_batt_capacity,coarse_status,coarse_error,coarse_elapsed_seconds,coarse_total_score,coarse_breakdown_0,coarse_breakdown_1,coarse_breakdown_2,coarse_breakdown_3,coarse_M1_can_fly,coarse_M1_lap_time,coarse_M1_penalty,coarse_M1_penalty_static_margin,coarse_M1_penalty_longitudinal,coarse_M1_penalty_directional,coarse_M1_penalty_spiral,coarse_M2_can_fly,coarse_M2_lap_time,coarse_M2_penalty,coarse_M2_penalty_static_margin,coarse_M2_penalty_longitudinal,coarse_M2_penalty_directional,coarse_M2_penalty_spiral,coarse_M3_can_fly,coarse_M3_lap_time,coarse_M3_penalty,coarse_M3_penalty_static_margin,coarse_M3_penalty_longitudinal,coarse_M3_penalty_directional,coarse_M3_penalty_spiral,full_status,full_error,full_elapsed_seconds,full_total_score,full_breakdown_0,full_breakdown_1,full_breakdown_2,full_breakdown_3,full_M1_can_fly,full_M1_lap_time,full_M1_penalty,full_M1_penalty_static_margin,full_M1_penalty_longitudinal,full_M1_penalty_directional,full_M1_penalty_spiral,full_M2_can_fly,full_M2_lap_time,full_M2_penalty,full_M2_penalty_static_margin,full_M2_penalty_longitudinal,full_M2_penalty_directional,full_M2_penalty_spiral,full_M3_can_fly,full_M3_lap_time,full_M3_penalty,full_M3_penalty_static_margin,full_M3_penalty_longitudinal,full_M3_penalty_directional,full_M3_penalty_spiral
0,0.8715402700129861,0.3181621972489185,0.7977672647345363,0.2259469548546263,8,9,4.03236563626821,5.275465240880569,ok,,0.5647661000257358,4.516388612410738,0.24324324324324326,1.0,1.273145369167495,2.0,True,34.661741017677535,0.0,0.0,0.0,0.0,0.0,True,40.222512072976784,0.0,0.0,0.0,0.0,0.0,False,inf,0.0,nan,nan,nan,nan,ok,,8.257356700021774,-2.457812193779386,0.24324324324324326,1.0,1.273145369167495,2.0,False,33.62245969106028,3.474200806190124,0.0,0.0,9.828005374600826,10.0,False,38.006725415275326,3.5,0.0,0.0,10.0,10.0,False,inf,0.0,nan,nan,nan,nan
1,1.5216835716455137,0.23981233604375757,0.5163277216260798,0.20009386017368375,8,3,1.681891111091934,7.238435240264451,ok,,1.0300180000485852,4.682299570320631,0.32142857142857145,1.0,1.0826400709994626,2.278230927892597,True,32.133869678299234,0.0,0.0,0.0,0.0,0.0,True,33.11584822549313,0.0,0.0,0.0,0.0,0.0,True,40.86469264436718,0.0,0.0,0.0,0.0,0.0,ok,,9.271435600006953,-1.3177004296793688,0.32142857142857145,1.0,1.0826400709994626,2.278230927892597,False,31.26261153696941,2.0,0.0,0.0,0.0,10.0,False,32.30053504784988,2.0,0.0,0.0,0.0,10.0,False,40.571665787466145,2.0,0.0,0.0,0.0,10.0
2,1.7144713439969608,0.258478355845525,0.44901266266069617,0.11076963094344668,9,9,4.224621597021677,1.6314154273117378,ok,,0.21675570006482303,4.945865491310721,0.22784810126582278,1.0,1.427685945297537,2.290331444747362,True,31.119408973814163,0.0,0.0,0.0,0.0,0.0,True,33.54016055577597,0.0,0.0,0.0,0.0,0.0,True,87.34090493818852,0.0,0.0,0.0,0.0,0.0,ok,,7.865658099995926,-1.3010052102744485,0.22784810126582278,1.0,1.471146688459729,2.0,False,29.423202486653867,2.0,0.0,0.0,0.0,10.0,False,31.878153465893732,2.0,0.0,0.0,0.0,10.0,False,1000000.0,2.0,0.0,0.0,0.0,10.0
3,1.3592799124713257,0.15566101149139105,0.41005465421717213,0.1625617006328319,6,10,2.476167112055384,2.673622259725164,ok,,0.30312559998128563,4.310481531672996,0.26865671641791045,1.0,1.3973913036677932,2.3005997664436233,True,32.866079807069475,0.0,0.0,0.0,0.0,0.0,True,36.44669632139261,0.0,0.0,0.0,0.0,0.0,True,57.437109951736616,0.0,0.0,0.0,0.0,0.0,ok,,7.443427399965003,1.7804927051699257,0.26865671641791045,1.0,1.3973913036677932,2.2404798131548986,False,32.41657786378484,0.8605965415368699,0.0,0.0,5.737310276912466,0.0,False,36.280478433591064,0.9549016466103848,0.0,0.0,6.366010977402565,0.0,False,63.50192234410092,0.6543706850670903,0.0,0.0,4.362471233780602,0.0
4,1.2055795710558828,0.26550443226819975,0.31768609422567623,0.27047299037629424,4,2,4.061396506276465,9.490302282516907,ok,,0.7480083999689668,4.526745417865657,0.5454545454545454,1.0,0.9812908724111109,2.0,True,34.17149337558797,0.0,0.0,0.0,0.0,0.0,True,34.86642859916472,0.0,0.0,0.0,0.0,0.0,False,inf,0.0,nan,nan,nan,nan,ok,,7.275032900040969,4.287604332846017,0.5454545454545454,1.0,0.9812908724111109,2.0,False,33.13728501131433,0.09771117652125096,0.0,0.0,0.6514078434750064,0.0,False,33.890101892109655,0.14142990849838796,0.0,0.0,0.9428660566559198,0.0,False,inf,0.0,nan,nan,nan,nan
5,1.7167737840109059,0.3229131523835297,0.8924179656516358,0.23039434244141982,7,6,4.348021868416848,8.256870077578226,ok,,0.7629214000189677,4.4329559591208145,0.3,1.0,1.132955959120815,2.0,True,31.8657811143898,0.0,0.0,0.0,0.0,0.0,True,33.236138054070565,0.0,0.0,0.0,0.0,0.0,True,1000000.0,0.0,0.0,0.0,0.0,0.0,ok,,8.284116100054234,4.4329559591208145,0.3,1.0,1.132955959120815,2.0,True,30.28798394193069,0.0,0.0,0.0,0.0,0.0,True,31.66861449116068,0.0,0.0,0.0,0.0,0.0,False,inf,0.0,nan,nan,nan,nan
6,1.3008472564461542,0.14901117258071933,0.5444485595811379,0.17946382174859163,5,4,4.38972390074183,1.9865410517471127,ok,,0.2184140000026673,4.5944653609731265,0.4090909090909091,1.0,1.1853744518822174,2.0,True,32.23388516188058,0.0,0.0,0.0,0.0,0.0,True,34.04221913021713,0.0,0.0,0.0,0.0,0.0,False,inf,0.0,nan,nan,nan,nan,ok,,7.625905300024897,2.806823697079312,0.4090909090909091,1.0,1.1853744518822174,2.0,False,32.051917680456405,0.878529944229221,0.0,0.0,5.856866294861474,0.0,False,33.97430504520385,0.9091117196645933,0.0,0.0,6.060744797763955,0.0,False,inf,0.0,nan,nan,nan,nan
7,0.9745212671180152,0.27345178468333686,0.49147258583589437,0.1871609236514737,5,3,0.6297493843992703,2.842675842797416,ok,,0.29570910008624196,4.702383678404075,0.43902439024390244,1.0,1.132556134727249,2.130803153432924,True,32.07726198595988,0.0,0.0,0.0,0.0,0.0,True,33.4915187530416,0.0,0.0,0.0,0.0,0.0,True,35.25826063581791,0.0,0.0,0.0,0.0,0.0,ok,,8.25372639996931,4.714786528578315,0.43902439024390244,1.0,1.1449589849014883,2.130803153432924,True,31.254830869588556,0.0,0.0,0.0,0.0,0.0,True,32.696593161808906,0.0,0.0,0.0,0.0,0.0,True,34.558487178049106,0.0,0.0,0.0,0.0,0.0
8,0.8338205267907275,0.2218235601745025,0.8266636365608011,0.0925679855868219,5,1,1.3397178167498054,4.03995001754308,ok,,0.48299930000212044,4.77284179702644,0.5142857142857142,1.0,1.0444240039712391,2.2141320787694867,True,34.05141055395468,0.0,0.0,0.0,0.0,0.0,True,34.79606847563019,0.0,0.0,0.0,0.0,0.0,True,43.74783356168886,0.0,0.0,0.0,0.0,0.0,ok,,7.941912599955685,4.77284179702644,0.5142857142857142,1.0,1.0444240039712391,2.2141320787694867,True,33.98680630591379,0.0,0.0,0.0,0.0,0.0,True,34.75999101595571,0.0,0.0,0.0,0.0,0.0,True,45.42513903809524,0.0,0.0,0.0,0.0,0.0
9,1.1511269950763343,0.27386953846478734,0.3264614132461098,0.1782925492483824,5,5,2.9493185704490403,9.03586029906277,ok,,0.7998112000059336,4.449049291431728,0.3829787234042553,1.0,1.0660705680274731,2.0,True,34.712130371165884,0.0,0.0,0.0,0.0,0.0,True,36.3270398327261,0.0,0.0,0.0,0.0,0.0,False,inf,0.0,nan,nan,nan,nan,ok,,7.93403720005881,3.7252158832911215,0.3829787234042553,1.0,1.0660705680274731,2.0,False,33.45716973962196,0.32104630758896635,0.0,0.0,2.1403087172597757,0.0,False,35.19910299984532,0.40278710055164024,0.0,0.0,2.685247337010935,0.0,False,inf,0.0,nan,nan,nan,nan
10,1.2948041585198693,0.13774775956154192,0.6509154794523571,0.2288867041947248,5,9,1.1614951040259713,1.3379312680220181,ok,,0.24830720003228635,4.895505221821668,0.3050847457627119,1.0,1.3908482994854352,2.1995721765735206,True,32.795916667474,0.0,0.0,0.0,0.0,0.0,True,36.54301008898926,0.0,0.0,0.0,0.0,0.0,True,38.69889365626405,0.0,0.0,0.0,0.0,0.0,ok,,8.19542750006076,-3.41999315987898,0.3050847457627119,1.0,1.3908482994854352,2.1995721765735206,False,32.64280474572874,3.4429789302206237,0.0,0.0,9.619859534804158,10.0,False,36.65382822939302,1.4986132240759338,0.0,0.0,9.990754827172893,0.0,False,38.952597436966,3.37390622740409,0.0,0.0,9.159374849360601,10.0
11,1.4888388083746373,0.29262459283568154,0.4105842354752078,0.14759284174028153,6,3,4.595336357124165,1.9540864740109596,ok,,0.2570312999887392,4.566759330755863,0.391304347826087,1.0,1.1754549829297756,2.0,True,30.84113218711044,0.0,0.0,0.0,0.0,0.0,True,31.85740828591308,0.0,0.0,0.0,0.0,0.0,True,1000000.0,0.0,0.0,0.0,0.0,0.0,ok,,8.449895499972627,0.5667593307558629,0.391304347826087,1.0,1.1754549829297756,2.0,False,29.275841211629114,2.0,0.0,0.0,0.0,10.0,False,30.29271006836138,2.0,0.0,0.0,0.0,10.0,False,inf,0.0,nan,nan,nan,nan
12,1.5381951434269334,0.1549543544455761,0.8399480053984831,0.2542095398816081,7,5,3.0155674219564554,7.021063339834435,ok,,0.938679700018838,4.586251178521888,0.3157894736842105,1.0,1.1283160558048166,2.142145649032861,True,33.233634660487624,0.0,0.0,0.0,0.0,0.0,True,34.98552199890834,0.0,0.0,0.0,0.0,0.0,True,105.780961369269,0.0,0.0,0.0,0.0,0.0,ok,,8.669617000035942,0.7073904754890066,0.3157894736842105,1.0,1.1283160558048166,2.0,False,33.1674634777808,0.7223620750969287,0.0,0.0,4.815747167312859,0.0,False,35.038700329426696,0.7562343536933421,0.0,0.0,5.041562357955614,0.0,False,1000000.0,2.25811862520975,0.0,0.0,1.7207908347316647,10.0
13,1.6000570498768356,0.343154712441707,0.8452300849333112,0.24533331032880845,5,2,4.82206397139591,8.610010947607975,ok,,0.8072993999812752,4.473769637798654,0.47368421052631576,1.0,1.0000854272723376,2.0,True,32.092671036302335,0.0,0.0,0.0,0.0,0.0,True,32.65573713561895,0.0,0.0,0.0,0.0,0.0,False,inf,0.0,nan,nan,nan,nan,ok,,7.666351099964231,4.473769637798654,0.47368421052631576,1.0,1.0000854272723376,2.0,True,30.536068371300082,0.0,0.0,0.0,0.0,0.0,True,31.08816465526207,0.0,0.0,0.0,0.0,0.0,False,inf,0.0,nan,nan,nan,nan
14,1.0546321714288351,0.30758034150698066,0.8926310493002316,0.22900534327386168,9,8,1.4361366916857512,3.20685065224166,ok,,0.4219770999625325,4.836519041292492,0.23684210526315788,1.0,1.3423840632607633,2.2572928727685713,True,32.45236239512027,0.0,0.0,0.0,0.0,0.0,True,35.54826181096795,0.0,0.0,0.0,0.0,0.0,True,39.969626934736034,0.0,0.0,0.0,0.0,0.0,ok,,7.465900200069882,-2.9395689238788787,0.23684210526315788,1.0,1.3423840632607633,2.2572928727685713,False,31.449671518050526,2.6330504518382645,0.0,0.0,4.22033634558843,10.0,False,34.522246097432195,2.674781853711302,0.0,0.0,4.498545691408681,10.0,False,39.38321016282598,2.4682556596218044,0.0,0.0,3.1217043974786947,10.0
15,0.8639517599292535,0.20595261598656328,0.7754225936198919,0.17272513605287293,8,4,1.0844289085002328,7.626207413337567,ok,,0.755910599953495,4.568160961403503,0.3050847457627119,1.0,1.0907084560848974,2.1723677595558946,True,36.218426261786504,0.0,0.0,0.0,0.0,0.0,True,39.92455040726867,0.0,0.0,0.0,0.0,0.0,True,46.65005872399517,0.0,0.0,0.0,0.0,0.0,ok,,7.839316600002348,-5.630290367602994,0.3050847457627119,1.0,1.0907084560848974,2.1723677595558946,False,36.158050231768385,3.3892104157488867,0.0,0.0,9.261402771659245,10.0,False,40.38181093851883,3.438244014625567,0.0,0.0,9.588293430837114,10.0,False,48.515521408527505,3.370996898632043,0.0,0.0,9.13997932421362,10.0
16,0.8479207647816376,0.18721422687055467,0.3885325963029985,0.2916781758004612,5,3,4.318943064317676,3.2794050722878896,ok,,0.3978847999824211,4.563608760768852,0.43902439024390244,1.0,1.1245843705249494,2.0,True,34.43454561674362,0.0,0.0,0.0,0.0,0.0,True,36.184844449569695,0.0,0.0,0.0,0.0,0.0,False,inf,0.0,nan,nan,nan,nan,ok,,6.891161500010639,1.5636087607688518,0.43902439024390244,1.0,1.1245843705249494,2.0,False,34.34239924606276,1.5,0.0,0.0,10.0,0.0,False,36.214261640068585,1.5,0.0,0.0,10.0,0.0,False,inf,0.0,nan,nan,nan,nan
17,1.66657949407796,0.28902203839971335,0.6020506207116973,0.14277929984447713,4,9,4.568886478595567,9.060981445883492,ok,,0.7752442000200972,4.484017171424071,0.3333333333333333,1.0,1.1506838380907376,2.0,True,32.84330817439434,0.0,0.0,0.0,0.0,0.0,True,34.84334476970557,0.0,0.0,0.0,0.0,0.0,False,inf,0.0,nan,nan,nan,nan,ok,,7.467307899962179,2.4949359845187464,0.3333333333333333,1.0,1.161602651185413,2.0,False,31.255945575847257,2.0,0.0,0.0,0.0,10.0,True,33.30081410903565,0.0,0.0,0.0,0.0,0.0,False,inf,0.0,nan,nan,nan,nan
18,1.7355304323243126,0.2935251473626891,0.8163141985915743,0.12733846496673804,9,4,3.5864713514904194,1.6101689051657833,ok,,0.22602719999849796,4.870795142027424,0.28125,1.0,1.262008253815707,2.3275368882117164,True,30.36627469350557,0.0,0.0,0.0,0.0,0.0,True,31.58262962346695,0.0,0.0,0.0,0.0,0.0,True,60.30918737581413,0.0,0.0,0.0,0.0,0.0,ok,,7.994207100011408,2.894104701093366,0.28125,1.0,1.2853178128816496,2.3275368882117164,True,28.79992460212652,0.0,0.0,0.0,0.0,0.0,True,29.991372673538102,0.0,0.0,0.0,0.0,0.0,False,62.27800881138317,2.0,0.0,0.0,0.0,10.0
19,1.067519579053534,0.3340875124499607,0.30740028821262455,0.20473359765266458,5,9,1.8072320849589907,9.325869460253701,ok,,0.8019554000347853,4.675815468064359,0.3050847457627119,1.0,1.1399898695513087,2.230740852750338,True,36.30010405680184,0.0,0.0,0.0,0.0,0.0,True,40.64370936266616,0.0,0.0,0.0,0.0,0.0,True,59.284029025171094,0.0,0.0,0.0,0.0,0.0,ok,,8.8618196999887,1.7524436395226672,0.3050847457627119,1.0,1.1504646128205431,2.230740852750338,False,34.03844923732964,0.9819347825395007,0.0,0.0,6.546231883596672,0.0,False,37.07014049542781,1.0741285190536813,0.0,0.0,7.1608567936912095,0.0,False,52.58637225048637,0.8777832702177438,0.0,0.0,5.851888468118292,0.0
20,1.6407371464147502,0.3005772266735949,0.7821745449363879,0.2018166284913803,6,10,3.4183151413074464,1.8161685938781993,ok,,0.259080299991183,5.09014448742449,0.26865671641791045,1.0,1.4253099950277703,2.396177775978809,True,31.02312844184953,0.0,0.0,0.0,0.0,0.0,True,33.566593837451094,0.0,0.0,0.0,0.0,0.0,True,59.53019386648704,0.0,0.0,0.0,0.0,0.0,ok,,9.544306399999186,5.0546282371627544,0.26865671641791045,1.0,1.469029299961797,2.316942220783047,True,29.425064568266666,0.0,0.0,0.0,0.0,0.0,True,31.92801549053242,0.0,0.0,0.0,0.0,0.0,True,61.266863003865325,0.0,0.0,0.0,0.0,0.0
21,0.8361404483864212,0.3321158704629278,0.573002400943162,0.29631397731781095,6,9,1.2654749099475828,4.200044644614978,ok,,0.4440217000665143,4.767688284057262,0.28125,1.0,1.2842594718279545,2.2021788122293073,True,34.7137995451708,0.0,0.0,0.0,0.0,0.0,True,40.680611048223284,0.0,0.0,0.0,0.0,0.0,True,43.49144998401595,0.0,0.0,0.0,0.0,0.0,ok,,7.851767899934202,-5.6986152472378535,0.28125,1.0,1.2842594718279545,2.235875280934192,False,33.43658652435371,3.5,0.0,0.0,10.0,10.0,False,37.729856098938455,3.5,0.0,0.0,10.0,10.0,False,41.75271955208472,3.5,0.0,0.0,10.0,10.0
22,1.4064853357718659,0.12513662876409273,0.8672926965045493,0.19100825337815125,7,10,2.5865268164949486,4.311711367772977,ok,,0.4171502999961376,4.756653561587367,0.25,1.0,1.319742565502837,2.186910996084529,True,33.93948562379933,0.0,0.0,0.0,0.0,0.0,True,38.39929562114263,0.0,0.0,0.0,0.0,0.0,True,84.33090379920407,0.0,0.0,0.0,0.0,0.0,ok,,8.212166899931617,-9.663588663507904,0.25,1.0,1.319742565502837,2.0,False,34.07421407518903,3.3435604716721565,0.0,0.0,8.95706981114771,10.0,False,39.72567029114255,3.415552366158413,0.0,0.0,9.43701577438942,10.0,False,1000000.0,7.474218391180172,7.633536285723812,5.300207998283819,7.305012515464623,10.0
23,1.3167939382813652,0.2065691274134987,0.35988187424956186,0.22422657452570588,4,4,2.893636502799721,8.746351701210424,ok,,0.842625500052236,4.643802425613149,0.46153846153846156,1.0,1.040738659762781,2.141525304311906,True,33.92798599424284,0.0,0.0,0.0,0.0,0.0,True,35.220037823442574,0.0,0.0,0.0,0.0,0.0,True,126.68602605619074,0.0,0.0,0.0,0.0,0.0,ok,,7.825658499961719,2.130680899332578,0.46153846153846156,1.0,1.040738659762781,2.0,False,33.34826362956416,0.3303853984201543,0.0,0.0,2.2025693228010286,0.0,False,34.7555280861778,0.39298963748116666,0.0,0.0,2.619930916541111,0.0,False,1000000.0,1.6482211860673432,0.0,0.0,0.0,8.241105930336715
24,0.9606135019511808,0.16200967111910225,0.5277695650666822,0.1944361109741276,3,7,4.173209522303061,3.380201422846807,ok,,0.4093519999878481,4.634189516838818,0.4186046511627907,1.0,1.2155848656760275,2.0,True,34.90029446164067,0.0,0.0,0.0,0.0,0.0,True,39.52143615533368,0.0,0.0,0.0,0.0,0.0,False,inf,0.0,nan,nan,nan,nan,ok,,7.386103900033049,-2.365810483161182,0.4186046511627907,1.0,1.2155848656760275,2.0,False,34.788914551467485,3.5,0.0,0.0,10.0,10.0,False,40.15329829787538,3.5,0.0,0.0,10.0,10.0,False,inf,0.0,nan,nan,nan,nan
25,1.4737091636010042,0.3055709209066577,0.4579876559030416,0.28194699285879954,8,8,3.608983828511818,4.821636724632616,ok,,0.4694492000853643,4.795365162921188,0.2535211267605634,1.0,1.2839462196175413,2.257897816543083,True,32.214045604181436,0.0,0.0,0.0,0.0,0.0,True,34.41538559772838,0.0,0.0,0.0,0.0,0.0,True,75.60122814465409,0.0,0.0,0.0,0.0,0.0,ok,,7.4894056000048295,2.2371034216997607,0.2535211267605634,1.0,1.310550608180845,2.257897816543083,False,30.527972805065144,0.264789526751674,0.0,0.0,1.7652635116778268,0.0,False,32.73036847091604,0.32007660303305663,0.0,0.0,2.1338440202203777,0.0,False,95.8916093087912,2.0,0.0,0.0,0.0,10.0
26,0.9555912244767238,0.25468521042928094,0.4650353365373976,0.28841233442093644,7,3,3.0646940301214265,3.5235981082672905,ok,,0.4012948999879882,4.494036037756414,0.35294117647058826,1.0,1.1410948612858263,2.0,True,32.86536939099505,0.0,0.0,0.0,0.0,0.0,True,34.37106606110914,0.0,0.0,0.0,0.0,0.0,True,1000000.0,0.0,0.0,0.0,0.0,0.0,ok,,7.422132499981672,2.4940360377564144,0.35294117647058826,1.0,1.1410948612858263,2.0,True,32.26573427034839,0.0,0.0,0.0,0.0,0.0,False,33.8345347726504,2.0,0.0,0.0,0.0,10.0,True,1000000.0,0.0,0.0,0.0,0.0,0.0
27,1.2742410630579681,0.24080217287722705,0.5558355762245347,0.2054375432434346,9,10,3.2401642373402813,6.689329041381115,ok,,0.41946380003355443,4.51291854566445,0.21951219512195122,1.0,1.293406350542498,2.0,True,33.691526018488766,0.0,0.0,0.0,0.0,0.0,True,36.82468292581247,0.0,0.0,0.0,0.0,0.0,True,1000000.0,0.0,0.0,0.0,0.0,0.0,ok,,7.193080299999565,0.7415052671750129,0.21951219512195122,1.0,1.293406350542498,2.0,False,32.687055094666654,2.850660676056526,0.0,0.0,5.671071173710174,10.0,False,35.979824460927304,0.9207526024329107,0.0,0.0,6.138350682886071,0.0,False,inf,0.0,nan,nan,nan,nan
28,1.1200358395137064,0.13048912841617902,0.6649187896620483,0.1503320012982517,4,6,0.8776943398821495,2.520117166681318,ok,,0.30510229989886284,4.791317185784621,0.4,1.0,1.2358791810485419,2.1554380047360797,True,33.9484411396574,0.0,0.0,0.0,0.0,0.0,True,36.84145957941543,0.0,0.0,0.0,0.0,0.0,True,38.0997230157226,0.0,0.0,0.0,0.0,0.0,ok,,7.507354599889368,-5.708682814215379,0.4,1.0,1.2358791810485419,2.1554380047360797,False,34.01559401032404,3.5,0.0,0.0,10.0,10.0,False,37.16886782581793,3.5,0.0,0.0,10.0,10.0,False,38.89181734067843,3.5,0.0,0.0,10.0,10.0
29,1.6433117989792878,0.24885481116357233,0.5119355034532085,0.11806408407969515,8,5,3.1004492133801773,6.760423337583728,ok,,0.40678800002206117,4.720920089265172,0.2903225806451613,1.0,1.1432465086993506,2.28735099992066,True,32.01731623102982,0.0,0.0,0.0,0.0,0.0,True,33.41074978780067,0.0,0.0,0.0,0.0,0.0,True,60.27817401157124,0.0,0.0,0.0,0.0,0.0,ok,,7.57976710004732,-1.267979652702965,0.2903225806451613,1.0,1.154346766731214,2.28735099992066,False,30.75991712500448,2.0,0.0,0.0,0.0,10.0,False,32.204627814068864,2.0,0.0,0.0,0.0,10.0,False,64.33467305079502,2.0,0.0,0.0,0.0,10.0
30,0.9461267663216743,0.2398343713140414,0.864835857024288,0.2401204945654083,8,5,1.3332771393522922,8.959869142285925,ok,,0.7675390000222251,4.585662759498498,0.2903225806451613,1.0,1.086573733594058,2.208766445259279,True,35.835904900970995,0.0,0.0,0.0,0.0,0.0,True,38.92247298755784,0.0,0.0,0.0,0.0,0.0,True,48.422584748585365,0.0,0.0,0.0,0.0,0.0,ok,,7.786699799937196,-4.856592710809504,0.2903225806451613,1.0,1.086573733594058,2.208766445259279,False,35.521370526750445,3.1560920919051325,0.0,0.0,7.707280612700883,10.0,False,38.71991663406469,3.206452546500218,0.0,0.0,8.043016976668119,10.0,False,49.93416601714824,3.079710831902651,0.0,0.0,7.198072212684343,10.0
31,1.2545844279627967,0.19096651986140695,0.6165021678371154,0.1097527321150227,10,3,2.0375061654571844,8.666109366889383,ok,,0.7556108999997377,4.590512188786162,0.2727272727272727,1.0,1.0659937694736075,2.2517911465852825,True,34.27598156552716,0.0,0.0,0.0,0.0,0.0,True,35.5767838630199,0.0,0.0,0.0,0.0,0.0,True,54.38697148003253,0.0,0.0,0.0,0.0,0.0,ok,,8.351174400071613,1.9628639009223243,0.2727272727272727,1.0,1.0659937694736075,2.2517911465852825,False,34.003626891362664,0.2944232252080788,0.0,0.0,1.9628215013871921,0.0,False,35.39461678083979,0.333225062655759,0.0,0.0,2.22150041770506,0.0,False,59.37755219848332,2.0,0.0,0.0,0.0,10.0
32,1.230085529233759,0.2869654274523763,0.7639118956597089,0.22573166668948969,10,1,4.024296237857154,1.0485969502558046,ok,,0.24322529998607934,4.459101864437562,0.3,1.0,1.159101864437562,2.0,True,31.18072919166989,0.0,0.0,0.0,0.0,0.0,True,31.89683271282393,0.0,0.0,0.0,0.0,0.0,True,1000000.0,0.0,0.0,0.0,0.0,0.0,ok,,7.681513500050642,4.459101864437562,0.3,1.0,1.159101864437562,2.0,True,30.097295364782916,0.0,0.0,0.0,0.0,0.0,True,30.802948004778628,0.0,0.0,0.0,0.0,0.0,False,inf,0.0,nan,nan,nan,nan
33,0.9940411955577518,0.22254871674677842,0.8408493694914241,0.2078805172395075,9,8,0.5754702240322056,7.856666131593483,ok,,0.956415900029242,4.527517498796516,0.23684210526315788,1.0,1.1864542196449244,2.1042211738884333,True,35.68064021195946,0.0,0.0,0.0,0.0,0.0,True,41.405750159432586,0.0,0.0,0.0,0.0,0.0,True,38.6224405884681,0.0,0.0,0.0,0.0,0.0,ok,,9.22482130001299,-5.972482501203484,0.23684210526315788,1.0,1.1864542196449244,2.1042211738884333,False,35.25031892695406,3.5,0.0,0.0,10.0,10.0,False,41.14048259646934,3.5,0.0,0.0,10.0,10.0,False,38.28018835918223,3.5,0.0,0.0,10.0,10.0
34,1.2706060014709135,0.31621409653749016,0.7295555332605732,0.25922909011731426,6,2,2.5525224573708445,7.987760169229734,ok,,1.0361864001024514,4.754749911846257,0.4186046511627907,1.0,1.0215741916503422,2.3145710690331236,True,32.696625160238064,0.0,0.0,0.0,0.0,0.0,True,33.43083828190011,0.0,0.0,0.0,0.0,0.0,True,55.64583811621738,0.0,0.0,0.0,0.0,0.0,ok,,9.304599600029178,4.753557796913661,0.4186046511627907,1.0,1.020382076717746,2.3145710690331236,True,31.539009024618856,0.0,0.0,0.0,0.0,0.0,True,32.27510019455927,0.0,0.0,0.0,0.0,0.0,True,57.524117168639705,0.0,0.0,0.0,0.0,0.0
35,1.1654204499007186,0.1499779632907666,0.33060884565157245,0.19143847088436938,6,10,1.045545984610042,8.923822561057285,error,"PayloadPlacementError: No fuselage width kept the fuselage ahead of the tail, produced exact M2 static margin, and kept M1 at or below 23.0% after 4 permitted width increases. Attempts: width 0.0762 m puts the fuselage back at x=0.6688 m, at or behind the permitted tail-front limit x=0.3306 m; width 0.1292 m puts the fuselage back at x=0.6669 m, at or behind the permitted tail-front limit x=0.3306 m; width 0.1822 m puts the fuselage back at x=0.3852 m, at or behind the permitted tail-front limit x=0.3306 m; width 0.2352 m puts the fuselage back at x=0.3367 m, at or behind the permitted tail-front limit x=0.3306 m; width 0.2882 m puts the fuselage back at x=0.3366 m, at or behind the permitted tail-front limit x=0.3306 m",nan,,,,,,,,,,,,,,,,,,,,,,,,,,,error,"PayloadPlacementError: No fuselage width kept the fuselage ahead of the tail, produced exact M2 static margin, and kept M1 at or below 23.0% after 4 permitted width increases. Attempts: width 0.0762 m puts the fuselage back at x=0.6688 m, at or behind the permitted tail-front limit x=0.3306 m; width 0.1292 m puts the fuselage back at x=0.6669 m, at or behind the permitted tail-front limit x=0.3306 m; width 0.1822 m puts the fuselage back at x=0.3852 m, at or behind the permitted tail-front limit x=0.3306 m; width 0.2352 m puts the fuselage back at x=0.3367 m, at or behind the permitted tail-front limit x=0.3306 m; width 0.2882 m puts the fuselage back at x=0.3366 m, at or behind the permitted tail-front limit x=0.3306 m",nan,,,,,,,,,,,,,,,,,,,,,,,,,,
36,1.519635316452548,0.22139329477384545,0.8049213613766208,0.17057267336841375,8,9,0.9876749230926334,2.022821036784549,ok,,0.33477389998734,4.833946336738642,0.24324324324324326,1.0,1.4039105749097003,2.186792518585699,True,31.140739835625496,0.0,0.0,0.0,0.0,0.0,True,33.91791007384471,0.0,0.0,0.0,0.0,0.0,True,35.64405537437387,0.0,0.0,0.0,0.0,0.0,ok,,9.181813700008206,4.7928181646689625,0.24324324324324326,1.0,1.4448160634400795,2.186792518585699,False,30.324312095005748,0.016765412994219787,0.0,0.0,0.11176941996146525,0.0,False,33.18396429461083,0.0652682476058397,0.0,0.0,0.43512165070559805,0.0,True,35.11268664491427,0.0,0.0,0.0,0.0,0.0
37,1.3984545627893976,0.16441101020407256,0.3037155229992335,0.27178516345555737,7,8,2.420661915906365,2.564970839555504,ok,,0.3048633999424055,4.904447785873185,0.2727272727272727,1.0,1.3397866932077822,2.2919338199381305,True,32.52923709347,0.0,0.0,0.0,0.0,0.0,True,35.403572123118536,0.0,0.0,0.0,0.0,0.0,True,53.15089811918418,0.0,0.0,0.0,0.0,0.0,ok,,8.582213599933311,1.971573470111068,0.2727272727272727,1.0,1.3397866932077822,2.2919338199381305,False,31.958738279835806,0.9919386501573333,0.0,0.0,6.612924334382222,0.0,False,35.070243365540726,1.0855424237668638,0.0,0.0,7.236949491779092,0.0,False,56.40476382605074,0.8553932418379203,0.0,0.0,5.702621612252802,0.0
38,1.0539373389937783,0.32058538095244354,0.47391701497202104,0.28756689080784836,7,7,2.0540237688268324,2.1128703294539966,ok,,0.30743200005963445,4.917178387678918,0.2857142857142857,1.0,1.3160041183941482,2.3154599835704848,True,32.44582981208411,0.0,0.0,0.0,0.0,0.0,True,35.209807646143226,0.0,0.0,0.0,0.0,0.0,True,46.79090893278371,0.0,0.0,0.0,0.0,0.0,ok,,8.341588399955072,-2.797670886104278,0.2857142857142857,1.0,1.3160041183941482,2.3154599835704848,False,31.018327312161578,2.637121304424982,0.0,0.0,4.247475362833214,10.0,False,33.719232511339456,2.6833642735166174,0.0,0.0,4.555761823444117,10.0,False,46.18217454011149,2.3943636958415966,0.0,0.0,2.629091305610643,10.0
39,0.9854490663268253,0.24435446015817283,0.5880971411727625,0.12551307755084729,9,10,1.8164064648352531,5.113746591310805,ok,,0.41043249994982034,4.769202202976076,0.21951219512195122,1.0,1.3143537244444743,2.2353362834096506,True,34.64850265506915,0.0,0.0,0.0,0.0,0.0,True,40.4379907044287,0.0,0.0,0.0,0.0,0.0,True,52.29779897514416,0.0,0.0,0.0,0.0,0.0,ok,,10.594820099999197,-5.129413139134404,0.21951219512195122,1.0,1.3143537244444743,2.2353362834096506,False,33.78464521234741,3.3243643659242776,0.0,0.0,8.829095772828516,10.0,False,39.1136756241506,3.3897944855673705,0.0,0.0,9.265296570449136,10.0,False,53.80699451605834,3.1844564906188317,0.0,0.0,7.896376604125544,10.0
40,0.9721990711003974,0.1694015411004398,0.4529026812479918,0.08487364954932287,7,2,3.2642883542088232,7.715469857529972,ok,,0.7523293999256566,4.409557331571094,0.375,1.0,1.0345573315710936,2.0,True,35.66456863317057,0.0,0.0,0.0,0.0,0.0,True,36.792406922811494,0.0,0.0,0.0,0.0,0.0,False,inf,0.0,nan,nan,nan,nan,ok,,8.478949600015767,0.40955733157109364,0.375,1.0,1.0345573315710936,2.0,False,35.88940427860253,2.0,0.0,0.0,0.0,10.0,False,37.18663146248355,2.0,0.0,0.0,0.0,10.0,False,inf,0.0,nan,nan,nan,nan
41,1.269371898894717,0.3454721170867479,0.8925002581829862,0.1412541364741185,8,10,2.1868247915063694,8.92599633752307,ok,,0.7411803000140935,4.712777371478577,0.23376623376623376,1.0,1.209451465086115,2.2695596726262273,True,33.82407015272487,0.0,0.0,0.0,0.0,0.0,True,36.689603547341605,0.0,0.0,0.0,0.0,0.0,True,52.10191001317178,0.0,0.0,0.0,0.0,0.0,ok,,7.446374100050889,-0.048856218602071344,0.23376623376623376,1.0,1.209451465086115,2.2695596726262273,False,32.30656825822477,2.3489514154225706,0.0,0.0,2.326342769483803,10.0,False,35.122952245582724,2.392542976899698,0.0,0.0,2.616953179331321,10.0,False,51.66088296840489,0.020139197758379898,0.0,0.0,0.13426131838919933,0.0
42,1.0395724669381083,0.12249854071797198,0.5218851278798544,0.1743307528614404,6,1,3.269428833964043,3.440067060993653,ok,,0.4019145000493154,4.513531451941739,0.45,1.0,1.0635314519417385,2.0,True,34.178446055483604,0.0,0.0,0.0,0.0,0.0,True,35.00847147623776,0.0,0.0,0.0,0.0,0.0,False,inf,0.0,nan,nan,nan,nan,ok,,6.75612340006046,4.467705363652939,0.45,1.0,1.0635314519417385,2.0,False,34.788553198685435,0.001972527714265864,0.0,0.0,0.013150184761772425,0.0,False,35.68617323607566,0.043853560574533844,0.0,0.0,0.2923570704968923,0.0,False,inf,0.0,nan,nan,nan,nan
43,1.5433368653996176,0.25723380818867303,0.31111909025929074,0.19065511243994177,6,5,0.5671942394521928,9.382885148621579,ok,,0.7482837999705225,4.518967871436947,0.34615384615384615,1.0,1.0659599485828366,2.1068540767002637,True,33.54793798401945,0.0,0.0,0.0,0.0,0.0,True,34.86130672786493,0.0,0.0,0.0,0.0,0.0,True,35.930283876299654,0.0,0.0,0.0,0.0,0.0,ok,,8.818929799948819,4.074077298980933,0.34615384615384615,1.0,1.0659599485828366,2.1068540767002637,False,32.0991176959964,0.1174252092086436,0.0,0.0,0.7828347280576241,0.0,False,33.501708547164085,0.18801815574091435,0.0,0.0,1.2534543716060957,0.0,False,34.37478215294886,0.13944720750645564,0.0,0.0,0.9296480500430376,0.0
44,1.111833468153565,0.28447619724605444,0.7371590606437998,0.1338376144884591,3,6,4.19896773224232,2.613806961442637,ok,,0.3083388999802992,4.67272786258735,0.45,1.0,1.2227278625873501,2.0,True,31.891348141008763,0.0,0.0,0.0,0.0,0.0,True,34.088367531625025,0.0,0.0,0.0,0.0,0.0,False,inf,0.0,nan,nan,nan,nan,ok,,7.493598499917425,-0.09535794798861907,0.45,1.0,1.2451521787441022,2.0,False,30.856113882820438,2.379895096250999,0.0,0.0,2.5326339750066595,10.0,False,33.05035576798466,2.410615030481723,0.0,0.0,2.73743353654482,10.0,False,inf,0.0,nan,nan,nan,nan
45,1.7520113518580938,0.2585264808623764,0.40550514651597236,0.08676722958045979,6,3,2.3937074371812117,5.247514271202548,ok,,0.4267556000268087,4.8243569262092585,0.391304347826087,1.0,1.1059965906870048,2.3270559876961667,True,31.257016958725195,0.0,0.0,0.0,0.0,0.0,True,32.09977596753764,0.0,0.0,0.0,0.0,0.0,True,45.47262093595067,0.0,0.0,0.0,0.0,0.0,ok,,7.641383600072004,-1.1756430737907415,0.391304347826087,1.0,1.1059965906870048,2.3270559876961667,False,29.846793626462162,2.0,0.0,0.0,0.0,10.0,False,30.724636872517834,2.0,0.0,0.0,0.0,10.0,False,45.39822536399198,2.0,0.0,0.0,0.0,10.0
46,0.8473227881391517,0.22049644657881948,0.5004813709924653,0.1260858008645962,4,8,1.7642587026714085,1.5018750916567507,ok,,0.21653010009322315,4.88881829729416,0.35294117647058826,1.0,1.3014724505621285,2.2344046702614433,True,34.08111132307025,0.0,0.0,0.0,0.0,0.0,True,39.0972977389973,0.0,0.0,0.0,0.0,0.0,True,51.07023049522556,0.0,0.0,0.0,0.0,0.0,ok,,7.612053100019693,-5.61118170270584,0.35294117647058826,1.0,1.3014724505621285,2.2344046702614433,False,33.31269520583383,3.5,0.0,0.0,10.0,10.0,False,37.961832192446934,3.5,0.0,0.0,10.0,10.0,False,52.92344903157694,3.5,0.0,0.0,10.0,10.0
47,1.2444914587995464,0.1422722968706814,0.5659428264915405,0.19985284276936735,8,1,3.1100385283651666,9.615382265708604,ok,,0.7591165999183431,4.3470940541875684,0.36,1.0,0.987094054187569,2.0,True,35.424665680840704,0.0,0.0,0.0,0.0,0.0,True,36.08220935803989,0.0,0.0,0.0,0.0,0.0,False,inf,0.0,nan,nan,nan,nan,ok,,8.606413200031966,0.34709405418756845,0.36,1.0,0.987094054187569,2.0,False,35.90377497246126,2.0,0.0,0.0,0.0,10.0,False,36.62569036770846,2.0,0.0,0.0,0.0,10.0,False,inf,0.0,nan,nan,nan,nan
48,1.640685697440419,0.21688214554201102,0.4540452473047385,0.16216739318437426,6,6,2.7360595098948854,3.7828516112471435,ok,,0.49590390000957996,4.892739889976742,0.32727272727272727,1.0,1.248359201121225,2.31710796158279,True,31.426677321357307,0.0,0.0,0.0,0.0,0.0,True,33.198547032849234,0.0,0.0,0.0,0.0,0.0,True,51.26086813526989,0.0,0.0,0.0,0.0,0.0,ok,,8.083442399976775,2.679632915828599,0.32727272727272727,1.0,1.248359201121225,2.31710796158279,False,30.34154643645195,0.08107869296129573,0.0,0.0,0.5405246197419715,0.0,False,32.18289293204542,0.132028281186847,0.0,0.0,0.8801885412456467,0.0,False,52.794949687848295,2.0,0.0,0.0,0.0,10.0
49,1.0979833205178449,0.24664195269606365,0.8180591252549092,0.09027778199440568,5,4,2.5516449958811167,4.544990489098962,ok,,0.4171605999581516,4.866751238026087,0.4090909090909091,1.0,1.1336255479293806,2.324034781005797,True,32.34657810635993,0.0,0.0,0.0,0.0,0.0,True,33.95042225177093,0.0,0.0,0.0,0.0,0.0,True,57.97099441725229,0.0,0.0,0.0,0.0,0.0,ok,,7.120886399992742,4.801944281824927,0.4090909090909091,1.0,1.1336255479293806,2.2592278248046376,True,31.83699715245445,0.0,0.0,0.0,0.0,0.0,True,33.49576810692187,0.0,0.0,0.0,0.0,0.0,True,63.0322092807143,0.0,0.0,0.0,0.0,0.0
50,1.1785211448434199,0.252753490471441,0.45249449412753895,0.18505256514529797,9,10,1.6271158745325647,6.6805692671547146,ok,,0.5063037000363693,4.757698755155689,0.21951219512195122,1.0,1.2937045332571646,2.2444820267765726,True,34.188548250433826,0.0,0.0,0.0,0.0,0.0,True,37.48323247928985,0.0,0.0,0.0,0.0,0.0,True,45.20463347902677,0.0,0.0,0.0,0.0,0.0,ok,,8.441244199988432,2.0224638237858388,0.21951219512195122,1.0,1.2937045332571646,2.2444820267765726,False,33.03076565474387,0.9157252737719165,0.0,0.0,6.104835158479443,0.0,False,36.50062503099931,0.9977605085814961,0.0,0.0,6.651736723876641,0.0,False,44.94038156025728,0.8217491490164375,0.0,0.0,5.478327660109583,0.0
51,1.6252078919032646,0.3058225382604974,0.5009784013815787,0.26429335919808405,10,7,1.009593404487648,3.4068782232782997,ok,,0.4255568999797106,4.730972798524544,0.23076923076923078,1.0,1.3125178577712635,2.187685709984049,True,31.445958891792493,0.0,0.0,0.0,0.0,0.0,True,33.34516282402258,0.0,0.0,0.0,0.0,0.0,True,35.83267481323513,0.0,0.0,0.0,0.0,0.0,ok,,8.30769110005349,-1.2389902470318264,0.23076923076923078,1.0,1.3425548122148938,2.187685709984049,False,29.67483691800419,2.0,0.0,0.0,0.0,10.0,False,31.562495143363577,2.0,0.0,0.0,0.0,10.0,False,34.32541798102628,2.0,0.0,0.0,0.0,10.0
52,1.4458263465888328,0.27079401171096507,0.8044374664249394,0.1293983781205911,6,10,2.2267669427360417,4.479583670258513,ok,,0.41081650007981807,4.926969521004867,0.26865671641791045,1.0,1.3385892001408273,2.3197236044461294,True,31.938469186679228,0.0,0.0,0.0,0.0,0.0,True,34.70702756389621,0.0,0.0,0.0,0.0,0.0,True,46.05128127600485,0.0,0.0,0.0,0.0,0.0,ok,,8.203699000063352,0.4699115287144018,0.26865671641791045,1.0,1.3385892001408273,2.3197236044461294,False,30.7456848833322,2.206704858513411,0.0,0.0,1.3780323900894065,10.0,False,33.542614749836275,2.250353133777055,0.0,0.0,1.6690208918470326,10.0,True,46.30627858203888,0.0,0.0,0.0,0.0,0.0
53,1.579180656965878,0.2935686526153788,0.5136699458616307,0.09638008062854653,3,6,3.0192423679543627,8.370033765093385,ok,,0.9232111000455916,4.822001712869286,0.45,1.0,1.089260150433368,2.282741562435917,True,32.68357523942247,0.0,0.0,0.0,0.0,0.0,True,34.10680119658663,0.0,0.0,0.0,0.0,0.0,True,60.97377834558212,0.0,0.0,0.0,0.0,0.0,ok,,8.312632899964228,-1.1722574349932104,0.45,1.0,1.0950010025708723,2.282741562435917,False,31.080728204077353,2.0,0.0,0.0,0.0,10.0,False,32.54221262391392,2.0,0.0,0.0,0.0,10.0,False,63.79219549876686,2.0,0.0,0.0,0.0,10.0
54,0.9948622256775601,0.28543468133637545,0.5961104534900703,0.1597462413174478,6,8,4.164083438435066,9.479803714419324,ok,,0.7562823999905959,4.417739281549769,0.29508196721311475,1.0,1.122657314336655,2.0,True,36.02179605756102,0.0,0.0,0.0,0.0,0.0,True,40.870868110583444,0.0,0.0,0.0,0.0,0.0,False,inf,0.0,nan,nan,nan,nan,ok,,7.351821599993855,-2.191354012629147,0.29508196721311475,1.0,1.122657314336655,2.0,False,34.88949649692746,3.2795440296495406,0.0,0.0,8.530293530996937,10.0,False,38.826584417610405,3.329549264529376,0.0,0.0,8.863661763529173,10.0,False,inf,0.0,nan,nan,nan,nan
55,0.9007026640341289,0.2664855389354166,0.553831616456907,0.1823193008142231,4,4,3.229044912368004,9.258962996643339,ok,,0.7537896999856457,4.492778144907531,0.46153846153846156,1.0,1.0312396833690696,2.0,True,36.11888735960314,0.0,0.0,0.0,0.0,0.0,True,38.154625273692446,0.0,0.0,0.0,0.0,0.0,False,inf,0.0,nan,nan,nan,nan,ok,,7.624740800005384,-0.4192151906908981,0.46153846153846156,1.0,1.0306231301995714,2.0,False,35.44414805800351,2.420411538337634,0.0,0.0,2.8027435889175614,10.0,False,37.23389161206673,2.4909652440912975,0.0,0.0,3.2731016272753157,10.0,False,inf,0.0,nan,nan,nan,nan
56,1.7926262489470504,0.3282646067542967,0.6605406210357109,0.2598768601722886,6,3,1.7982663234767637,4.691026809110559,ok,,0.5035742999752983,4.793858309963161,0.391304347826087,1.0,1.117732911262525,2.2848210508745486,True,31.021036596579677,0.0,0.0,0.0,0.0,0.0,True,31.80813805398794,0.0,0.0,0.0,0.0,0.0,True,40.304683564188196,0.0,0.0,0.0,0.0,0.0,ok,,8.741521900054067,-1.1971343295261887,0.391304347826087,1.0,1.1267402717731758,2.2848210508745486,False,29.221940355405817,2.0,0.0,0.0,0.0,10.0,False,29.995364244010037,2.0,0.0,0.0,0.0,10.0,False,39.16783378786224,2.0,0.0,0.0,0.0,10.0
57,1.1167127887395663,0.12294647131255605,0.30388093217534906,0.132321839603581,10,6,3.114986467155572,1.5231966733329245,ok,,0.21499520004726946,3.5415144256349143,0.24,1.0,1.3283109295112998,2.0,True,33.83936778314952,0.0,0.0,0.0,0.0,0.0,True,37.12415476945013,0.0,0.0,0.0,0.0,0.0,True,1000000.0,0.0,0.0,0.0,0.0,0.0,ok,,6.597652000025846,0.5836665918967645,0.24,1.0,1.2956053966557206,2.0,False,33.7005099059506,1.4251423008825699,0.0,0.0,9.500948672550466,0.0,False,37.58171377808958,1.5,0.0,0.0,10.0,0.0,False,inf,0.0,nan,nan,nan,nan
58,1.1262254385480372,0.12863746807770543,0.5579452497639492,0.17016720477058822,5,8,3.729392094599114,5.154896168595541,ok,,0.41296690003946424,1.3554741255288754,0.32142857142857145,1.0,1.2220526686605955,2.0,True,35.56735832423169,0.0,0.0,0.0,0.0,0.0,True,42.114915120442774,0.0,0.0,0.0,0.0,0.0,False,inf,0.0,nan,nan,nan,nan,ok,,6.855803899932653,-3.6675175255496235,0.32142857142857145,1.0,1.199061017582098,2.0,False,35.72375334980717,3.5,0.0,0.0,10.0,10.0,False,43.9116142357176,1.5,0.0,0.0,10.0,0.0,False,inf,0.0,nan,nan,nan,nan
59,1.3444063858357151,0.15903441131421822,0.6831197645903312,0.09766267517156559,4,4,4.554771069353696,3.0281065047688287,ok,,0.40514649997930974,4.615117159844357,0.46153846153846156,1.0,1.153578698305895,2.0,True,31.988526827522897,0.0,0.0,0.0,0.0,0.0,True,33.62891450064654,0.0,0.0,0.0,0.0,0.0,False,inf,0.0,nan,nan,nan,nan,ok,,6.838944700080901,4.039079628677638,0.46153846153846156,1.0,1.153578698305895,2.0,False,31.81398050112009,0.2701376703466865,0.0,0.0,1.8009178023112433,0.0,False,33.55184726573266,0.3058998608200328,0.0,0.0,2.0393324054668853,0.0,False,inf,0.0,nan,nan,nan,nan
60,1.1200860673947355,0.12051821113583024,0.6768324617598674,0.256000616080893,10,10,2.841807475264613,6.657619239096672,ok,,0.40095110004767776,-4.135559424433185,0.20689655172413793,1.0,1.22297305142283,2.0,True,36.889621449681805,0.0,0.0,0.0,0.0,0.0,True,50.75580343396359,0.0,0.0,0.0,0.0,0.0,False,inf,0.0,nan,nan,nan,nan,ok,,7.675505800056271,-12.712934631984297,0.20689655172413793,1.0,1.22297305142283,2.0,False,37.521070645506924,3.5,0.0,0.0,10.0,10.0,False,55.545594179502444,5.077375207551113,2.435450651770753,2.4127797873712487,10.0,10.0,False,inf,0.0,nan,nan,nan,nan
61,1.6495584570973858,0.2618231232980291,0.5172706124974045,0.2230883521725282,7,2,1.906103524074867,4.948769189388544,ok,,0.45530219993088394,4.772156662818178,0.375,1.0,1.088314602940572,2.308842059877606,True,31.151704402094158,0.0,0.0,0.0,0.0,0.0,True,31.834346667705983,0.0,0.0,0.0,0.0,0.0,True,41.49166429587623,0.0,0.0,0.0,0.0,0.0,ok,,7.496595499920659,-1.227843337181822,0.375,1.0,1.088314602940572,2.308842059877606,False,29.963374779848255,2.0,0.0,0.0,0.0,10.0,False,30.661444036131975,2.0,0.0,0.0,0.0,10.0,False,41.04683068484242,2.0,0.0,0.0,0.0,10.0
62,1.416096559028324,0.13013128007480132,0.6711912212307236,0.2732473178195343,7,4,2.2891388300501756,8.992703059982228,ok,,0.7428530000615865,4.557723423307334,0.3333333333333333,1.0,1.0592347924209105,2.1651552975530906,True,35.42038787832877,0.0,0.0,0.0,0.0,0.0,True,37.01459846025654,0.0,0.0,0.0,0.0,0.0,True,83.72196210602223,0.0,0.0,0.0,0.0,0.0,ok,,7.604286000016145,-8.035136040447544,0.3333333333333333,1.0,1.057524887812741,2.0,False,35.66361956178456,1.3984390589414997,0.0,0.0,9.322927059609999,0.0,False,37.67956898247439,1.431244890910395,0.0,0.0,9.5416326060693,0.0,False,1000000.0,9.596310311741723,10.0,9.555841105196805,8.04900023628348,10.0
63,1.3563222226167393,0.1375085434429208,0.5300587401282153,0.1250351726032849,7,9,2.0539314738596786,3.802365048543349,ok,,0.41205529996659607,2.226449945411299,0.2608695652173913,1.0,1.3373780498468282,2.249465914159205,True,33.51443660925738,0.0,0.0,0.0,0.0,0.0,True,36.959561983776474,0.0,0.0,0.0,0.0,0.0,True,51.47441434225125,0.0,0.0,0.0,0.0,0.0,ok,,7.973337800009176,-0.4745435479458475,0.2608695652173913,1.0,1.3373780498468282,2.249465914159205,False,33.33984386384075,0.9262559719468633,0.0,0.0,6.175039812979088,0.0,False,37.0666925794081,1.0097721214654574,0.0,0.0,6.731814143103049,0.0,False,55.42970115311403,0.7649653999448254,0.0,0.0,5.0997693329655025,0.0
64,1.105140905620612,0.2607977278697609,0.5736165379520801,0.11501426167778528,6,10,2.0337510822378073,7.533527389681508,ok,,0.8591509000398219,4.7453014575569865,0.26865671641791045,1.0,1.2187031380013071,2.257941603137769,True,34.76339942245909,0.0,0.0,0.0,0.0,0.0,True,38.753837898744166,0.0,0.0,0.0,0.0,0.0,True,56.590988901935596,0.0,0.0,0.0,0.0,0.0,ok,,8.494574700016528,-3.9058063509675787,0.26865671641791045,1.0,1.2391527926364145,2.257941603137769,False,33.66567195424409,2.935225909034196,0.0,0.0,6.234839393561305,10.0,False,37.19440464347661,3.0038977866532584,0.0,0.0,6.692651911021721,10.0,False,58.47126522050618,2.732433767472217,0.0,0.0,4.8828917831481125,10.0
65,1.016830461958723,0.23726759785457618,0.6030703571408425,0.16662964269225153,10,9,3.5762567497600477,7.909421889387507,ok,,0.7609546999447048,4.430057395768175,0.21428571428571427,1.0,1.215771681482461,2.0,True,35.4572537830384,0.0,0.0,0.0,0.0,0.0,True,41.24172361698985,0.0,0.0,0.0,0.0,0.0,False,inf,0.0,nan,nan,nan,nan,ok,,7.440390500007197,-2.3966386423938424,0.21428571428571427,1.0,1.215771681482461,2.0,False,34.6882330958936,3.380837408133443,0.0,0.0,9.20558272088962,10.0,False,40.215392344154054,3.4458586300285745,0.0,0.0,9.639057533523832,10.0,False,inf,0.0,nan,nan,nan,nan
66,0.8077972555813339,0.27735525751253387,0.31559696431709516,0.13453997342350646,6,10,1.008410190688996,7.796455766698738,error,"PayloadPlacementError: No fuselage width kept the fuselage ahead of the tail, produced exact M2 static margin, and kept M1 at or below 23.0% after 4 permitted width increases. Attempts: width 0.0762 m puts the fuselage back at x=0.6593 m, at or behind the permitted tail-front limit x=0.3156 m; width 0.1292 m puts the fuselage back at x=0.6580 m, at or behind the permitted tail-front limit x=0.3156 m; width 0.1822 m puts the fuselage back at x=0.3800 m, at or behind the permitted tail-front limit x=0.3156 m; width 0.2352 m puts the fuselage back at x=0.3327 m, at or behind the permitted tail-front limit x=0.3156 m; width 0.2882 m puts the fuselage back at x=0.3328 m, at or behind the permitted tail-front limit x=0.3156 m",nan,,,,,,,,,,,,,,,,,,,,,,,,,,,error,"PayloadPlacementError: No fuselage width kept the fuselage ahead of the tail, produced exact M2 static margin, and kept M1 at or below 23.0% after 4 permitted width increases. Attempts: width 0.0762 m puts the fuselage back at x=0.6593 m, at or behind the permitted tail-front limit x=0.3156 m; width 0.1292 m puts the fuselage back at x=0.6580 m, at or behind the permitted tail-front limit x=0.3156 m; width 0.1822 m puts the fuselage back at x=0.3800 m, at or behind the permitted tail-front limit x=0.3156 m; width 0.2352 m puts the fuselage back at x=0.3327 m, at or behind the permitted tail-front limit x=0.3156 m; width 0.2882 m puts the fuselage back at x=0.3328 m, at or behind the permitted tail-front limit x=0.3156 m",nan,,,,,,,,,,,,,,,,,,,,,,,,,,
67,0.9667700003962402,0.12095907824588309,0.3931738773494078,0.15804087843029058,6,8,1.5410433473712122,7.917233153289105,ok,,0.7461547999409959,-3.4634721499432155,0.29508196721311475,1.0,1.1339690359975687,2.0,True,41.06618052086945,0.0,0.0,0.0,0.0,0.0,True,57.23272284047788,0.0,0.0,0.0,0.0,0.0,False,inf,0.0,nan,nan,nan,nan,ok,,8.564466999960132,-13.97737706825384,0.29508196721311475,1.0,1.120064117686944,2.0,False,42.22057064524222,3.5,0.0,0.0,10.0,10.0,False,63.756400374620114,3.5,0.0,0.0,10.0,10.0,False,1000000.0,3.5,0.0,0.0,10.0,10.0
68,1.7347105727103673,0.3316582562965953,0.4012408201129648,0.18058432934062363,6,2,3.8646349691103445,4.37273750363981,ok,,0.4694720000261441,4.860188444713336,0.4186046511627907,1.0,1.088597554417428,2.3529862391331173,True,31.452893731051965,0.0,0.0,0.0,0.0,0.0,True,32.04433429418748,0.0,0.0,0.0,0.0,0.0,True,66.60168906503922,0.0,0.0,0.0,0.0,0.0,ok,,8.483751500025392,-1.1334241726970733,0.4186046511627907,1.0,1.0949849370070186,2.3529862391331173,False,29.320365911387622,2.0,0.0,0.0,0.0,10.0,False,29.90403655167674,2.0,0.0,0.0,0.0,10.0,False,69.94466910689562,2.0,0.0,0.0,0.0,10.0
69,1.5068138589082034,0.27738665417305935,0.7223965805489412,0.1395650077088281,6,3,4.939792819011492,7.144993682115699,ok,,0.721212700009346,4.4572830977369335,0.391304347826087,1.0,1.0659787499108466,2.0,True,31.83677800426515,0.0,0.0,0.0,0.0,0.0,True,32.74833395537887,0.0,0.0,0.0,0.0,0.0,False,inf,0.0,nan,nan,nan,nan,ok,,7.757658799993806,4.4572830977369335,0.391304347826087,1.0,1.0659787499108466,2.0,True,30.7470585588027,0.0,0.0,0.0,0.0,0.0,True,31.67670728594888,0.0,0.0,0.0,0.0,0.0,False,inf,0.0,nan,nan,nan,nan
70,1.6127547644678648,0.33024350486988957,0.5370597681753257,0.11397167000459993,10,5,2.672692271359676,4.811767300278741,ok,,0.39504470000974834,4.8509794327940865,0.25,1.0,1.227584568528376,2.373394864265711,True,31.55108095847137,0.0,0.0,0.0,0.0,0.0,True,32.90866632881152,0.0,0.0,0.0,0.0,0.0,True,49.59705996652198,0.0,0.0,0.0,0.0,0.0,ok,,7.394852800061926,-1.1490205672059135,0.25,1.0,1.227584568528376,2.373394864265711,False,29.70024630230447,2.0,0.0,0.0,0.0,10.0,False,31.06478261938465,2.0,0.0,0.0,0.0,10.0,False,49.13781965210819,2.0,0.0,0.0,0.0,10.0
71,1.0923010619308924,0.2695212957777199,0.6960851839538766,0.1588493446843225,3,8,0.6916993782371033,4.498999047521609,ok,,0.4704536999342963,4.775470868137562,0.391304347826087,1.0,1.2434827147328025,2.1406838055786728,True,33.059059076637,0.0,0.0,0.0,0.0,0.0,True,35.87687939930625,0.0,0.0,0.0,0.0,0.0,True,36.348945337496026,0.0,0.0,0.0,0.0,0.0,ok,,8.033219299977645,-3.676585583582183,0.391304347826087,1.0,1.2434827147328025,2.1406838055786728,False,32.1173505616778,2.8201610410464264,0.0,0.0,5.4677402736428435,10.0,False,34.98502642803294,2.8639054956620322,0.0,0.0,5.759369971080217,10.0,False,35.51846588942569,2.7679899150112863,0.0,0.0,5.119932766741908,10.0
72,1.5254119005116873,0.18924030744958334,0.8134554126496696,0.11778612853522319,8,3,1.9488329358167233,3.5725858810205184,ok,,0.41568620002362877,4.807643835436088,0.32142857142857145,1.0,1.1640219267746779,2.3221933372328385,True,31.097784766439844,0.0,0.0,0.0,0.0,0.0,True,32.285651737784434,0.0,0.0,0.0,0.0,0.0,True,42.09415279937957,0.0,0.0,0.0,0.0,0.0,ok,,8.02473830000963,-1.2383837841686027,0.32142857142857145,1.0,1.1640219267746779,2.2761657176281473,False,30.749677168066498,2.0,0.0,0.0,0.0,10.0,False,31.991737779692354,2.0,0.0,0.0,0.0,10.0,False,42.958125038082585,2.0,0.0,0.0,0.0,10.0
73,1.1329264949450704,0.3466626386726483,0.8332175743748333,0.2868610803618798,5,9,2.283070689378265,5.111374756650234,ok,,0.4389550999039784,4.870530464393586,0.3050847457627119,1.0,1.2772928067676501,2.2881529118632242,True,32.95125632049768,0.0,0.0,0.0,0.0,0.0,True,35.85791419268831,0.0,0.0,0.0,0.0,0.0,True,51.80874315069512,0.0,0.0,0.0,0.0,0.0,ok,,7.494064699974842,-0.22630644451592552,0.3050847457627119,1.0,1.2772928067676501,2.2881529118632242,False,31.601661681467185,2.460834674727077,0.0,0.0,3.0722311648471816,10.0,False,34.445686737107465,2.5098563025136307,0.0,0.0,3.3990420167575373,10.0,False,51.662722854813225,0.12614593166880433,0.0,0.0,0.840972877792029,0.0
74,1.0701887451276098,0.23841434740764467,0.44485318191358886,0.09934720833025312,9,7,1.4306280554113135,4.250592687896261,ok,,0.40606000006664544,4.78042588291119,0.2465753424657534,1.0,1.2782511113941348,2.2555994290513013,True,33.636510255656084,0.0,0.0,0.0,0.0,0.0,True,36.456064890089905,0.0,0.0,0.0,0.0,0.0,True,41.92964733915934,0.0,0.0,0.0,0.0,0.0,ok,,7.4229305000044405,-0.15854211608283286,0.2465753424657534,1.0,1.2782511113941348,2.2555994290513013,False,32.658780352063445,2.998340440261702,0.0,0.0,6.655602935078013,10.0,False,35.59144511622391,1.0554895232537305,0.0,0.0,7.036596821691537,0.0,False,41.656875437384876,0.8851380354785899,0.0,0.0,5.900920236523933,0.0
75,1.103923084516297,0.27042509907312406,0.5989247832176172,0.0821085894119336,5,3,4.115780864097531,4.459181857506103,ok,,0.4070400999626145,4.542073901849335,0.43902439024390244,1.0,1.103049511605433,2.0,True,32.200162577663974,0.0,0.0,0.0,0.0,0.0,True,33.42401117546913,0.0,0.0,0.0,0.0,0.0,False,inf,0.0,nan,nan,nan,nan,ok,,7.08354500005953,4.550788424133348,0.43902439024390244,1.0,1.1117640338894454,2.0,True,31.399767000679176,0.0,0.0,0.0,0.0,0.0,True,32.65399111277245,0.0,0.0,0.0,0.0,0.0,False,inf,0.0,nan,nan,nan,nan
76,0.8175641646933959,0.15389567918420763,0.7909642128576746,0.12515129037993114,10,9,0.7772149269593001,5.061663618831,ok,,0.4183881999924779,4.574769514232355,0.21428571428571427,1.0,1.235884034245678,2.124599765700963,True,37.72921159871163,0.0,0.0,0.0,0.0,0.0,True,57.18002272144686,0.0,0.0,0.0,0.0,0.0,True,47.92750962457308,0.0,0.0,0.0,0.0,0.0,ok,,7.716305900015868,-5.976507253566941,0.21428571428571427,1.0,1.205373894063209,2.103833138084136,False,38.42888393285136,3.5,0.0,0.0,10.0,10.0,False,62.26438057098113,3.5,0.0,0.0,10.0,10.0,False,50.89201388689209,3.5,0.0,0.0,10.0,10.0
77,0.9578373940619953,0.16722200999682987,0.40756707796981567,0.12297818731033042,6,1,3.952424318240564,7.263952664847168,ok,,0.7666529999114573,4.456937945004706,0.45,1.0,1.0069379450047062,2.0,True,35.54758590823571,0.0,0.0,0.0,0.0,0.0,True,36.24651515345995,0.0,0.0,0.0,0.0,0.0,False,inf,0.0,nan,nan,nan,nan,ok,,7.699331799987704,0.4569379450047064,0.45,1.0,1.0069379450047062,2.0,False,35.81284783263439,2.0,0.0,0.0,0.0,10.0,False,36.581908181845336,2.0,0.0,0.0,0.0,10.0,False,inf,0.0,nan,nan,nan,nan
78,0.8907387541512712,0.2551262945961752,0.7580507257359492,0.10044863710034531,10,8,4.5524388398385085,8.640747687144493,ok,,0.7735207000514492,4.381781248056905,0.2222222222222222,1.0,1.159559025834683,2.0,True,36.754058481197134,0.0,0.0,0.0,0.0,0.0,True,45.55493664114654,0.0,0.0,0.0,0.0,0.0,False,inf,0.0,nan,nan,nan,nan,ok,,7.564091500011273,-2.618218751943095,0.2222222222222222,1.0,1.159559025834683,2.0,False,36.04227475473953,3.5,0.0,0.0,10.0,10.0,False,44.35337601082361,3.5,0.0,0.0,10.0,10.0,False,inf,0.0,nan,nan,nan,nan
79,1.7443272100266605,0.14943431334119514,0.6200797511070293,0.09870354114245165,10,9,2.7834812252804495,5.753591442610647,ok,,0.4309047000715509,4.773020314050163,0.21428571428571427,1.0,1.3048852848508194,2.253849314913629,True,32.75246485426911,0.0,0.0,0.0,0.0,0.0,True,35.50925047705947,0.0,0.0,0.0,0.0,0.0,True,61.01552285288733,0.0,0.0,0.0,0.0,0.0,ok,,8.020862599951215,2.122707331450573,0.21428571428571427,1.0,1.3048852848508194,2.253849314913629,False,32.31677778646287,0.28790086205909987,0.0,0.0,1.9193390803939991,0.0,False,35.28626283585588,0.3624121205404897,0.0,0.0,2.416080803603265,0.0,False,70.28061583024831,2.0,0.0,0.0,0.0,10.0
80,1.225997211625364,0.272105821045055,0.8672367731561348,0.2888958753565824,6,1,1.3572155885445414,8.669885213059665,ok,,0.8728352999314666,4.67209863156854,0.45,1.0,0.9861301432911614,2.235968488277378,True,33.21849781196407,0.0,0.0,0.0,0.0,0.0,True,33.70681916414852,0.0,0.0,0.0,0.0,0.0,True,39.77112739790728,0.0,0.0,0.0,0.0,0.0,ok,,8.4496137999231,4.66717045503549,0.45,1.0,0.9812019667581121,2.235968488277378,True,32.57286284885949,0.0,0.0,0.0,0.0,0.0,True,33.07366775850885,0.0,0.0,0.0,0.0,0.0,True,39.50136492010837,0.0,0.0,0.0,0.0,0.0
81,0.9106623874061545,0.3119660368808371,0.8790328215544683,0.09859394883433281,4,8,1.5722310615029815,2.5679367458770113,ok,,0.32892440003342927,4.9488454062110865,0.35294117647058826,1.0,1.306834245278349,2.2890699844621487,True,32.978127332133006,0.0,0.0,0.0,0.0,0.0,True,36.38195867254274,0.0,0.0,0.0,0.0,0.0,True,42.812289631678254,0.0,0.0,0.0,0.0,0.0,ok,,7.940314000006765,-2.7118401665574385,0.35294117647058826,1.0,1.306834245278349,2.2890699844621487,False,31.978154706244105,2.7202675055563104,0.0,0.0,4.801783370375401,10.0,False,35.33254568096761,2.765612395690632,0.0,0.0,5.104082637937549,10.0,False,42.37142554598471,2.174805671521583,0.0,0.0,3.6735951102560884,8.118832024915847
82,0.8002304272867174,0.1704152447138786,0.5687466748167305,0.08555458880435533,8,9,3.787096656158564,8.49297342075237,ok,,0.9964526999974623,3.231001319092395,0.24324324324324326,1.0,1.1381464818199447,2.0,True,42.626227049491746,0.0,0.0,0.0,0.0,0.0,True,70.05228023521835,0.0,0.0,0.0,0.0,0.0,False,inf,0.0,nan,nan,nan,nan,ok,,7.946822900092229,-3.784368634695924,0.24324324324324326,1.0,1.1227765280316253,2.0,False,42.92594362817844,3.5,0.0,0.0,10.0,10.0,False,78.5517792195443,3.5,0.0,0.0,10.0,10.0,False,inf,0.0,nan,nan,nan,nan
83,1.2604794747544696,0.2942292077121137,0.8066835660720169,0.17992893784062652,4,5,1.5946884079337744,1.62028427518459,ok,,0.21501730009913445,4.945732393452696,0.42857142857142855,1.0,1.2415437691111035,2.2756171957701636,True,30.83687511060355,0.0,0.0,0.0,0.0,0.0,True,32.57141504968524,0.0,0.0,0.0,0.0,0.0,True,39.4988632523697,0.0,0.0,0.0,0.0,0.0,ok,,7.074126799940132,4.945732393452696,0.42857142857142855,1.0,1.2415437691111035,2.2756171957701636,True,29.719970630073867,0.0,0.0,0.0,0.0,0.0,True,31.44015785258774,0.0,0.0,0.0,0.0,0.0,True,38.95764817881608,0.0,0.0,0.0,0.0,0.0
84,1.0194546695460072,0.2705032863287191,0.32525409601722516,0.2762097571944014,6,3,4.3275533738522105,3.6093088576144026,ok,,0.4094969999277964,4.520308504442009,0.391304347826087,1.0,1.129004156615922,2.0,True,32.8830698901891,0.0,0.0,0.0,0.0,0.0,True,34.22812226623207,0.0,0.0,0.0,0.0,0.0,False,inf,0.0,nan,nan,nan,nan,ok,,6.957393200020306,3.7396368567905456,0.391304347826087,1.0,1.140546342859579,2.0,False,31.857965411910428,0.36158106124421924,0.0,0.0,2.410540408294795,0.0,False,33.26552256281295,0.43063277265090066,0.0,0.0,2.8708851510060045,0.0,False,inf,0.0,nan,nan,nan,nan
85,0.8408887209204187,0.29419722657240654,0.4839408968959107,0.14071591653062976,5,4,2.6220585882401846,6.649308124861816,ok,,0.4044985000509769,4.500153125640926,0.4090909090909091,1.0,1.0910622165500172,2.0,True,35.01993296125769,0.0,0.0,0.0,0.0,0.0,True,36.86779604688101,0.0,0.0,0.0,0.0,0.0,False,inf,0.0,nan,nan,nan,nan,ok,,7.148796200053766,4.500153125640926,0.4090909090909091,1.0,1.0910622165500172,2.0,True,34.084662277815546,0.0,0.0,0.0,0.0,0.0,True,36.021726044429954,0.0,0.0,0.0,0.0,0.0,False,inf,0.0,nan,nan,nan,nan
86,1.6085325491044655,0.24184742318391145,0.3880823056967712,0.24002277033459413,3,9,4.913787010519416,3.924109939654732,ok,,0.5211822999408469,4.659795845465293,0.3673469387755102,1.0,1.292448906689783,2.0,True,32.05376365981663,0.0,0.0,0.0,0.0,0.0,True,34.3662046256813,0.0,0.0,0.0,0.0,0.0,False,inf,0.0,nan,nan,nan,nan,ok,,8.379708399996161,3.904257669626978,0.3673469387755102,1.0,1.321505020026006,2.0,False,30.65949486238182,0.3519626761931089,0.0,0.0,2.346417841287393,0.0,False,33.070342387554916,0.4326316129814292,0.0,0.0,2.884210753209528,0.0,False,inf,0.0,nan,nan,nan,nan
87,1.3416271698219848,0.12422510768524868,0.3677029040728769,0.2513169126855348,9,4,2.5899735472957985,8.395002202861535,ok,,0.7818113999674097,4.364843748876082,0.28125,1.0,1.0835937488760814,2.0,True,35.79007981624137,0.0,0.0,0.0,0.0,0.0,True,37.865636906650764,0.0,0.0,0.0,0.0,0.0,True,1000000.0,0.0,0.0,0.0,0.0,0.0,ok,,8.651376500027254,1.5511886708674325,0.28125,1.0,1.0835937488760814,2.0,False,35.97642715509673,1.3816477049625178,0.0,0.0,9.210984699750119,0.0,False,39.01933317886432,1.4320073730461316,0.0,0.0,9.546715820307544,0.0,False,inf,0.0,nan,nan,nan,nan
88,1.026569463302428,0.15994743805532385,0.3279042577662588,0.20901610295100614,4,6,0.8370735225980817,8.357226395788977,ok,,0.8511006999760866,4.620470005465535,0.4,1.0,1.0912827135236969,2.1291872919418378,True,36.81561280779653,0.0,0.0,0.0,0.0,0.0,True,42.49223196682141,0.0,0.0,0.0,0.0,0.0,True,44.13527663749183,0.0,0.0,0.0,0.0,0.0,ok,,8.122276499983855,0.11409628448595832,0.4,1.0,1.084908992544121,2.1291872919418378,False,36.70333551059949,1.5,0.0,0.0,10.0,0.0,False,43.49826401328427,1.5,0.0,0.0,10.0,0.0,False,45.2354079612952,1.5,0.0,0.0,10.0,0.0
89,0.8710303265677257,0.15516629536870735,0.49126136019836286,0.23543096167370148,7,1,3.660744294979262,6.622961730424588,ok,,0.4442064999602735,4.425379505269373,0.4,1.0,1.0253795052693733,2.0,True,36.351707247555446,0.0,0.0,0.0,0.0,0.0,True,37.28016883437057,0.0,0.0,0.0,0.0,0.0,False,inf,0.0,nan,nan,nan,nan,ok,,7.7096657999791205,3.7330963293646056,0.4,1.0,1.0258181782218128,2.0,False,36.877285349163444,0.3230512369634398,0.0,0.0,2.1536749130895987,0.0,False,38.87791479775218,0.36967061189376776,0.0,0.0,2.464470745958452,0.0,False,inf,0.0,nan,nan,nan,nan
90,0.9257221633306942,0.33723177331926624,0.7843801343525142,0.10706982155982817,8,3,2.6514146860938688,6.257120162571583,ok,,0.5448295999085531,4.419065844664937,0.32142857142857145,1.0,1.0976372732363653,2.0,True,33.93329428402067,0.0,0.0,0.0,0.0,0.0,True,35.38128791071627,0.0,0.0,0.0,0.0,0.0,True,1000000.0,0.0,0.0,0.0,0.0,0.0,ok,,8.319326699944213,4.419065844664937,0.32142857142857145,1.0,1.0976372732363653,2.0,True,32.87273867391394,0.0,0.0,0.0,0.0,0.0,True,34.30552556133286,0.0,0.0,0.0,0.0,0.0,True,1000000.0,0.0,0.0,0.0,0.0,0.0
91,0.9799799272104017,0.3202848824256345,0.5535125393592637,0.16617630797754862,4,6,1.0265758253257562,5.974287606387358,ok,,0.4209370999597013,4.740474350155877,0.4,1.0,1.154084425036303,2.1863899251195735,True,34.01073684761256,0.0,0.0,0.0,0.0,0.0,True,36.31387581427298,0.0,0.0,0.0,0.0,0.0,True,38.95881782614587,0.0,0.0,0.0,0.0,0.0,ok,,8.372175300028175,-2.9610142729608118,0.4,1.0,1.154084425036303,2.1863899251195735,False,32.70672071894751,2.580610853873642,0.0,0.0,3.870739025824281,10.0,False,35.00305555354181,2.631446635496562,0.0,0.0,4.209644236643746,10.0,False,37.78877128087321,2.489431133746484,0.0,0.0,3.262874224976558,10.0
92,1.4690323544643857,0.26679798447406655,0.8425260656227445,0.08722121397257508,5,4,0.8005958204750911,6.71916207635905,ok,,0.4238705000607297,4.657764791382881,0.4090909090909091,1.0,1.0959943558413388,2.152679526450633,True,31.713072033319207,0.0,0.0,0.0,0.0,0.0,True,32.889500560356524,0.0,0.0,0.0,0.0,0.0,True,35.02813352876081,0.0,0.0,0.0,0.0,0.0,ok,,9.692735600052401,4.657764791382881,0.4090909090909091,1.0,1.0959943558413388,2.152679526450633,True,30.759696214164887,0.0,0.0,0.0,0.0,0.0,True,31.963507111187006,0.0,0.0,0.0,0.0,0.0,True,34.162257016942796,0.0,0.0,0.0,0.0,0.0
93,0.8900770422990986,0.14676413655364454,0.34011368564326544,0.23764223555753183,3,4,3.6450488974959403,2.8391266523556586,ok,,0.6012658999534324,4.661615067513475,0.5294117647058824,1.0,1.1322033028075924,2.0,True,35.15714549988113,0.0,0.0,0.0,0.0,0.0,True,37.60322465186813,0.0,0.0,0.0,0.0,0.0,False,inf,0.0,nan,nan,nan,nan,ok,,6.597160700010136,1.661615067513475,0.5294117647058824,1.0,1.1322033028075924,2.0,False,35.166429407697464,1.5,0.0,0.0,10.0,0.0,False,38.28961497867009,1.5,0.0,0.0,10.0,0.0,False,inf,0.0,nan,nan,nan,nan
94,0.9882932693761615,0.32522264944493995,0.7095557993702838,0.11381057167948566,9,1,2.1202209753290635,2.6686526870033225,ok,,0.2926624999381602,4.773422051383646,0.32727272727272727,1.0,1.1166791815930897,2.329470142517829,True,32.21644367796497,0.0,0.0,0.0,0.0,0.0,True,32.97021345059054,0.0,0.0,0.0,0.0,0.0,True,48.149565960927276,0.0,0.0,0.0,0.0,0.0,ok,,7.009356800001115,4.773422051383646,0.32727272727272727,1.0,1.1166791815930897,2.329470142517829,True,31.163065624456465,0.0,0.0,0.0,0.0,0.0,True,31.901785562665907,0.0,0.0,0.0,0.0,0.0,True,48.3636018151445,0.0,0.0,0.0,0.0,0.0
95,1.4683848012265948,0.1518378006627898,0.42427078585965333,0.13397384019079056,4,5,1.2962529033025925,3.4262321970581846,ok,,0.41056019999086857,4.824971340657746,0.42857142857142855,1.0,1.1800723642203015,2.2163275478660163,True,32.50251174419597,0.0,0.0,0.0,0.0,0.0,True,34.34578451618768,0.0,0.0,0.0,0.0,0.0,True,38.72815637842321,0.0,0.0,0.0,0.0,0.0,ok,,7.0907929999521,2.852353583629884,0.42857142857142855,1.0,1.1800723642203015,2.2163275478660163,False,32.07478538643966,0.6662821617748566,0.0,0.0,4.441881078499044,0.0,False,34.051574240255576,0.7172246721016954,0.0,0.0,4.781497814011303,0.0,False,38.7420858849638,0.5891109231513105,0.0,0.0,3.9274061543420706,0.0
96,1.4530380326706873,0.27375861354023023,0.35675833393307277,0.18599687088377387,7,9,3.509568689108998,3.1242539817243906,ok,,0.408536099945195,4.954861825417005,0.2608695652173913,1.0,1.3584537418035616,2.3355385183960524,True,32.16172889175329,0.0,0.0,0.0,0.0,0.0,True,34.731160899896494,0.0,0.0,0.0,0.0,0.0,True,71.56119929508752,0.0,0.0,0.0,0.0,0.0,ok,,7.571337700006552,4.001517444675469,0.2608695652173913,1.0,1.39409379286234,2.251653888797039,False,30.479945816888176,0.39241206940761575,0.0,0.0,2.6160804627174383,0.0,False,33.10016746862948,0.47134304617942646,0.0,0.0,3.14228697452951,0.0,False,82.30113862903684,0.04134468661425949,0.0,0.0,0.2756312440950633,0.0
97,1.4958871554918929,0.3376617087934902,0.4667127252206018,0.22633971592768148,5,2,1.5489761779531845,7.1103425078774976,ok,,1.0063663000473753,4.758568373750054,0.47368421052631576,1.0,1.0275518547460014,2.2573323084777375,True,32.23057142605829,0.0,0.0,0.0,0.0,0.0,True,32.837409201564014,0.0,0.0,0.0,0.0,0.0,True,39.89637691423652,0.0,0.0,0.0,0.0,0.0,ok,,9.28732400003355,-1.2414316262499456,0.47368421052631576,1.0,1.0275518547460014,2.2573323084777375,False,30.44582961556688,2.0,0.0,0.0,0.0,10.0,False,31.050883629164574,2.0,0.0,0.0,0.0,10.0,False,38.5584100952325,2.0,0.0,0.0,0.0,10.0
98,0.8871007306289505,0.29897780583833644,0.5354125566350298,0.23171497980391131,9,1,2.955544045502728,8.038249910122524,ok,,0.8288547999691218,4.347521129847044,0.32727272727272727,1.0,1.0202484025743164,2.0,True,35.31993482116013,0.0,0.0,0.0,0.0,0.0,True,36.06753303425472,0.0,0.0,0.0,0.0,0.0,False,inf,0.0,nan,nan,nan,nan,ok,,7.13379089999944,4.347521129847044,0.32727272727272727,1.0,1.0202484025743164,2.0,True,34.468773995042454,0.0,0.0,0.0,0.0,0.0,True,35.251594382165976,0.0,0.0,0.0,0.0,0.0,False,inf,0.0,nan,nan,nan,nan
99,0.9300073104250001,0.19914926870530616,0.46568431614443184,0.15465598782441398,10,1,1.3875730737915601,2.0419732853764865,ok,,0.2893781999591738,4.683304650066526,0.3,1.0,1.1290826347599516,2.254222015306574,True,32.897761897663685,0.0,0.0,0.0,0.0,0.0,True,33.87510251965759,0.0,0.0,0.0,0.0,0.0,True,41.183601880921735,0.0,0.0,0.0,0.0,0.0,ok,,7.973171699908562,-0.7000621866426711,0.3,1.0,1.1290826347599516,2.254222015306574,False,32.648039346773665,2.508340998862238,0.0,0.0,3.3889399924149197,10.0,False,33.67771740285007,0.5405090613161092,0.0,0.0,3.6033937421073947,0.0,False,42.30136851310085,2.3345167765308497,0.0,0.0,2.230111843538997,10.0
100,0.8835950111554547,0.20279507455984053,0.386531975242702,0.14026544439648453,3,3,3.865291362235674,4.7610583740987344,ok,,0.44012640009168535,4.658437553364218,0.5806451612903226,1.0,1.0777923920738952,2.0,True,34.70851231950985,0.0,0.0,0.0,0.0,0.0,True,36.20259129980123,0.0,0.0,0.0,0.0,0.0,False,inf,0.0,nan,nan,nan,nan,ok,,7.614075700053945,2.5640239176961526,0.5806451612903226,1.0,1.0777923920738952,2.0,False,34.407411091508195,1.024584296363304,0.0,0.0,6.830561975755361,0.0,False,36.00488332538278,1.069829339304761,0.0,0.0,7.132195595365074,0.0,False,inf,0.0,nan,nan,nan,nan
101,1.3908188663871994,0.29403194531832133,0.7323022576847911,0.19164851139754566,3,9,3.80054846031386,4.079876015655662,ok,,0.5669373999116942,4.655262014213159,0.3673469387755102,1.0,1.2879150754376492,2.0,True,31.874576866952857,0.0,0.0,0.0,0.0,0.0,True,34.34360960391002,0.0,0.0,0.0,0.0,0.0,True,308.6856447408869,0.0,0.0,0.0,0.0,0.0,ok,,7.898324999958277,2.570471018796603,0.3673469387755102,1.0,1.3164044598673552,2.0,False,30.577821419286373,0.02761167983747881,0.0,0.0,0.18407786558319206,0.0,False,33.05828010832519,2.0856687000087835,0.0,0.0,0.5711246667252217,10.0,True,1000000.0,0.0,0.0,0.0,0.0,0.0
102,0.9560612945379239,0.31735463329028035,0.7127668470720707,0.09100715175240567,4,7,0.7889225156837216,2.7928561421295717,ok,,0.32801549998112023,4.804432153335425,0.375,1.0,1.2650205971005695,2.164411556234855,True,32.72797901978096,0.0,0.0,0.0,0.0,0.0,True,35.58532026411952,0.0,0.0,0.0,0.0,0.0,True,36.61146111504938,0.0,0.0,0.0,0.0,0.0,ok,,8.014586800010875,-2.761909769953764,0.375,1.0,1.2650205971005695,2.164411556234855,False,31.52439010373417,2.537907664677923,0.0,0.0,3.586051097852822,10.0,False,34.32359938165404,2.5760957958016832,0.0,0.0,3.8406386386778895,10.0,False,35.549491388895554,2.4523384628095815,0.0,0.0,3.0155897520638755,10.0
103,0.8764448596442322,0.30615875502270073,0.815217331171467,0.1797822263865258,8,3,1.450909612892917,7.083988728413591,ok,,0.8085012000519782,4.632839402209379,0.32142857142857145,1.0,1.0813204002037495,2.2300904305770586,True,34.780037057650716,0.0,0.0,0.0,0.0,0.0,True,36.30822864098659,0.0,0.0,0.0,0.0,0.0,True,47.12493199795237,0.0,0.0,0.0,0.0,0.0,ok,,8.43937180005014,4.632839402209379,0.32142857142857145,1.0,1.0813204002037495,2.2300904305770586,True,34.04972338472972,0.0,0.0,0.0,0.0,0.0,True,35.60320624665495,0.0,0.0,0.0,0.0,0.0,True,47.054515587023275,0.0,0.0,0.0,0.0,0.0
104,1.6473498747424302,0.29693303669123916,0.7675498773861431,0.17783052713787312,3,3,3.936767053105098,5.394738684571124,ok,,0.5481132999993861,5.0171434838319104,0.5806451612903226,1.0,1.0718738677188726,2.364624454822716,True,31.019530565974623,0.0,0.0,0.0,0.0,0.0,True,31.81199498236858,0.0,0.0,0.0,0.0,0.0,True,74.17977801864899,0.0,0.0,0.0,0.0,0.0,ok,,8.725544499931857,2.925987370126232,0.5806451612903226,1.0,1.0718738677188726,2.273468341117037,True,29.665071693505755,0.0,0.0,0.0,0.0,0.0,True,30.454836174224837,0.0,0.0,0.0,0.0,0.0,False,95.65350964099838,2.0,0.0,0.0,0.0,10.0
105,1.4965860140789777,0.31407703694373595,0.7465737403054356,0.22681651322489277,5,1,3.86198862480715,4.850228930337615,ok,,0.4813417000696063,4.823380872943509,0.5142857142857142,1.0,1.0341577875884382,2.274937371069356,True,31.153336315605422,0.0,0.0,0.0,0.0,0.0,True,31.555053813225953,0.0,0.0,0.0,0.0,0.0,True,76.40172247212706,0.0,0.0,0.0,0.0,0.0,ok,,7.845950900111347,4.731735082587057,0.5142857142857142,1.0,1.0341577875884382,2.183291580712904,True,29.809673313222213,0.0,0.0,0.0,0.0,0.0,True,30.20417669924813,0.0,0.0,0.0,0.0,0.0,True,114.36576780044709,0.0,0.0,0.0,0.0,0.0
106,1.5504837361710289,0.24591633455300588,0.3529911304010262,0.22518176677121626,5,6,2.348190830000653,3.0955311870532087,ok,,0.41783050005324185,4.947212659916676,0.36,1.0,1.255817029368088,2.331395630548588,True,31.40897476628499,0.0,0.0,0.0,0.0,0.0,True,33.14842526781213,0.0,0.0,0.0,0.0,0.0,True,45.89661245693115,0.0,0.0,0.0,0.0,0.0,ok,,8.05827609996777,2.9260846831296665,0.36,1.0,1.255817029368088,2.331395630548588,True,30.082801087584443,0.0,0.0,0.0,0.0,0.0,False,31.888670116273513,0.02112797678700998,0.0,0.0,0.14085317858006655,0.0,False,46.06987601973746,2.0,0.0,0.0,0.0,10.0
107,1.4579640630730393,0.1458571538283369,0.7256214716518858,0.23966436373183858,7,9,4.245267060250576,3.3501277638233407,ok,,0.4035380999557674,4.612303149873318,0.2608695652173913,1.0,1.3514335846559262,2.0,True,32.74784872395641,0.0,0.0,0.0,0.0,0.0,True,35.99391687623295,0.0,0.0,0.0,0.0,0.0,False,inf,0.0,nan,nan,nan,nan,ok,,7.641942899907008,2.3268996757313833,0.2608695652173913,1.0,1.3514335846559262,2.0,False,32.58544055712079,1.1144546243468176,0.0,0.0,7.429697495645452,0.0,False,36.060406781249846,1.170948849795117,0.0,0.0,7.806325665300781,0.0,False,inf,0.0,nan,nan,nan,nan
108,1.3980976171182946,0.27366892468055454,0.8580976929611281,0.15019445193437903,7,8,2.7933727667653265,1.2778798560980875,ok,,0.282391200074926,4.98688008748093,0.2727272727272727,1.0,1.3772496214329495,2.3369031933207087,True,31.13672707125832,0.0,0.0,0.0,0.0,0.0,True,33.69508036630234,0.0,0.0,0.0,0.0,0.0,True,52.73869158657162,0.0,0.0,0.0,0.0,0.0,ok,,7.536685499944724,2.922458517167686,0.2727272727272727,1.0,1.4159336018898458,2.3369031933207087,False,29.96086568678288,0.041680779922093854,0.0,0.0,0.27787186614729237,0.0,False,32.507672029187034,2.0614247708480473,0.0,0.0,0.40949847232031555,10.0,True,54.034910630902914,0.0,0.0,0.0,0.0,0.0
109,1.7215204266039539,0.2734940452041295,0.31043369622514555,0.239022338750365,7,9,3.893250103147248,6.306812742183097,ok,,0.48515750002115965,4.6985818873007785,0.2608695652173913,1.0,1.259539815528505,2.1781725065548825,True,32.81547928511892,0.0,0.0,0.0,0.0,0.0,True,34.885026565023054,0.0,0.0,0.0,0.0,0.0,True,116.23539345431394,0.0,0.0,0.0,0.0,0.0,ok,,8.45597590005491,2.2103130897021575,0.2608695652173913,1.0,1.2828156258029013,2.0,False,30.85609368955944,0.11118204454325907,0.0,0.0,0.7412136302883938,0.0,False,33.027117799798475,0.22219005677487655,0.0,0.0,1.4812670451658436,0.0,False,1000000.0,2.0,0.0,0.0,0.0,10.0
110,1.45376049493921,0.20311541389417417,0.6887142078624174,0.13977925264311497,8,1,4.469034362635265,3.624717448079852,ok,,0.42971640010364354,4.447847240344323,0.36,1.0,1.087847240344324,2.0,True,31.186955619856686,0.0,0.0,0.0,0.0,0.0,True,31.773272493442732,0.0,0.0,0.0,0.0,0.0,False,inf,0.0,nan,nan,nan,nan,ok,,7.870793299982324,0.44784724034432344,0.36,1.0,1.087847240344324,2.0,False,30.724922158560844,2.0,0.0,0.0,0.0,10.0,False,31.335280568660338,2.0,0.0,0.0,0.0,10.0,False,inf,0.0,nan,nan,nan,nan
111,1.2669191228850343,0.3141920206453003,0.6795759303828238,0.25192495032608436,8,6,4.434142503290166,5.018339495973488,ok,,0.4413660999853164,4.492630385497481,0.27692307692307694,1.0,1.2157073085744046,2.0,True,32.23955922308873,0.0,0.0,0.0,0.0,0.0,True,34.199311485795995,0.0,0.0,0.0,0.0,0.0,False,inf,0.0,nan,nan,nan,nan,ok,,10.386811599950306,-0.022364617109550622,0.27692307692307694,1.0,1.2351707221462052,2.0,False,30.92032826185811,2.2488024921045446,0.0,0.0,1.6586832806969656,10.0,False,32.86692328766907,2.2856559240742884,0.0,0.0,1.9043728271619234,10.0,False,inf,0.0,nan,nan,nan,nan
112,0.9133413882089301,0.15802325007169876,0.6675392295291394,0.1751863539988497,8,3,3.6321183952197504,3.758153018155854,ok,,0.4121349999913946,4.46837879631474,0.32142857142857145,1.0,1.146950224886169,2.0,True,34.66368750750173,0.0,0.0,0.0,0.0,0.0,True,36.55641917837167,0.0,0.0,0.0,0.0,0.0,False,inf,0.0,nan,nan,nan,nan,ok,,7.519328400027007,-2.470520059717934,0.32142857142857145,1.0,1.146950224886169,2.0,False,34.869835422491015,3.449015561109751,0.0,0.0,9.660103740731675,10.0,False,36.89013258437977,3.4898832949229233,0.0,0.0,9.932555299486157,10.0,False,inf,0.0,nan,nan,nan,nan
113,1.3976425354025057,0.239533367729651,0.33010973507589125,0.1598049759461838,8,5,1.858059624539956,6.50142611446025,ok,,0.4825643999502063,4.70863893837862,0.2903225806451613,1.0,1.1493795629429147,2.268936794790544,True,32.93210262729404,0.0,0.0,0.0,0.0,0.0,True,34.53368456539985,0.0,0.0,0.0,0.0,0.0,True,43.75458413770428,0.0,0.0,0.0,0.0,0.0,ok,,7.516579199931584,3.8720651171936247,0.2903225806451613,1.0,1.1493795629429147,2.268936794790544,False,31.71830927621791,0.2823828519077687,0.0,0.0,1.8825523460517914,0.0,False,33.41216590094445,0.35095271151961493,0.0,0.0,2.3396847434640997,0.0,False,43.684829573505624,0.20323825775761176,0.0,0.0,1.3549217183840785,0.0
114,1.5719882023071166,0.2540114959077384,0.37429417914424296,0.09500860327610301,4,10,1.5635315032815051,1.5328363671651597,ok,,0.2149595000082627,4.983926389766142,0.3157894736842105,1.0,1.4116032464340387,2.256533669647893,True,31.472544428219905,0.0,0.0,0.0,0.0,0.0,True,34.213556915269976,0.0,0.0,0.0,0.0,0.0,True,39.57748702147295,0.0,0.0,0.0,0.0,0.0,ok,,7.734387399978004,3.319348848389809,0.3157894736842105,1.0,1.4544425411271824,2.256533669647893,True,29.761309972114134,0.0,0.0,0.0,0.0,0.0,False,32.54664526203736,0.01715451277267802,0.0,0.0,0.11436341848452014,0.0,False,38.59828595011894,1.6902623232967988,0.0,0.0,0.0,8.451311616483993
115,1.6730643436889623,0.22411638452599902,0.3229378180853109,0.19847951650100765,6,9,2.525731975624103,7.549727669523304,ok,,0.8585471999831498,4.784876000738528,0.28125,1.0,1.212412329681514,2.2912136710570143,True,33.11566878737225,0.0,0.0,0.0,0.0,0.0,True,35.29622811579635,0.0,0.0,0.0,0.0,0.0,True,53.198983601529775,0.0,0.0,0.0,0.0,0.0,ok,,8.555570899974555,4.153494626479694,0.28125,1.0,1.212412329681514,2.2912136710570143,False,31.765809633288598,0.20064378164131655,0.0,0.0,1.3376252109421103,0.0,False,34.13147985046873,0.3210538273613541,0.0,0.0,2.140358849075694,0.0,False,54.601717116529315,0.1096837652561633,0.0,0.0,0.7312251017077553,0.0
116,0.8690469518279702,0.1854995299153549,0.3912627727253759,0.23432845049924017,6,7,4.2373512595390554,5.889470750001875,ok,,0.45186270005069673,4.478228757556725,0.3103448275862069,1.0,1.1678839299705182,2.0,True,36.628582966137806,0.0,0.0,0.0,0.0,0.0,True,44.82745359815246,0.0,0.0,0.0,0.0,0.0,False,inf,0.0,nan,nan,nan,nan,ok,,8.148950100061484,-2.5217712424432754,0.3103448275862069,1.0,1.1678839299705182,2.0,False,36.33194702860883,3.5,0.0,0.0,10.0,10.0,False,45.38633280179645,3.5,0.0,0.0,10.0,10.0,False,inf,0.0,nan,nan,nan,nan
117,1.7719702357114238,0.28065315982731276,0.35383916881148064,0.12198987758012131,7,4,4.551354483410619,4.460995656903521,ok,,0.5011415000772104,4.502427227536886,0.3333333333333333,1.0,1.1690938942035531,2.0,True,31.534297379726723,0.0,0.0,0.0,0.0,0.0,True,32.58021696281495,0.0,0.0,0.0,0.0,0.0,True,1000000.0,0.0,0.0,0.0,0.0,0.0,ok,,8.110673399991356,0.5024272275368862,0.3333333333333333,1.0,1.1690938942035531,2.0,False,29.721067254171246,2.0,0.0,0.0,0.0,10.0,False,30.80930905368694,2.0,0.0,0.0,0.0,10.0,False,inf,0.0,nan,nan,nan,nan
118,1.3995841965661184,0.244368601145886,0.8204221812870358,0.24708617423359075,10,3,4.154012821115692,8.229661141487899,ok,,0.8255663000745699,4.347764249431199,0.2727272727272727,1.0,1.0750369767039263,2.0,True,32.67551732202302,0.0,0.0,0.0,0.0,0.0,True,33.76683022322986,0.0,0.0,0.0,0.0,0.0,False,inf,0.0,nan,nan,nan,nan,ok,,8.239245600067079,4.35089387151919,0.2727272727272727,1.0,1.0781665987919171,2.0,True,32.03244277964886,0.0,0.0,0.0,0.0,0.0,True,33.17249265453154,0.0,0.0,0.0,0.0,0.0,False,inf,0.0,nan,nan,nan,nan
119,1.2337511798748257,0.32279168042195583,0.3048607695840264,0.20912860730956212,3,9,4.208056999851623,3.214066417738306,ok,,0.49822209996636957,4.680462845576541,0.3673469387755102,1.0,1.3131159068010305,2.0,True,32.82864579009029,0.0,0.0,0.0,0.0,0.0,True,35.596860881724524,0.0,0.0,0.0,0.0,0.0,False,inf,0.0,nan,nan,nan,nan,ok,,7.757163500064053,3.715569751258651,0.3673469387755102,1.0,1.3131159068010305,2.0,False,30.83094920319313,0.43933086303088237,0.0,0.0,2.9288724202058827,0.0,False,33.558650359475294,0.5255622312870073,0.0,0.0,3.5037482085800487,0.0,False,inf,0.0,nan,nan,nan,nan
120,1.1199738630770055,0.12418298932362189,0.41715349985588807,0.14502671285920524,3,8,4.0519613743541285,9.514871160575701,ok,,0.7844596999930218,-1.6211965230112906,0.391304347826087,1.0,1.0941501496600623,2.0,True,39.069603718342314,0.0,0.0,0.0,0.0,0.0,True,49.80232620415104,0.0,0.0,0.0,0.0,0.0,False,inf,0.0,nan,nan,nan,nan,ok,,7.985180699964985,-4.627814140547226,0.391304347826087,1.0,1.087532532124126,2.0,False,39.991021524365905,1.5,0.0,0.0,10.0,0.0,False,53.483803123606805,1.5,0.0,0.0,10.0,0.0,False,inf,0.0,nan,nan,nan,nan
121,1.790010278911371,0.19090144121830865,0.5772631577278531,0.17053291945019652,9,6,2.2531282647405098,2.638302486690426,ok,,0.3007697999710217,4.878880583932911,0.2571428571428571,1.0,1.3157276656873345,2.306010061102719,True,30.86290900760308,0.0,0.0,0.0,0.0,0.0,True,32.74917882576045,0.0,0.0,0.0,0.0,0.0,True,44.22806483179579,0.0,0.0,0.0,0.0,0.0,ok,,7.3744395999237895,2.7426933789533567,0.2571428571428571,1.0,1.3157276656873345,2.306010061102719,False,29.972000964046877,0.051182367171007055,0.0,0.0,0.341215781140047,0.0,False,31.933312085946064,0.08500483780854658,0.0,0.0,0.5666989187236439,0.0,False,44.61346259960873,2.0,0.0,0.0,0.0,10.0
122,1.4909786407963952,0.16030726505529777,0.7373873066248111,0.258871544948592,10,4,2.6339131122691852,1.0813447419272473,ok,,0.2567900000140071,4.861623885828802,0.2608695652173913,1.0,1.287948824294153,2.3128054963172575,True,31.04674069147505,0.0,0.0,0.0,0.0,0.0,True,32.840705565777945,0.0,0.0,0.0,0.0,0.0,True,53.699072885654374,0.0,0.0,0.0,0.0,0.0,ok,,8.409827299998142,-1.1383761141711979,0.2608695652173913,1.0,1.287948824294153,2.3128054963172575,False,30.93197603111883,2.0,0.0,0.0,0.0,10.0,False,32.8299749928746,2.0,0.0,0.0,0.0,10.0,False,57.49624191213073,2.0,0.0,0.0,0.0,10.0
123,1.1003829786226844,0.20066567039082053,0.3426287084719949,0.13654944777467237,5,3,1.8440314893368144,7.792500295232337,ok,,0.9384922999888659,4.7153052422777595,0.43902439024390244,1.0,1.0422053390554702,2.2340755129783862,True,34.61967719451171,0.0,0.0,0.0,0.0,0.0,True,35.8529879861184,0.0,0.0,0.0,0.0,0.0,True,52.59137320585274,0.0,0.0,0.0,0.0,0.0,ok,,9.184317599982023,3.299929191421966,0.43902439024390244,1.0,1.0422053390554702,2.2340755129783862,False,34.178806369479666,0.5170542410072275,0.0,0.0,3.447028273381517,0.0,False,35.522948697865516,0.5704646671442146,0.0,0.0,3.8030977809614313,0.0,False,56.03079006417029,0.3278571427043511,0.0,0.0,2.185714284695674,0.0
124,1.7127811317966275,0.3362572418626585,0.755405324798113,0.28300048251321397,6,3,3.594583933422305,6.909462189782216,ok,,0.8067971999989823,4.79171629236289,0.391304347826087,1.0,1.0709461090841597,2.329465835452644,True,31.56933772572955,0.0,0.0,0.0,0.0,0.0,True,32.3468057244857,0.0,0.0,0.0,0.0,0.0,True,64.94192471279558,0.0,0.0,0.0,0.0,0.0,ok,,8.309205999947153,2.7917162923628904,0.391304347826087,1.0,1.0709461090841597,2.329465835452644,True,29.86931468029058,0.0,0.0,0.0,0.0,0.0,True,30.635444364467446,0.0,0.0,0.0,0.0,0.0,False,68.58717646641112,2.0,0.0,0.0,0.0,10.0
125,1.6886413372535978,0.14499981614623692,0.5845415165284051,0.08527108652143224,10,6,1.101015435923918,9.43987601678463,ok,,0.7489934000186622,4.53469242564689,0.24,1.0,1.1174105918017463,2.177281833845144,True,34.12707335673532,0.0,0.0,0.0,0.0,0.0,True,36.06458129666446,0.0,0.0,0.0,0.0,0.0,True,38.776140163867,0.0,0.0,0.0,0.0,0.0,ok,,7.57525190000888,3.516235911790826,0.24,1.0,1.1174105918017463,2.177281833845144,False,33.88108261232465,0.3385186725998258,0.0,0.0,2.2567911506655056,0.0,False,35.98232878704412,0.3953567803775632,0.0,0.0,2.635711869183755,0.0,False,38.97106597461712,0.2845810608786752,0.0,0.0,1.8972070725245014,0.0
126,1.1622444407143573,0.26632213135475413,0.3596259997550655,0.08504300508182741,9,4,2.790690872073416,9.229808662836827,ok,,0.7781336999032646,4.350792692129467,0.28125,1.0,1.0695426921294668,2.0,True,34.49915746644683,0.0,0.0,0.0,0.0,0.0,True,35.96817484214279,0.0,0.0,0.0,0.0,0.0,True,1000000.0,0.0,0.0,0.0,0.0,0.0,ok,,7.600100499927066,1.977988008807865,0.28125,1.0,1.0695426921294668,2.0,False,33.35028884248841,0.15205389294408783,0.0,0.0,1.0136926196272522,0.0,False,34.91840242109081,0.22075079037751402,0.0,0.0,1.4716719358500936,0.0,False,1000000.0,2.0,0.0,0.0,0.0,10.0
127,0.8345476714680892,0.265783130308171,0.5107338317710515,0.08441300476369502,8,6,1.3421851355719554,5.7252631239602385,ok,,0.40457140002399683,4.671796486266084,0.27692307692307694,1.0,1.1803758159663946,2.214497593376612,True,35.365805964462055,0.0,0.0,0.0,0.0,0.0,True,39.58651104342659,0.0,0.0,0.0,0.0,0.0,True,47.16314666414854,0.0,0.0,0.0,0.0,0.0,ok,,7.7436371999792755,-5.029126966559998,0.27692307692307694,1.0,1.1803758159663946,2.214497593376612,False,34.46732234851043,3.2568893418266835,0.0,0.0,8.379262278844555,10.0,False,37.974384947020944,3.305370973156533,0.0,0.0,8.702473154376888,10.0,False,46.719976168589646,3.138663137842866,0.0,0.0,7.591087585619107,10.0
128,1.2127171468973956,0.2331733049415195,0.5175266423707416,0.22012566030294634,8,4,1.5434194639447414,3.3311236889309743,ok,,0.41366359998937696,4.76395759310255,0.3050847457627119,1.0,1.1899146306811605,2.268958216658677,True,31.927443812588606,0.0,0.0,0.0,0.0,0.0,True,33.585383227938124,0.0,0.0,0.0,0.0,0.0,True,39.93908129016277,0.0,0.0,0.0,0.0,0.0,ok,,7.769410999957472,3.556357984639916,0.3050847457627119,1.0,1.2075428484051944,2.268958216658677,False,31.160633386035855,0.44552941717603634,0.0,0.0,2.970196114506909,0.0,False,32.873155087331966,0.4838168455037841,0.0,0.0,3.2254456366918944,0.0,False,39.71867437633207,0.29588156350684597,0.0,0.0,1.9725437567123065,0.0
129,1.1789432408587408,0.27438251466036534,0.7048111913523243,0.2738091234207996,5,9,4.204962136905542,4.5611869431619585,ok,,0.5184517999878153,4.598934537797603,0.3050847457627119,1.0,1.2938497920348906,2.0,True,32.683611154451164,0.0,0.0,0.0,0.0,0.0,True,35.66223654076421,0.0,0.0,0.0,0.0,0.0,False,inf,0.0,nan,nan,nan,nan,ok,,7.813166199950501,-1.1385700053239018,0.3050847457627119,1.0,1.2938497920348906,2.0,False,31.700221696707395,2.8455263017510717,0.0,0.0,5.636842011673812,10.0,False,34.727050683899165,2.891978241370433,0.0,0.0,5.946521609136219,10.0,False,inf,0.0,nan,nan,nan,nan
130,1.1898090667731753,0.12692780027969813,0.8354523379163779,0.2949780345941145,3,3,1.2204596949533442,2.0261810156720985,ok,,0.31434789998456836,4.919184017356102,0.5806451612903226,1.0,1.1250146077960617,2.2135242482697177,True,32.40001628015868,0.0,0.0,0.0,0.0,0.0,True,33.954708107300405,0.0,0.0,0.0,0.0,0.0,True,38.74362776446883,0.0,0.0,0.0,0.0,0.0,ok,,7.762665300047956,2.8312616991722606,0.5806451612903226,1.0,1.1250146077960617,2.2135242482697177,False,32.916634424750974,2.017894733908159,0.0,0.0,0.11929822605439329,10.0,False,34.58121778821356,0.07002758427568219,0.0,0.0,0.46685056183788126,0.0,True,40.381221821785026,0.0,0.0,0.0,0.0,0.0
131,1.0067795895492893,0.18758829922388576,0.31898996368826,0.10254178652616215,4,5,4.482437901984573,2.2220489170077586,ok,,0.33738959999755025,4.634782597857358,0.42857142857142855,1.0,1.2062111692859294,2.0,True,33.6675331840992,0.0,0.0,0.0,0.0,0.0,True,35.99329686281252,0.0,0.0,0.0,0.0,0.0,False,inf,0.0,nan,nan,nan,nan,ok,,7.7977122000884265,2.030792142761187,0.42857142857142855,1.0,1.2062111692859294,2.0,False,33.10248841513858,1.2722164278291286,0.0,0.0,8.48144285219419,0.0,False,35.58302181671693,1.3317740272670424,0.0,0.0,8.878493515113616,0.0,False,inf,0.0,nan,nan,nan,nan
132,1.2157612576029357,0.20227162957625175,0.3618680643255676,0.08663053599264844,3,4,1.9720462769218456,4.037640450146016,ok,,0.41751359996851534,4.9472420064360145,0.5294117647058824,1.0,1.1234269088503017,2.2944033328798303,True,32.55952011313567,0.0,0.0,0.0,0.0,0.0,True,34.06884516942485,0.0,0.0,0.0,0.0,0.0,True,45.88501387184975,0.0,0.0,0.0,0.0,0.0,ok,,7.1231619999744,4.48427740562491,0.5294117647058824,1.0,1.1234269088503017,2.2944033328798303,False,31.925458796413857,0.19852915194026224,0.0,0.0,1.3235276796017483,0.0,False,33.53154995005154,0.26443544887084236,0.0,0.0,1.7629029924722825,0.0,True,47.183140357808774,0.0,0.0,0.0,0.0,0.0
133,1.433263330190663,0.16568659994514562,0.855290565803559,0.27354906526813144,9,8,4.831221952425098,3.7261527407528106,ok,,0.4105160000035539,4.563598637673659,0.23684210526315788,1.0,1.326756532410501,2.0,True,32.59740260615646,0.0,0.0,0.0,0.0,0.0,True,35.47065775148828,0.0,0.0,0.0,0.0,0.0,False,inf,0.0,nan,nan,nan,nan,ok,,7.12794490007218,-1.8195201146398299,0.23684210526315788,1.0,1.326756532410501,2.0,False,32.34298164024372,3.1704125651789328,0.0,0.0,7.802750434526219,10.0,False,35.38992604924091,3.2127061871345557,0.0,0.0,8.084707914230373,10.0,False,inf,0.0,nan,nan,nan,nan
134,1.5023185702326136,0.17352845924222143,0.390128336602393,0.2692764031751213,9,3,0.5015225057934971,2.095028050020173,ok,,0.317532500019297,4.599196298804807,0.29508196721311475,1.0,1.2089943033884576,2.0951200282032345,True,31.21024916117454,0.0,0.0,0.0,0.0,0.0,True,32.54354870172104,0.0,0.0,0.0,0.0,0.0,True,33.85726281601919,0.0,0.0,0.0,0.0,0.0,ok,,7.225203900015913,3.6962819559208433,0.29508196721311475,1.0,1.2089943033884576,2.0951200282032345,False,30.69046687008246,0.28860181501999427,0.0,0.0,1.9240121001332953,0.0,False,32.10308928360945,0.33079302601107924,0.0,0.0,2.2052868400738617,0.0,False,33.498795893287465,0.28351950185288993,0.0,0.0,1.8901300123525997,0.0
135,1.5269873093940287,0.3080519915124743,0.7305202371451494,0.13194787578863265,3,7,3.238201597718774,5.287598237909561,ok,,0.40650599997024983,4.9158540531232955,0.4186046511627907,1.0,1.1914084727786398,2.3058409291818642,True,31.790018190673493,0.0,0.0,0.0,0.0,0.0,True,33.55302455260254,0.0,0.0,0.0,0.0,0.0,True,61.014501512012075,0.0,0.0,0.0,0.0,0.0,ok,,7.896591600030661,4.933669001109514,0.4186046511627907,1.0,1.2092234207648587,2.3058409291818642,True,30.258701850219957,0.0,0.0,0.0,0.0,0.0,True,32.011368748135965,0.0,0.0,0.0,0.0,0.0,True,63.704723281359875,0.0,0.0,0.0,0.0,0.0
136,1.0714390094628672,0.2673603656770177,0.8249933222598707,0.17007392503555352,8,4,2.716150188696873,9.398573192315208,ok,,0.8412460999097675,4.363295272557079,0.3050847457627119,1.0,1.058210526794367,2.0,True,34.477490185569415,0.0,0.0,0.0,0.0,0.0,True,36.03888265712492,0.0,0.0,0.0,0.0,0.0,True,1000000.0,0.0,0.0,0.0,0.0,0.0,ok,,8.270511300070211,4.363295272557079,0.3050847457627119,1.0,1.058210526794367,2.0,True,33.90698786178169,0.0,0.0,0.0,0.0,0.0,True,35.552675620079825,0.0,0.0,0.0,0.0,0.0,False,inf,0.0,nan,nan,nan,nan
137,1.012029849833492,0.3068420835497312,0.4310367089208952,0.29739221074911065,4,8,2.493731353464117,2.963003176107481,ok,,0.4666162000503391,4.970414902247156,0.35294117647058826,1.0,1.2959198766991817,2.321553849077386,True,33.08046491215828,0.0,0.0,0.0,0.0,0.0,True,36.16309003010474,0.0,0.0,0.0,0.0,0.0,True,58.29306431570265,0.0,0.0,0.0,0.0,0.0,ok,,8.471858600038104,-2.208404591227179,0.35294117647058826,1.0,1.2959198766991817,2.321553849077386,False,31.74128996942781,3.1269378448481087,0.0,0.0,7.51291896565406,10.0,False,34.786601112594575,1.1758673200718441,0.0,0.0,7.8391154671456285,0.0,False,59.136378861417455,2.8760143285543824,0.0,0.0,5.840095523695883,10.0
138,1.3108090652551092,0.1241763908524632,0.4050531641375916,0.15918058362157705,3,1,4.904707343876573,2.7099932122413004,ok,,0.3449880999978632,4.76494630727012,0.72,1.0,1.0449463072701197,2.0,True,32.084023750040565,0.0,0.0,0.0,0.0,0.0,True,32.67284929014138,0.0,0.0,0.0,0.0,0.0,False,inf,0.0,nan,nan,nan,nan,ok,,7.833489499986172,0.7649463072701197,0.72,1.0,1.0449463072701197,2.0,False,32.407677164577706,2.0,0.0,0.0,0.0,10.0,False,33.041995724520234,2.0,0.0,0.0,0.0,10.0,False,inf,0.0,nan,nan,nan,nan
139,1.290651035725923,0.34341840794998924,0.8287169694239478,0.12875195666809117,6,4,4.117605514957864,8.024668145386407,ok,,0.8695965999504551,4.438853592580882,0.3673469387755102,1.0,1.0715066538053715,2.0,True,32.63686826071883,0.0,0.0,0.0,0.0,0.0,True,33.86219122961866,0.0,0.0,0.0,0.0,0.0,False,inf,0.0,nan,nan,nan,nan,ok,,8.024508800008334,4.442514146528775,0.3673469387755102,1.0,1.075167207753265,2.0,True,31.24364645574385,0.0,0.0,0.0,0.0,0.0,True,32.46247116928738,0.0,0.0,0.0,0.0,0.0,False,inf,0.0,nan,nan,nan,nan
140,0.8975866489294773,0.1988249187870385,0.7500721062717728,0.12582821652692341,7,2,2.7627355710220516,3.326666807630582,ok,,0.39578349993098527,4.485337330899356,0.375,1.0,1.1103373308993565,2.0,True,33.53012954611082,0.0,0.0,0.0,0.0,0.0,True,34.81834026828737,0.0,0.0,0.0,0.0,0.0,True,1000000.0,0.0,0.0,0.0,0.0,0.0,ok,,7.27763829997275,4.485337330899356,0.375,1.0,1.1103373308993565,2.0,True,33.55279965300133,0.0,0.0,0.0,0.0,0.0,True,34.90663484331022,0.0,0.0,0.0,0.0,0.0,True,1000000.0,0.0,0.0,0.0,0.0,0.0
141,1.075050496988018,0.21113910796877056,0.36112317405789796,0.26257504049615105,9,4,4.043211730303774,3.0369917568303695,ok,,0.4086349999997765,4.488273227442811,0.28125,1.0,1.2070232274428103,2.0,True,32.91300684820912,0.0,0.0,0.0,0.0,0.0,True,34.83429604336268,0.0,0.0,0.0,0.0,0.0,False,inf,0.0,nan,nan,nan,nan,ok,,7.544817499932833,2.052707628378103,0.28125,1.0,1.2070232274428103,2.0,False,32.29821222086783,1.1956300004277722,0.0,0.0,7.970866669518482,0.0,False,34.318746197613834,1.2399355986369354,0.0,0.0,8.266237324246235,0.0,False,inf,0.0,nan,nan,nan,nan
142,1.1286217105513132,0.25758480828814834,0.445626651069461,0.21779932483423742,3,6,0.9635188369600907,7.628473693903406,ok,,0.8256572000682354,4.726834868096358,0.45,1.0,1.1064544566173597,2.1703804114789986,True,34.14426118900172,0.0,0.0,0.0,0.0,0.0,True,36.153780810901445,0.0,0.0,0.0,0.0,0.0,True,38.48397003449504,0.0,0.0,0.0,0.0,0.0,ok,,7.927609000005759,2.2409855975875947,0.45,1.0,1.1064544566173597,2.1703804114789986,False,33.14937026986078,0.8254666397425,0.0,0.0,5.503110931616667,0.0,False,35.2553890287147,0.8782289648172715,0.0,0.0,5.854859765448477,0.0,False,37.64193743565485,0.7821536659489913,0.0,0.0,5.214357772993275,0.0
143,1.7939462912949082,0.25920915437006536,0.4447702583670101,0.2906644705346906,9,5,1.7722660728958892,9.171049262861699,ok,,0.9655926000559703,4.643162208301091,0.26865671641791045,1.0,1.0938607247079788,2.280644767175202,True,32.60943918175655,0.0,0.0,0.0,0.0,0.0,True,33.84775396985907,0.0,0.0,0.0,0.0,0.0,True,41.730915152265865,0.0,0.0,0.0,0.0,0.0,ok,,7.890586700057611,-1.3523274233326337,0.26865671641791045,1.0,1.0983710930742538,2.280644767175202,False,31.216428631145433,2.0,0.0,0.0,0.0,10.0,False,32.51758433455609,2.0,0.0,0.0,0.0,10.0,False,40.974880922303605,2.0,0.0,0.0,0.0,10.0
144,1.6422492093409757,0.1545621505308768,0.6494771987138558,0.16333455119418538,6,4,1.9677889861632338,8.389008412000452,ok,,0.7614627999719232,4.704914556804506,0.3673469387755102,1.0,1.0639575234811285,2.2736100945478674,True,33.4284611851488,0.0,0.0,0.0,0.0,0.0,True,34.75289453923227,0.0,0.0,0.0,0.0,0.0,True,47.844349183438595,0.0,0.0,0.0,0.0,0.0,ok,,7.944722999935038,3.830167771315008,0.3673469387755102,1.0,1.0639575234811285,2.2280084121232226,False,33.22943342839553,0.33893506462158474,0.0,0.0,2.2595670974772317,0.0,False,34.65054975143528,0.37200851453125766,0.0,0.0,2.4800567635417177,0.0,False,50.45651998357377,0.11820152391201019,0.0,0.0,0.7880101594134014,0.0
145,0.8614330594305348,0.2869550090550458,0.7189892398636712,0.09288885936923355,5,7,2.6639696598074725,3.301353466919785,ok,,0.46190820005722344,4.743401734229369,0.33962264150943394,1.0,1.2625695002404929,2.141209592479442,True,33.795894004470256,0.0,0.0,0.0,0.0,0.0,True,37.02265393326466,0.0,0.0,0.0,0.0,0.0,True,129.76429260485781,0.0,0.0,0.0,0.0,0.0,ok,,8.139634200022556,-3.572940150464686,0.33962264150943394,1.0,1.2625695002404929,2.0,False,32.929766087635656,2.8375380773245937,0.0,0.0,5.583587182163957,10.0,False,36.171949239379785,2.88933453428727,0.0,0.0,5.928896895248465,10.0,False,1000000.0,2.4482596806027503,0.0,0.0,2.988397870685003,10.0
146,1.658295378648798,0.3401164095811958,0.7430042952500535,0.09331127391208943,9,1,2.293088622906985,6.225760471671425,ok,,0.48663959989789873,4.696823652893893,0.32727272727272727,1.0,1.0515307525168933,2.3180201731042724,True,31.57382916147166,0.0,0.0,0.0,0.0,0.0,True,32.0086155681265,0.0,0.0,0.0,0.0,0.0,True,45.01678299018013,0.0,0.0,0.0,0.0,0.0,ok,,8.906125799985602,4.696823652893893,0.32727272727272727,1.0,1.0515307525168933,2.3180201731042724,True,29.79760156419683,0.0,0.0,0.0,0.0,0.0,True,30.225022701849557,0.0,0.0,0.0,0.0,0.0,True,44.22475203017556,0.0,0.0,0.0,0.0,0.0
147,1.1135142156618312,0.3394896429638886,0.6112215918639915,0.15317500621988622,3,2,4.187092003364413,4.155865481388145,ok,,0.5026501000393182,4.702466588360971,0.6428571428571429,1.0,1.059609445503828,2.0,True,31.973229784726236,0.0,0.0,0.0,0.0,0.0,True,32.75669359467905,0.0,0.0,0.0,0.0,0.0,False,inf,0.0,nan,nan,nan,nan,ok,,7.18940189993009,4.702466588360971,0.6428571428571429,1.0,1.059609445503828,2.0,True,30.678017519185797,0.0,0.0,0.0,0.0,0.0,True,31.44094844382056,0.0,0.0,0.0,0.0,0.0,False,inf,0.0,nan,nan,nan,nan
148,1.2549128473957516,0.16637574276511866,0.410097509894949,0.09736523821430351,3,5,0.8384286081471819,4.842916981588573,ok,,0.5096720999572426,4.791743221576667,0.4864864864864865,1.0,1.1394878099861232,2.1657689251040573,True,33.58937360096762,0.0,0.0,0.0,0.0,0.0,True,35.47584859715626,0.0,0.0,0.0,0.0,0.0,True,37.41113888200307,0.0,0.0,0.0,0.0,0.0,ok,,8.634716099943034,2.2426013620889256,0.4864864864864865,1.0,1.1394878099861232,2.1657689251040573,False,33.16964817399858,0.8433053940220178,0.0,0.0,5.6220359601467855,0.0,False,35.19944914652915,0.8984293297427357,0.0,0.0,5.989528864951572,0.0,False,37.227218240773965,0.8074071357229875,0.0,0.0,5.38271423815325,0.0
149,0.8465365350276083,0.18691475014200493,0.5679417337831367,0.2523900536865706,5,1,0.8764616582798952,2.401265474172008,ok,,0.344248199951835,4.74520651485045,0.5142857142857142,1.0,1.067868117505068,2.163052683059668,True,33.36704118632083,0.0,0.0,0.0,0.0,0.0,True,34.175796257801814,0.0,0.0,0.0,0.0,0.0,True,37.686672414855096,0.0,0.0,0.0,0.0,0.0,ok,,7.605397699982859,-2.062312421295351,0.5142857142857142,1.0,1.067868117505068,2.163052683059668,False,33.487262405954326,2.286563667662847,0.0,0.0,1.9104244510856458,10.0,False,34.33999463313224,2.313220375738575,0.0,0.0,2.088135838257168,10.0,False,38.10745716303697,2.207734892744378,0.0,0.0,1.3848992849625201,10.0
