generation,island,estimated_completed_candidates,elapsed_seconds,estimated_candidates_per_second,eta_seconds,convergence,best_objective,best_score,wing_span,wing_chord,tail_arm,nose_length,extra_shipping_containers,sensor_length_m,sensor_weight_kg,mission3_sensor_weight_kg,batt_capacity,prop_diameter_in,prop_pitch_in,motor_kv,motor_max_power,cruise_throttle,mission3_cruise_throttle,battery_cell_count
1,0,1024,15.89731725002639,64.41338396252362,874.3524487514514,0.0,nan,nan,1.2901660879854113,0.39562620267272,0.4513933623209596,0.13498427748680114,0.0,0.4158579019738361,8.968980218462029,5.633025331084297,2.2407751753926277,15.951864453963935,9.959407032039458,430.7623743079603,2780.185839161277,0.5843202816322446,0.8121009552851319,8.0
2,0,1536,19.28186300001107,79.66035232171902,700.574355667069,0.0,nan,nan,1.2901660879854113,0.39562620267272,0.4513933623209596,0.13498427748680114,0.0,0.4158579019738361,8.968980218462029,5.633025331084297,2.2407751753926277,15.951864453963935,9.959407032039458,430.7623743079603,2780.185839161277,0.5843202816322446,0.8121009552851319,8.0
3,0,2048,23.09744216699619,88.66782673132423,623.6309385088971,0.0,nan,nan,1.6949006488379093,0.2745415637110401,0.4345513679087162,0.19042478878115607,0.0,0.33115159401076266,9.670074765079232,4.517071474138907,3.0648637253538413,15.298378957197887,11.604279929219636,392.64448849599853,2268.81174945969,0.882433406891451,0.6947376563285206,8.0
4,0,2560,25.45462504203897,100.57111412060064,544.728975899634,0.0,nan,nan,1.6949006488379093,0.2745415637110401,0.4345513679087162,0.19042478878115607,0.0,0.33115159401076266,9.670074765079232,4.517071474138907,3.0648637253538413,15.298378957197887,11.604279929219636,392.64448849599853,2268.81174945969,0.882433406891451,0.6947376563285206,8.0
5,0,3072,28.258045250026044,108.7124028862955,499.22546608379344,0.0,nan,nan,1.7868247583727945,0.3329615742654997,0.5695158246412342,0.2348339858121997,0.0,0.36270325677869847,10.726678280894934,3.5850021191225654,1.2992403808005955,12.778883481828847,9.975499717138142,389.26130547471547,1856.3657256582528,0.9078209913463032,0.7039847164983706,8.0
6,0,3584,30.61785850004526,117.0558679012349,459.2678775006789,0.0,nan,nan,1.7868247583727945,0.3329615742654997,0.5695158246412342,0.2348339858121997,0.0,0.36270325677869847,10.726678280894934,3.5850021191225654,1.2992403808005955,12.778883481828847,9.975499717138142,389.26130547471547,1856.3657256582528,0.9078209913463032,0.7039847164983706,8.0
7,0,4096,33.31542158301454,122.9460653767712,433.100480579189,0.0,nan,nan,1.7868247583727945,0.3329615742654997,0.5695158246412342,0.2348339858121997,0.0,0.36270325677869847,10.726678280894934,3.5850021191225654,1.2992403808005955,12.778883481828847,9.975499717138142,389.26130547471547,1856.3657256582528,0.9078209913463032,0.7039847164983706,8.0
8,0,4608,36.03631958301412,127.87099385620948,412.4156574500505,0.0,nan,nan,1.7868247583727945,0.3329615742654997,0.5695158246412342,0.2348339858121997,0.0,0.36270325677869847,10.726678280894934,3.5850021191225654,1.2992403808005955,12.778883481828847,9.975499717138142,389.26130547471547,1856.3657256582528,0.9078209913463032,0.7039847164983706,8.0
9,0,5120,38.985035500023514,131.33244421431684,397.6473621002399,0.0,nan,nan,1.7868247583727945,0.3329615742654997,0.5695158246412342,0.2348339858121997,0.0,0.36270325677869847,10.726678280894934,3.5850021191225654,1.2992403808005955,12.778883481828847,9.975499717138142,389.26130547471547,1856.3657256582528,0.9078209913463032,0.7039847164983706,8.0
10,0,5632,41.75099037500331,134.89500367330038,383.3500025341213,0.0,nan,nan,1.7868247583727945,0.3329615742654997,0.5695158246412342,0.2348339858121997,0.0,0.36270325677869847,10.726678280894934,3.5850021191225654,1.2992403808005955,12.778883481828847,9.975499717138142,389.26130547471547,1856.3657256582528,0.9078209913463032,0.7039847164983706,8.0
11,1,6144,59.96171795803821,102.46537639731454,499.68098298365175,0.0,nan,nan,1.7156833114411683,0.22670299969613553,0.7630968527868391,0.1832313230447471,0.0,0.3656045732986181,10.957940745665422,3.4418277388520426,2.378711501136422,12.976515349000692,5.763475437894135,495.8323637954891,2868.0851627141237,0.8368695718236268,0.8153195972554386,8.0
12,1,6656,62.725818792008795,106.11260447743996,477.68123541606695,0.0,nan,nan,1.5902482121927277,0.32280167926768427,0.737153854946331,0.22677020244300367,0.0,0.4114631452795657,11.887388046279522,3.906892655269748,1.9274517617983091,18.3070588670671,10.014497258765461,450.29046968014194,2954.8217973908218,0.7136415070740227,0.5681853744550956,8.0
13,1,7168,66.95689737499924,107.05394486627496,468.6982816249947,0.0,nan,nan,1.5902482121927277,0.32280167926768427,0.737153854946331,0.22677020244300367,0.0,0.4114631452795657,11.887388046279522,3.906892655269748,1.9274517617983091,18.3070588670671,10.014497258765461,450.29046968014194,2954.8217973908218,0.7136415070740227,0.5681853744550956,8.0
14,1,7680,71.41420962504344,107.54162288322502,461.81188890861426,0.0,nan,nan,1.5902482121927277,0.32280167926768427,0.737153854946331,0.22677020244300367,0.0,0.4114631452795657,11.887388046279522,3.906892655269748,1.9274517617983091,18.3070588670671,10.014497258765461,450.29046968014194,2954.8217973908218,0.7136415070740227,0.5681853744550956,8.0
15,1,8192,76.64371158299036,106.88417654629947,459.8622694979422,0.0,nan,nan,1.5902482121927277,0.32280167926768427,0.737153854946331,0.22677020244300367,0.0,0.4114631452795657,11.887388046279522,3.906892655269748,1.9274517617983091,18.3070588670671,10.014497258765461,450.29046968014194,2954.8217973908218,0.7136415070740227,0.5681853744550956,8.0
16,1,8704,80.3805640420178,108.28488333883932,449.1855049406877,0.0,nan,nan,1.5902482121927277,0.32280167926768427,0.737153854946331,0.22677020244300367,0.0,0.4114631452795657,11.887388046279522,3.906892655269748,1.9274517617983091,18.3070588670671,10.014497258765461,450.29046968014194,2954.8217973908218,0.7136415070740227,0.5681853744550956,8.0
17,1,9216,83.95056383300107,109.77889342509906,438.40850001678336,0.0,nan,nan,1.6702593370096848,0.3454397194087505,0.5063011919863152,0.1474396427720785,0.0,0.49153972430614407,12.879417641059206,5.908416263573423,3.2442351781341126,15.248285305224748,9.949564265760916,463.9700725627238,2378.902279433963,0.835663954414839,0.566530586871041,8.0
18,1,9728,87.04159108299064,111.7626628714168,426.0456826693752,0.0,nan,nan,1.6702593370096848,0.3454397194087505,0.5063011919863152,0.1474396427720785,0.0,0.49153972430614407,12.879417641059206,5.908416263573423,3.2442351781341126,15.248285305224748,9.949564265760916,463.9700725627238,2378.902279433963,0.835663954414839,0.566530586871041,8.0
19,1,10240,89.67226912500337,114.19360856950563,412.4924379750155,0.0,nan,nan,1.7195264043564848,0.3563214035189187,0.5376636719474017,0.13726611642166972,0.0,0.5857660967266186,15.117436099561976,9.600523678858146,2.466020979817176,15.82249968851565,10.87106508403436,308.50004635836234,2846.2142268831813,0.8434954138550856,0.7333123710888576,8.0
20,1,10752,92.35386541701155,116.42176482219537,400.2000834737167,0.0,nan,nan,1.7195264043564848,0.3563214035189187,0.5376636719474017,0.13726611642166972,0.0,0.5857660967266186,15.117436099561976,9.600523678858146,2.466020979817176,15.82249968851565,10.87106508403436,308.50004635836234,2846.2142268831813,0.8434954138550856,0.7333123710888576,8.0
21,2,11264,109.00925933301914,103.33067180640965,445.9469699987147,0.0,nan,nan,1.5524972172041658,0.25945121468845794,0.7289806123757429,0.11159417185932398,0.0,0.09018232120763206,1.9343361848447769,0.30031963030896147,2.39168181944709,15.099388286471367,8.93522452868439,480.0890120961785,2648.31357173046,0.6400395411140037,0.6043252683562321,8.0
22,2,11776,111.51573387504322,105.59944853338244,431.5174049947325,0.0,nan,nan,1.5524972172041658,0.25945121468845794,0.7289806123757429,0.11159417185932398,0.0,0.09018232120763206,1.9343361848447769,0.30031963030896147,2.39168181944709,15.099388286471367,8.93522452868439,480.0890120961785,2648.31357173046,0.6400395411140037,0.6043252683562321,8.0
23,2,12288,114.25447683304083,107.54939623027953,418.9330817211497,0.0,nan,nan,1.5524972172041658,0.25945121468845794,0.7289806123757429,0.11159417185932398,0.0,0.09018232120763206,1.9343361848447769,0.30031963030896147,2.39168181944709,15.099388286471367,8.93522452868439,480.0890120961785,2648.31357173046,0.6400395411140037,0.6043252683562321,8.0
24,2,12800,117.70511949999491,108.74633197242159,409.6138158599823,0.0,nan,nan,1.5524972172041658,0.25945121468845794,0.7289806123757429,0.11159417185932398,0.0,0.09018232120763206,1.9343361848447769,0.30031963030896147,2.39168181944709,15.099388286471367,8.93522452868439,480.0890120961785,2648.31357173046,0.6400395411140037,0.6043252683562321,8.0
25,2,13312,123.53657625004416,107.7575597777281,408.6209829809153,0.0,nan,nan,1.5524972172041658,0.25945121468845794,0.7289806123757429,0.11159417185932398,0.0,0.09018232120763206,1.9343361848447769,0.30031963030896147,2.39168181944709,15.099388286471367,8.93522452868439,480.0890120961785,2648.31357173046,0.6400395411140037,0.6043252683562321,8.0
26,2,13824,126.54493620799622,109.24182677114881,398.38220658072885,0.0,nan,nan,1.4282400078048123,0.2886229109560985,0.5633315937258364,0.1713115581125021,0.0,0.4279020490335832,1.5181337902892498,1.2011923128409254,2.8338429652734334,14.066030774518751,9.508428406478629,387.63978355201203,2874.084623724466,0.8792899362742901,0.8815739605677133,8.0
27,2,14336,129.1188799170195,111.02946377178364,387.35663975105854,0.0,nan,nan,1.4060993524572225,0.3648667082505355,0.39438354774751794,0.14664307539160282,0.0,0.5592476210245938,9.385540291059,3.454313154628239,2.9729922009743484,18.205422416281625,13.724815513645266,357.3083244523795,2932.590873563928,0.9523728090944901,0.85543795966088,6.0
28,2,14848,135.46670608303975,109.60626732075646,387.7150553411138,0.0,nan,nan,1.4060993524572225,0.3648667082505355,0.39438354774751794,0.14664307539160282,0.0,0.5592476210245938,9.385540291059,3.454313154628239,2.9729922009743484,18.205422416281625,13.724815513645266,357.3083244523795,2932.590873563928,0.9523728090944901,0.85543795966088,6.0
29,2,15360,139.7638409580104,109.89967000559639,382.02116528522845,0.0,nan,nan,1.4060993524572225,0.3648667082505355,0.39438354774751794,0.14664307539160282,0.0,0.5592476210245938,9.385540291059,3.454313154628239,2.9729922009743484,18.205422416281625,13.724815513645266,357.3083244523795,2932.590873563928,0.9523728090944901,0.85543795966088,6.0
30,2,15872,144.8460131669999,109.57843887425753,378.46861504925783,0.0,nan,nan,1.23786983801804,0.38706126369497973,0.5644902998301947,0.15095085347140108,0.0,0.5111870974487274,9.132041606737776,1.6866100225935625,3.5921217320788337,22.44497222096279,17.247059739411043,289.33632141835494,2741.182219937906,0.7922834615084782,0.8438744098368389,6.0
31,3,16384,160.33267166704172,102.1875318963323,400.8316791676043,0.0,nan,nan,1.698538012494892,0.25930477667599916,0.8181122794747353,0.12738879622891544,0.0,0.3907299729254096,11.846020417605372,2.7042816712906506,2.8127083289436996,11.60851426422596,5.903429374006464,490.14144018292427,2140.899896621704,0.9576945039443672,0.8315259888768196,8.0
32,3,16896,162.82990587502718,103.76472251336784,389.80492618567115,0.0,nan,nan,1.698538012494892,0.25930477667599916,0.8181122794747353,0.12738879622891544,0.0,0.3907299729254096,11.846020417605372,2.7042816712906506,2.8127083289436996,11.60851426422596,5.903429374006464,490.14144018292427,2140.899896621704,0.9576945039443672,0.8315259888768196,8.0
33,3,17408,164.6714725420461,105.71351389084809,377.77573112587044,0.0,nan,nan,1.698538012494892,0.25930477667599916,0.8181122794747353,0.12738879622891544,0.0,0.3907299729254096,11.846020417605372,2.7042816712906506,2.8127083289436996,11.60851426422596,5.903429374006464,490.14144018292427,2140.899896621704,0.9576945039443672,0.8315259888768196,8.0
34,3,17920,167.38379987503868,107.05934513004411,368.2443597250851,0.0,nan,nan,1.698538012494892,0.25930477667599916,0.8181122794747353,0.12738879622891544,0.0,0.3907299729254096,11.846020417605372,2.7042816712906506,2.8127083289436996,11.60851426422596,5.903429374006464,490.14144018292427,2140.899896621704,0.9576945039443672,0.8315259888768196,8.0
35,3,18432,170.22741875000065,108.27867881301542,359.3689951388903,0.0,nan,nan,1.698538012494892,0.25930477667599916,0.8181122794747353,0.12738879622891544,0.0,0.3907299729254096,11.846020417605372,2.7042816712906506,2.8127083289436996,11.60851426422596,5.903429374006464,490.14144018292427,2140.899896621704,0.9576945039443672,0.8315259888768196,8.0
36,3,18944,173.11234520800645,109.43182577324266,350.9034024486617,0.0,nan,nan,1.698538012494892,0.25930477667599916,0.8181122794747353,0.12738879622891544,0.0,0.3907299729254096,11.846020417605372,2.7042816712906506,2.8127083289436996,11.60851426422596,5.903429374006464,490.14144018292427,2140.899896621704,0.9576945039443672,0.8315259888768196,8.0
37,3,19456,176.27580816700356,110.37249071391237,343.27394221995434,0.0,nan,nan,1.698538012494892,0.25930477667599916,0.8181122794747353,0.12738879622891544,0.0,0.3907299729254096,11.846020417605372,2.7042816712906506,2.8127083289436996,11.60851426422596,5.903429374006464,490.14144018292427,2140.899896621704,0.9576945039443672,0.8315259888768196,8.0
38,3,19968,178.7806783330161,111.68992189863748,334.6407568797481,0.0,nan,nan,1.698538012494892,0.25930477667599916,0.8181122794747353,0.12738879622891544,0.0,0.3907299729254096,11.846020417605372,2.7042816712906506,2.8127083289436996,11.60851426422596,5.903429374006464,490.14144018292427,2140.899896621704,0.9576945039443672,0.8315259888768196,8.0
39,3,20480,181.30827816703822,112.95678392098512,326.3549007006688,0.0,nan,nan,1.698538012494892,0.25930477667599916,0.8181122794747353,0.12738879622891544,0.0,0.3907299729254096,11.846020417605372,2.7042816712906506,2.8127083289436996,11.60851426422596,5.903429374006464,490.14144018292427,2140.899896621704,0.9576945039443672,0.8315259888768196,8.0
40,3,20992,183.1327172080055,114.62725131827156,317.13226638459486,0.0,nan,nan,1.533833973454698,0.29046254563750307,0.7032796259915159,0.1504336770496648,0.0,0.607765175396592,14.98712309483718,5.710574420115792,2.077722318825858,21.23837541833109,14.162053395584435,305.77590514051576,1155.914823747367,0.9666074257967985,0.7949742005037851,6.0
41,4,21504,198.5950320000411,108.28065427132915,330.9917200000685,0.0,nan,nan,1.7006562990359961,0.18318106472492218,0.6644163871183992,0.1272227251343429,0.0,0.3811922350507229,9.28294963098595,8.914554723825866,1.1816077074036002,15.718563622795045,7.326081096007066,498.45899548381567,1719.044141471386,0.6440867381170392,0.641558222938329,8.0
42,4,22016,201.72553075000178,109.13839174518968,323.699107482561,0.0,nan,nan,1.7006562990359961,0.18318106472492218,0.6644163871183992,0.1272227251343429,0.0,0.3811922350507229,9.28294963098595,8.914554723825866,1.1816077074036002,15.718563622795045,7.326081096007066,498.45899548381567,1719.044141471386,0.6440867381170392,0.641558222938329,8.0
43,4,22528,203.7153172499966,110.5856952933684,314.832763022722,0.0,nan,nan,1.7006562990359961,0.18318106472492218,0.6644163871183992,0.1272227251343429,0.0,0.3811922350507229,9.28294963098595,8.914554723825866,1.1816077074036002,15.718563622795045,7.326081096007066,498.45899548381567,1719.044141471386,0.6440867381170392,0.641558222938329,8.0
44,4,23040,206.66982870799256,111.48216526832091,307.70841163190005,0.0,nan,nan,1.7006562990359961,0.18318106472492218,0.6644163871183992,0.1272227251343429,0.0,0.3811922350507229,9.28294963098595,8.914554723825866,1.1816077074036002,15.718563622795045,7.326081096007066,498.45899548381567,1719.044141471386,0.6440867381170392,0.641558222938329,8.0
45,4,23552,210.17478779202793,112.05911159670191,301.55513031030097,0.0,nan,nan,1.7006562990359961,0.18318106472492218,0.6644163871183992,0.1272227251343429,0.0,0.3811922350507229,9.28294963098595,8.914554723825866,1.1816077074036002,15.718563622795045,7.326081096007066,498.45899548381567,1719.044141471386,0.6440867381170392,0.641558222938329,8.0
46,4,24064,213.2155518750078,112.86231134822148,294.87257174203205,0.0,nan,nan,1.7006562990359961,0.18318106472492218,0.6644163871183992,0.1272227251343429,0.0,0.3811922350507229,9.28294963098595,8.914554723825866,1.1816077074036002,15.718563622795045,7.326081096007066,498.45899548381567,1719.044141471386,0.6440867381170392,0.641558222938329,8.0
47,4,24576,215.76971129199956,113.8992115846208,287.69294838933274,0.0,nan,nan,1.7006562990359961,0.18318106472492218,0.6644163871183992,0.1272227251343429,0.0,0.3811922350507229,9.28294963098595,8.914554723825866,1.1816077074036002,15.718563622795045,7.326081096007066,498.45899548381567,1719.044141471386,0.6440867381170392,0.641558222938329,8.0
48,4,25088,218.54326737503288,114.79648996437645,280.98420091075656,0.0,nan,nan,1.7006562990359961,0.18318106472492218,0.6644163871183992,0.1272227251343429,0.0,0.3811922350507229,9.28294963098595,8.914554723825866,1.1816077074036002,15.718563622795045,7.326081096007066,498.45899548381567,1719.044141471386,0.6440867381170392,0.641558222938329,8.0
49,4,25600,221.0433562080143,115.81438338236663,274.09376169793774,0.0,nan,nan,1.7006562990359961,0.18318106472492218,0.6644163871183992,0.1272227251343429,0.0,0.3811922350507229,9.28294963098595,8.914554723825866,1.1816077074036002,15.718563622795045,7.326081096007066,498.45899548381567,1719.044141471386,0.6440867381170392,0.641558222938329,8.0
50,4,26112,223.2598961670301,116.95786143546586,267.03634639585954,0.0,nan,nan,1.7006562990359961,0.18318106472492218,0.6644163871183992,0.1272227251343429,0.0,0.3811922350507229,9.28294963098595,8.914554723825866,1.1816077074036002,15.718563622795045,7.326081096007066,498.45899548381567,1719.044141471386,0.6440867381170392,0.641558222938329,8.0
51,5,26624,243.81534175004344,109.19739426116428,281.3253943269732,0.0,nan,nan,1.7080363489073587,0.37526756153069374,0.8883177455853574,0.28048824540027123,0.0,0.42128640839548076,10.049091627429894,0.05015830607513028,2.326385788742259,15.928867598995566,9.900166843228394,342.3543540055341,2128.2505156325456,0.8521260355966032,0.7824810268357396,8.0
52,5,27136,247.12743779201992,109.80569475590727,275.1041288628146,0.0,nan,nan,1.7080363489073587,0.37526756153069374,0.8883177455853574,0.28048824540027123,0.0,0.42128640839548076,10.049091627429894,0.05015830607513028,2.326385788742259,15.928867598995566,9.900166843228394,342.3543540055341,2128.2505156325456,0.8521260355966032,0.7824810268357396,8.0
53,5,27648,251.2892230830039,110.02461490705285,269.90323960767086,0.0,nan,nan,1.7080363489073587,0.37526756153069374,0.8883177455853574,0.28048824540027123,0.0,0.42128640839548076,10.049091627429894,0.05015830607513028,2.326385788742259,15.928867598995566,9.900166843228394,342.3543540055341,2128.2505156325456,0.8521260355966032,0.7824810268357396,8.0
54,5,28160,254.07686700002523,110.83260090733566,263.3160258000262,0.0,nan,nan,1.7080363489073587,0.37526756153069374,0.8883177455853574,0.28048824540027123,0.0,0.42128640839548076,10.049091627429894,0.05015830607513028,2.326385788742259,15.928867598995566,9.900166843228394,342.3543540055341,2128.2505156325456,0.8521260355966032,0.7824810268357396,8.0
55,5,28672,257.2788371670176,111.44328976186645,257.2788371670176,0.0,nan,nan,1.7080363489073587,0.37526756153069374,0.8883177455853574,0.28048824540027123,0.0,0.42128640839548076,10.049091627429894,0.05015830607513028,2.326385788742259,15.928867598995566,9.900166843228394,342.3543540055341,2128.2505156325456,0.8521260355966032,0.7824810268357396,8.0
56,5,29184,260.1493807079969,112.18170083886305,251.02133226210228,0.0,nan,nan,1.7080363489073587,0.37526756153069374,0.8883177455853574,0.28048824540027123,0.0,0.42128640839548076,10.049091627429894,0.05015830607513028,2.326385788742259,15.928867598995566,9.900166843228394,342.3543540055341,2128.2505156325456,0.8521260355966032,0.7824810268357396,8.0
57,5,29696,263.712190582999,112.6076118603007,245.5251429565853,0.0,nan,nan,1.7165855635148297,0.38122920128245863,0.49648970179259777,0.23330626650437247,0.0,0.25943635581970664,8.813222006202697,8.424951906999622,3.194025213442481,16.45273872678853,10.239745880856942,356.94156239816573,2770.3541896816787,0.8765161996531399,0.9158130719334758,8.0
58,5,30208,265.2810521250358,113.87168347689591,238.30331801062536,0.0,nan,nan,1.7165855635148297,0.38122920128245863,0.49648970179259777,0.23330626650437247,0.0,0.25943635581970664,8.813222006202697,8.424951906999622,3.194025213442481,16.45273872678853,10.239745880856942,356.94156239816573,2770.3541896816787,0.8765161996531399,0.9158130719334758,8.0
59,5,30720,267.14104524999857,114.99543236140035,231.52223921666544,0.0,nan,nan,1.7165855635148297,0.38122920128245863,0.49648970179259777,0.23330626650437247,0.0,0.25943635581970664,8.813222006202697,8.424951906999622,3.194025213442481,16.45273872678853,10.239745880856942,356.94156239816573,2770.3541896816787,0.8765161996531399,0.9158130719334758,8.0
60,5,31232,268.84414970799116,116.17139533786796,224.77133828045163,0.0,nan,nan,1.6365811579307588,0.3906162420476562,0.5055307979161335,0.23018240514364083,0.0,0.4495077760784988,10.484224164919585,9.484243016789245,3.6061383025359732,19.174334787022254,9.155046738945382,415.22428884990273,2822.626961251075,0.8611433119691938,0.98742681586815,6.0
61,0,31744,285.13404937501764,111.33009217797503,229.94681401211102,0.0,nan,nan,1.700309113612953,0.2851191326811993,0.3451794657273983,0.13237701289324533,0.0,0.42925961288822956,12.92934090772395,3.564629467154554,1.8697207127342828,16.172467157020826,9.022285796420533,401.0388494619435,1810.529586230139,0.870194678909249,0.743967280946021,8.0
62,0,32256,288.84726741700433,111.67147360765063,224.65898576878112,0.0,nan,nan,1.6086682780400638,0.38664556797578775,0.5056128103583272,0.23281940668855228,0.0,0.5528474842481317,12.04036978645572,6.079798834494852,2.6389847768997163,14.063871601746545,7.3887048496858,425.19193007416334,1819.1679663777143,0.7807973672380417,0.850135202531604,8.0
63,0,32768,292.21062716702,112.1382898277367,219.157970375265,0.0,nan,nan,1.6086682780400638,0.38664556797578775,0.5056128103583272,0.23281940668855228,0.0,0.5528474842481317,12.04036978645572,6.079798834494852,2.6389847768997163,14.063871601746545,7.3887048496858,425.19193007416334,1819.1679663777143,0.7807973672380417,0.850135202531604,8.0
64,0,33280,296.1246234170394,112.38511548271681,214.1208815477054,0.0,nan,nan,1.3752427965169094,0.3771083465775342,0.5545602262113906,0.1550047515545243,0.0,0.548826997323122,12.705073577338752,10.12296545003354,2.8302310029852187,16.964673619075285,9.60042319837915,309.3286013396838,1845.4124906547515,0.9331324478260452,0.9986504824736226,8.0
65,0,33792,300.8822737080045,112.30970699455007,209.7058271298213,0.0,nan,nan,1.3752427965169094,0.3771083465775342,0.5545602262113906,0.1550047515545243,0.0,0.548826997323122,12.705073577338752,10.12296545003354,2.8302310029852187,16.964673619075285,9.60042319837915,309.3286013396838,1845.4124906547515,0.9331324478260452,0.9986504824736226,8.0
66,0,34304,303.75329979200615,112.9337525666043,204.01341030806384,0.0,nan,nan,1.3752427965169094,0.3771083465775342,0.5545602262113906,0.1550047515545243,0.0,0.548826997323122,12.705073577338752,10.12296545003354,2.8302310029852187,16.964673619075285,9.60042319837915,309.3286013396838,1845.4124906547515,0.9331324478260452,0.9986504824736226,8.0
67,0,34816,306.55968962499173,113.57005235290298,198.36215211028878,0.0,nan,nan,1.5830727946493774,0.29987193508168014,0.5997694614385323,0.2954798655724987,0.0,0.5707949706205433,13.570113646168823,10.962465578349628,2.6361244479387835,18.572788743042096,11.56438545569816,355.0539373606751,2782.512295080718,0.9320377869213772,0.6893753259712296,8.0
68,1,35328,326.33382216701284,108.25724335101144,203.36745439393553,0.0,nan,nan,1.7195264043564848,0.3563214035189187,0.5376636719474017,0.13726611642166972,0.0,0.5857660967266186,15.117436099561976,9.600523678858146,2.466020979817176,15.82249968851565,10.87106508403436,308.50004635836234,2846.2142268831813,0.8434954138550856,0.7333123710888576,8.0
69,1,35840,329.0966006250237,108.90419388086141,197.45796037501424,0.0,nan,nan,1.7187723467399156,0.34576260392766767,0.5672518163771101,0.11161107834810682,0.0,0.5372625318460564,15.456576336934791,9.964411655149592,1.876747596240646,21.931980174872216,14.773190609444761,295.4857188605747,2962.8051520414456,0.9013144571540852,0.7917272512340668,6.0
70,1,36352,334.0827679579961,108.8113590000263,192.92103501799775,0.0,nan,nan,1.7187723467399156,0.34576260392766767,0.5672518163771101,0.11161107834810682,0.0,0.5372625318460564,15.456576336934791,9.964411655149592,1.876747596240646,21.931980174872216,14.773190609444761,295.4857188605747,2962.8051520414456,0.9013144571540852,0.7917272512340668,6.0
71,1,36864,338.1259286670247,109.02446950852578,187.84773814834708,0.0,nan,nan,1.7187723467399156,0.34576260392766767,0.5672518163771101,0.11161107834810682,0.0,0.5372625318460564,15.456576336934791,9.964411655149592,1.876747596240646,21.931980174872216,14.773190609444761,295.4857188605747,2962.8051520414456,0.9013144571540852,0.7917272512340668,6.0
72,1,37376,342.51588850002736,109.12194515612089,182.98794043152145,0.0,nan,nan,1.7187723467399156,0.34576260392766767,0.5672518163771101,0.11161107834810682,0.0,0.5372625318460564,15.456576336934791,9.964411655149592,1.876747596240646,21.931980174872216,14.773190609444761,295.4857188605747,2962.8051520414456,0.9013144571540852,0.7917272512340668,6.0
73,1,37888,346.15339083300205,109.45436619535718,177.75444394127132,0.0,nan,nan,1.7187723467399156,0.34576260392766767,0.5672518163771101,0.11161107834810682,0.0,0.5372625318460564,15.456576336934791,9.964411655149592,1.876747596240646,21.931980174872216,14.773190609444761,295.4857188605747,2962.8051520414456,0.9013144571540852,0.7917272512340668,6.0
74,1,38400,350.1986896250164,109.65203793628615,172.76468688167478,0.0,nan,nan,1.6743838194584404,0.37027876251095637,0.8578290567921869,0.27330767422680485,0.0,0.4143497540166195,14.465347810420095,11.05294991889458,1.9985677342289048,19.075432294178405,13.891740873970978,228.66423072326478,2903.1626391806035,0.9660741372607421,0.8318980779318824,8.0
75,2,38912,367.9421520830365,105.75575475575958,174.28838782880675,0.0,nan,nan,1.3202017682793603,0.37609548257871855,0.724135359696417,0.11101340191225145,0.0,0.4639244887337427,14.640709627249024,6.14602217252544,3.1307470079176056,21.465583062497593,15.867601669193292,313.05745392775634,1436.7378234804273,0.8992192737983171,0.941795472363725,6.0
76,2,39424,371.817498666991,106.03051266102221,169.00795393954135,0.0,nan,nan,1.281108278116165,0.3871392746694837,0.7242294633476629,0.1276066368258524,0.0,0.42704537856277097,14.257889621579043,9.224993833061184,3.6402909514464596,18.969811695903203,15.147044947476031,394.98833451698323,2729.787759316749,0.9330249053142657,0.7597659999484345,6.0
77,2,39936,374.9270262080245,106.5167278120994,163.42972937272862,0.0,nan,nan,1.8240256600372209,0.30940024802730803,0.7351072581372272,0.27513211536847726,0.0,0.605612135925234,11.540472182234545,9.059820880927994,3.3061536342395614,14.369833649520054,8.444230679916304,336.2963581345278,2133.491403097696,0.9645454572895615,0.8419708429428862,8.0
78,2,40448,376.9914157500025,107.29156768604679,157.47742683227952,0.0,nan,nan,1.8240256600372209,0.30940024802730803,0.7351072581372272,0.27513211536847726,0.0,0.605612135925234,11.540472182234545,9.059820880927994,3.3061536342395614,14.369833649520054,8.444230679916304,336.2963581345278,2133.491403097696,0.9645454572895615,0.8419708429428862,8.0
79,2,40960,379.13110837503336,108.03650530170346,151.65244335001336,0.0,nan,nan,1.7443327389025671,0.27594835156462355,0.6817006546489928,0.10830325086893507,0.0,0.5355528378502348,10.98894216418479,9.979062153325032,3.0475312722646914,14.39774447848559,7.456881306237983,489.50393401742394,2880.747893935456,0.9023577590362436,0.7974918259247714,8.0
80,2,41472,381.28771387500456,108.7682568591642,145.92492753240916,0.0,nan,nan,1.824157742987104,0.35461051227256624,0.6336283513704714,0.08303193691201798,0.0,0.49734444267747846,15.492955527711295,5.37816101312692,2.1750237567715827,17.74201619438827,13.174643816393996,333.72852757769,2382.3413283252225,0.6767015766817216,0.6448580457548951,8.0
81,2,41984,383.6392407080275,109.43614611090409,140.35581977122956,0.0,nan,nan,1.5656777829362416,0.39489721145008705,0.5217983789540802,0.08268320130292797,0.0,0.5597245834166478,15.86177444276761,5.334916014788995,2.955478127023724,19.365672833933196,11.508709328878327,378.1946466533757,2422.1198730522474,0.8272182069664394,0.6104501071879077,8.0
82,3,42496,404.9674542080029,104.93682778313547,141.49465267508535,0.0,nan,nan,1.533833973454698,0.29046254563750307,0.7032796259915159,0.1504336770496648,0.0,0.607765175396592,14.98712309483718,5.710574420115792,2.077722318825858,21.23837541833109,14.162053395584435,305.77590514051576,1155.914823747367,0.9666074257967985,0.7949742005037851,6.0
83,3,43008,409.9724714170443,104.90460457343765,136.6574904723481,0.0,nan,nan,1.533833973454698,0.29046254563750307,0.7032796259915159,0.1504336770496648,0.0,0.607765175396592,14.98712309483718,5.710574420115792,2.077722318825858,21.23837541833109,14.162053395584435,305.77590514051576,1155.914823747367,0.9666074257967985,0.7949742005037851,6.0
84,3,43520,415.9397790830117,104.6305311214642,132.12204747342724,0.0,nan,nan,1.6610131765182965,0.3995628607640188,0.6418133110526866,0.22950314843354577,0.0,0.4157515048691637,13.085225307951799,1.6975264468438267,2.7073933042294405,22.35325022211034,16.08982542045719,279.8448654262795,1435.2226097875855,0.9543765313070283,0.8262079863047027,6.0
85,3,44032,421.83346575003816,104.38242476022901,127.53104778489525,0.0,nan,nan,1.8180304752137704,0.2267870190537993,0.47037997879090754,0.20676383388054936,0.0,0.5195921080784078,13.198788799366934,9.908443245553833,2.4016001057341088,14.874110221348886,6.371679424752594,434.83409016432006,2370.699193621464,0.8557244480538008,0.9132052929558432,8.0
86,3,44544,425.01683437504107,104.80526039750633,122.13127424570146,0.0,nan,nan,1.8180304752137704,0.2267870190537993,0.47037997879090754,0.20676383388054936,0.0,0.5195921080784078,13.198788799366934,9.908443245553833,2.4016001057341088,14.874110221348886,6.371679424752594,434.83409016432006,2370.699193621464,0.8557244480538008,0.9132052929558432,8.0
87,3,45056,427.9897821249906,105.27354128945488,116.72448603408836,0.0,nan,nan,1.8180304752137704,0.2267870190537993,0.47037997879090754,0.20676383388054936,0.0,0.5195921080784078,13.198788799366934,9.908443245553833,2.4016001057341088,14.874110221348886,6.371679424752594,434.83409016432006,2370.699193621464,0.8557244480538008,0.9132052929558432,8.0
88,3,45568,431.41855166701134,105.62364512124985,111.49018750945237,0.0,nan,nan,1.8180304752137704,0.2267870190537993,0.47037997879090754,0.20676383388054936,0.0,0.5195921080784078,13.198788799366934,9.908443245553833,2.4016001057341088,14.874110221348886,6.371679424752594,434.83409016432006,2370.699193621464,0.8557244480538008,0.9132052929558432,8.0
89,4,46080,450.68721495801583,102.24385886848958,110.1679858786261,0.0,nan,nan,1.7006562990359961,0.18318106472492218,0.6644163871183992,0.1272227251343429,0.0,0.3811922350507229,9.28294963098595,8.914554723825866,1.1816077074036002,15.718563622795045,7.326081096007066,498.45899548381567,1719.044141471386,0.6440867381170392,0.641558222938329,8.0
90,4,46592,454.01312862499617,102.62258305416508,104.7722604519222,0.0,nan,nan,1.7006562990359961,0.18318106472492218,0.6644163871183992,0.1272227251343429,0.0,0.3811922350507229,9.28294963098595,8.914554723825866,1.1816077074036002,15.718563622795045,7.326081096007066,498.45899548381567,1719.044141471386,0.6440867381170392,0.641558222938329,8.0
91,4,47104,457.5866697920137,102.94006165304187,99.47536299826385,0.0,nan,nan,1.7474139994634488,0.2110672386957394,0.6730415713127984,0.21940091356838476,0.0,0.5578573982371584,11.919341267231017,9.108102142664467,3.2305883271760014,23.209456024307578,9.453477665380698,395.6201105675508,2110.7743744230247,0.7877666506228498,0.7610096108470029,6.0
92,4,47616,461.6194151249947,103.14990756423624,94.30934287499892,0.0,nan,nan,1.7474139994634488,0.2110672386957394,0.6730415713127984,0.21940091356838476,0.0,0.5578573982371584,11.919341267231017,9.108102142664467,3.2305883271760014,23.209456024307578,9.453477665380698,395.6201105675508,2110.7743744230247,0.7877666506228498,0.7610096108470029,6.0
93,4,48128,465.3828662080341,103.4159258851742,89.11586799728313,0.0,nan,nan,1.5282029833733495,0.29606272538866374,0.4304824831657649,0.09859848178091647,0.0,0.4201034934518196,12.016550220686081,8.446424584038578,2.4311534580117202,15.997413008510016,9.649650431416642,343.75274209223613,2376.625969313377,0.8391006084588672,0.776241128332205,8.0
94,4,48640,467.70898162503727,103.99629237608855,83.69529144869088,0.0,nan,nan,1.5282029833733495,0.29606272538866374,0.4304824831657649,0.09859848178091647,0.0,0.4201034934518196,12.016550220686081,8.446424584038578,2.4311534580117202,15.997413008510016,9.649650431416642,343.75274209223613,2376.625969313377,0.8391006084588672,0.776241128332205,8.0
95,5,49152,487.7021609170479,100.78282185089631,81.28369348617464,0.0,nan,nan,1.6365811579307588,0.3906162420476562,0.5055307979161335,0.23018240514364083,0.0,0.4495077760784988,10.484224164919585,9.484243016789245,3.6061383025359732,19.174334787022254,9.155046738945382,415.22428884990273,2822.626961251075,0.8611433119691938,0.98742681586815,6.0
96,5,49664,491.60051358299097,101.02511821647198,76.02069797675118,0.0,nan,nan,1.6365811579307588,0.3906162420476562,0.5055307979161335,0.23018240514364083,0.0,0.4495077760784988,10.484224164919585,9.484243016789245,3.6061383025359732,19.174334787022254,9.155046738945382,415.22428884990273,2822.626961251075,0.8611433119691938,0.98742681586815,6.0
97,5,50176,495.27994466701057,101.30836215008587,70.75427780957294,0.0,nan,nan,1.6365811579307588,0.3906162420476562,0.5055307979161335,0.23018240514364083,0.0,0.4495077760784988,10.484224164919585,9.484243016789245,3.6061383025359732,19.174334787022254,9.155046738945382,415.22428884990273,2822.626961251075,0.8611433119691938,0.98742681586815,6.0
98,5,50688,498.63069458300015,101.6543918187585,65.47675787453538,0.0,nan,nan,1.6365811579307588,0.3906162420476562,0.5055307979161335,0.23018240514364083,0.0,0.4495077760784988,10.484224164919585,9.484243016789245,3.6061383025359732,19.174334787022254,9.155046738945382,415.22428884990273,2822.626961251075,0.8611433119691938,0.98742681586815,6.0
99,5,51200,502.11998304200824,101.96766057748496,60.25439796504099,0.0,nan,nan,1.6320228358254938,0.33279906798741027,0.4809226701289747,0.20217747158112986,0.0,0.5070791404497207,11.807819011783572,8.37751151461486,4.398850168146711,22.631998925518317,11.89572838067947,379.74408645234,2558.4482596904763,0.8212357947749547,0.7957545575156254,6.0
100,5,51712,506.3674353749957,102.1234707988363,55.148928605197554,0.0,nan,nan,1.5189824876808715,0.29148615031016706,0.5272438810408036,0.22721642391531008,0.0,0.47898193501736963,15.030344618636466,10.44240666964283,4.126700879959902,24.525990468998074,16.38638730594264,308.62293024215614,2761.152660474181,0.8920418691455971,0.7992090031942534,6.0
