generation,island,estimated_completed_candidates,elapsed_seconds,estimated_candidates_per_second,eta_seconds,convergence,best_objective,best_score,wing_span,wing_chord,tail_arm,nose_length,extra_shipping_containers,sensor_weight_kg,mission3_sensor_weight_kg,batt_capacity,prop_diameter_in,prop_pitch_in,motor_kv,motor_max_power,cruise_throttle,mission3_cruise_throttle,battery_cell_count
1,0,1024,21.583510041004047,47.443627012224574,1187.0930522552226,1.7425857097258465e-05,-3.8038773432703925,3.8038773432703925,1.6341670016046614,0.1292101925984025,0.42111659087240694,0.26004490721970797,0.0,8.177157887858417,7.329243687672346,3.378378378378378,14.491049773059785,10.379398625752088,419.3696836940944,2696.2309814989567,0.6137350369244814,0.6303589818999171,8.0
2,0,1536,25.860662583028898,59.39522991990169,939.6040738500499,1.6495105072235862e-05,-3.8038773432703925,3.8038773432703925,1.6341670016046614,0.1292101925984025,0.42111659087240694,0.26004490721970797,0.0,8.177157887858417,7.329243687672346,3.378378378378378,14.491049773059785,10.379398625752088,419.3696836940944,2696.2309814989567,0.6137350369244814,0.6303589818999171,8.0
3,0,2048,28.938858708017506,70.76989527000946,781.3491851164727,1.5949965906820682e-05,-4.334918913827145,4.334918913827145,1.4440742395659885,0.19576107863405534,0.4000593129981497,0.13982257153838873,0.0,14.276894856855527,9.638653025071127,2.4353863121941686,13.093594909438101,9.207407706785968,407.0835802089139,2575.0449430597505,0.8447118778033686,0.741704842930138,8.0
4,0,2560,32.61346041603247,78.49519699361704,697.9280529030948,1.526858833766072e-05,-4.334918913827145,4.334918913827145,1.4440742395659885,0.19576107863405534,0.4000593129981497,0.13982257153838873,0.0,14.276894856855527,9.638653025071127,2.4353863121941686,13.093594909438101,9.207407706785968,407.0835802089139,2575.0449430597505,0.8447118778033686,0.741704842930138,8.0
5,0,3072,37.15121795801679,82.68907908945417,656.3381839249632,1.4943198561973966e-05,-4.334918913827145,4.334918913827145,1.4440742395659885,0.19576107863405534,0.4000593129981497,0.13982257153838873,0.0,14.276894856855527,9.638653025071127,2.4353863121941686,13.093594909438101,9.207407706785968,407.0835802089139,2575.0449430597505,0.8447118778033686,0.741704842930138,8.0
6,0,3584,40.59586995799327,88.28484285984159,608.9380493698991,1.4869961778005296e-05,-5.482425287574439,5.482425287574439,1.5025095705408826,0.2079829173513255,0.6152446959817621,0.15627137430764254,0.0,14.196874903045622,10.840423606605748,2.7478907956308603,16.989287339345818,10.549471268212406,365.34400285886215,1649.260678659246,0.8486478083633331,0.7973201764644351,8.0
7,0,4096,45.41158837504918,90.19724142154197,590.3506488756393,1.4736677791186977e-05,-5.482425287574439,5.482425287574439,1.5025095705408826,0.2079829173513255,0.6152446959817621,0.15627137430764254,0.0,14.196874903045622,10.840423606605748,2.7478907956308603,16.989287339345818,10.549471268212406,365.34400285886215,1649.260678659246,0.8486478083633331,0.7973201764644351,8.0
8,0,4608,51.54955312504899,89.3897176726616,589.9559968755607,1.4691979440165555e-05,-5.482425287574439,5.482425287574439,1.5025095705408826,0.2079829173513255,0.6152446959817621,0.15627137430764254,0.0,14.196874903045622,10.840423606605748,2.7478907956308603,16.989287339345818,10.549471268212406,365.34400285886215,1649.260678659246,0.8486478083633331,0.7973201764644351,8.0
9,0,5120,56.76022070803447,90.20401852093677,578.9542512219516,1.4037518979015564e-05,-5.482425287574439,5.482425287574439,1.5025095705408826,0.2079829173513255,0.6152446959817621,0.15627137430764254,0.0,14.196874903045622,10.840423606605748,2.7478907956308603,16.989287339345818,10.549471268212406,365.34400285886215,1649.260678659246,0.8486478083633331,0.7973201764644351,8.0
10,0,5632,62.390387541032396,90.27031602097347,572.8571946949338,1.424316177965093e-05,-5.838505514171061,5.838505514171061,1.4727352786794508,0.3040242511225996,0.5272176747770843,0.146246389452461,0.0,14.847188806629601,6.174917009636987,2.708324432375532,20.326274862786256,9.739946902022155,317.24440799014235,2037.1676665193977,0.8040992871308053,0.8173007589462666,8.0
11,1,6144,89.28774375002831,68.8112359205857,744.064531250236,1.763143124347704e-05,-6.716203634013728,6.716203634013728,1.349564153360409,0.37212044840098635,0.550421742216618,0.11257738958971909,0.0,13.802284142734601,9.911552401883794,3.378378378378378,16.59464467318274,11.59033713382701,443.06199634447694,2468.9087101519845,0.6640747718548514,0.5727615464262241,8.0
12,1,6656,93.4554955830099,71.22106579690593,711.6995432859985,1.7066687433746004e-05,-6.716203634013728,6.716203634013728,1.349564153360409,0.37212044840098635,0.550421742216618,0.11257738958971909,0.0,13.802284142734601,9.911552401883794,3.378378378378378,16.59464467318274,11.59033713382701,443.06199634447694,2468.9087101519845,0.6640747718548514,0.5727615464262241,8.0
13,1,7168,98.99832041602349,72.40526879524529,692.9882429121644,1.6780217634429943e-05,-6.716203634013728,6.716203634013728,1.349564153360409,0.37212044840098635,0.550421742216618,0.11257738958971909,0.0,13.802284142734601,9.911552401883794,3.378378378378378,16.59464467318274,11.59033713382701,443.06199634447694,2468.9087101519845,0.6640747718548514,0.5727615464262241,8.0
14,1,7680,102.97224600001937,74.58320371101311,665.8871908001253,1.5886241542816195e-05,-6.716203634013728,6.716203634013728,1.349564153360409,0.37212044840098635,0.550421742216618,0.11257738958971909,0.0,13.802284142734601,9.911552401883794,3.378378378378378,16.59464467318274,11.59033713382701,443.06199634447694,2468.9087101519845,0.6640747718548514,0.5727615464262241,8.0
15,1,8192,107.95750504103489,75.88170916775265,647.7450302462094,1.5450741078423694e-05,-6.716203634013728,6.716203634013728,1.349564153360409,0.37212044840098635,0.550421742216618,0.11257738958971909,0.0,13.802284142734601,9.911552401883794,3.378378378378378,16.59464467318274,11.59033713382701,443.06199634447694,2468.9087101519845,0.6640747718548514,0.5727615464262241,8.0
16,1,8704,111.77358858304797,77.87170574319454,624.617112669974,1.480145316847239e-05,-6.716203634013728,6.716203634013728,1.349564153360409,0.37212044840098635,0.550421742216618,0.11257738958971909,0.0,13.802284142734601,9.911552401883794,3.378378378378378,16.59464467318274,11.59033713382701,443.06199634447694,2468.9087101519845,0.6640747718548514,0.5727615464262241,8.0
17,1,9216,115.9060577910277,79.51266892896957,605.287190686478,1.4532718773797623e-05,-6.716203634013728,6.716203634013728,1.349564153360409,0.37212044840098635,0.550421742216618,0.11257738958971909,0.0,13.802284142734601,9.911552401883794,3.378378378378378,16.59464467318274,11.59033713382701,443.06199634447694,2468.9087101519845,0.6640747718548514,0.5727615464262241,8.0
18,1,9728,120.81383804103825,80.52057742504279,591.3519440956082,1.4675337843829602e-05,-6.716203634013728,6.716203634013728,1.349564153360409,0.37212044840098635,0.550421742216618,0.11257738958971909,0.0,13.802284142734601,9.911552401883794,3.378378378378378,16.59464467318274,11.59033713382701,443.06199634447694,2468.9087101519845,0.6640747718548514,0.5727615464262241,8.0
19,1,10240,125.1530405000085,81.81982602331826,575.7039863000391,1.4412403706520599e-05,-6.716203634013728,6.716203634013728,1.349564153360409,0.37212044840098635,0.550421742216618,0.11257738958971909,0.0,13.802284142734601,9.911552401883794,3.378378378378378,16.59464467318274,11.59033713382701,443.06199634447694,2468.9087101519845,0.6640747718548514,0.5727615464262241,8.0
20,1,10752,129.69092200003797,82.9048003837682,561.9939953334979,1.4125333329142364e-05,-6.716203634013728,6.716203634013728,1.349564153360409,0.37212044840098635,0.550421742216618,0.11257738958971909,0.0,13.802284142734601,9.911552401883794,3.378378378378378,16.59464467318274,11.59033713382701,443.06199634447694,2468.9087101519845,0.6640747718548514,0.5727615464262241,8.0
21,2,11264,154.86208691599313,72.73568517845364,633.5267192017901,1.6826649573051992e-05,-2.9712172492350115,2.9712172492350115,1.655941815919429,0.14236581981182095,0.5761427376419306,0.22700438052415844,1.0,8.629952189483834,6.726201567276581,4.058257850352675,19.755665878765285,14.564331966867558,443.45613857731223,1011.361263692379,0.8399141603149474,0.7532118037343025,6.0
22,2,11776,160.8429277910036,73.21428527651226,622.3921988434488,1.5826366053393737e-05,-3.7346376133261607,3.7346376133261607,1.7682920883610844,0.1809992572121836,0.48861266736138886,0.20911369001492858,1.0,8.914972129724681,5.552379923309664,2.713505070235871,17.154167785028356,13.315349674589621,362.7748020895566,1199.1878040490938,0.9401609332213261,0.7370846286716317,6.0
23,2,12288,165.22006137500284,74.37353489483165,605.8068917083438,1.499156659813688e-05,-3.7346376133261607,3.7346376133261607,1.7682920883610844,0.1809992572121836,0.48861266736138886,0.20911369001492858,1.0,8.914972129724681,5.552379923309664,2.713505070235871,17.154167785028356,13.315349674589621,362.7748020895566,1199.1878040490938,0.9401609332213261,0.7370846286716317,6.0
24,2,12800,170.01265479100402,75.28851317412222,591.644038672694,1.4397336297388232e-05,-4.684583903587135,4.684583903587135,1.7696743567598803,0.17520319121277655,0.367890543351424,0.2891423743918386,1.0,8.455852491971834,5.840551420685967,3.3107666302703764,21.391031303754403,16.488836312387598,281.63137175142765,1138.439176526685,0.9758826790668893,0.773925588466227,6.0
25,2,13312,175.889138166036,75.68403676771516,581.7871493184268,1.4342318104845839e-05,-4.684583903587135,4.684583903587135,1.7696743567598803,0.17520319121277655,0.367890543351424,0.2891423743918386,1.0,8.455852491971834,5.840551420685967,3.3107666302703764,21.391031303754403,16.488836312387598,281.63137175142765,1138.439176526685,0.9758826790668893,0.773925588466227,6.0
26,2,13824,181.4926820830442,76.16836029606229,571.3658510021762,1.4267133078723445e-05,-4.897890761480327,4.897890761480327,1.8193483490418643,0.1771320954838095,0.6991582207381726,0.29055979650778707,0.0,11.02467872603485,6.641376837815793,4.1354628875746595,16.885605547577143,12.724643612114953,303.8831282460342,2347.1615184228635,0.9638032535602641,0.9038086963621921,6.0
27,2,14336,188.29026162502123,76.13776663898872,564.8707848750637,1.4290619623393312e-05,-5.091659540730267,5.091659540730267,1.4723681338433177,0.1901930544929771,0.5071688188043427,0.08385717829512063,0.0,9.373518123069339,6.80208366450101,2.5822990805596486,18.767851580555625,14.711817452952532,285.3255426372764,2456.097007265863,0.9027727677841655,0.9481859929619971,6.0
28,2,14848,194.76077200000873,76.23711822214041,557.4187612414044,1.3794234455250892e-05,-5.091659540730267,5.091659540730267,1.4723681338433177,0.1901930544929771,0.5071688188043427,0.08385717829512063,0.0,9.373518123069339,6.80208366450101,2.5822990805596486,18.767851580555625,14.711817452952532,285.3255426372764,2456.097007265863,0.9027727677841655,0.9481859929619971,6.0
29,2,15360,201.49384241603548,76.2306173519951,550.7498359371637,1.3579404484110797e-05,-6.269520053324108,6.269520053324108,1.5362607386294076,0.28501798129085126,0.770494415226545,0.22341962784491085,0.0,9.201582951492533,7.444295143644327,3.3783789563422424,18.823691517376982,12.559145175446652,387.0607084385354,1782.5150862336159,0.9372031683011733,0.8199954575711674,6.0
30,2,15872,209.4496221659938,75.77955899782461,547.2715934014677,1.3561301190635374e-05,-6.269520053324108,6.269520053324108,1.5362607386294076,0.28501798129085126,0.770494415226545,0.22341962784491085,0.0,9.201582951492533,7.444295143644327,3.3783789563422424,18.823691517376982,12.559145175446652,387.0607084385354,1782.5150862336159,0.9372031683011733,0.8199954575711674,6.0
31,3,16384,233.5694701250177,70.1461539097147,583.9236753125442,1.8184730103541783e-05,-5.93186718574306,5.93186718574306,1.636115402847901,0.34357098113745455,0.8914731100201607,0.1792095160111785,0.0,7.50032328614912,5.535805421339495,3.378378378378378,16.646744539029896,12.296206014381744,247.37290320917964,1489.1471322625875,0.9280134150758386,0.9313481370918453,8.0
32,3,16896,237.14697108301334,71.24695678312312,567.7154762290319,1.713193899605197e-05,-5.93186718574306,5.93186718574306,1.636115402847901,0.34357098113745455,0.8914731100201607,0.1792095160111785,0.0,7.50032328614912,5.535805421339495,3.378378378378378,16.646744539029896,12.296206014381744,247.37290320917964,1489.1471322625875,0.9280134150758386,0.9313481370918453,8.0
33,3,17408,241.66013987502083,72.03504892864368,554.3967914779889,1.6625247852240214e-05,-5.93186718574306,5.93186718574306,1.636115402847901,0.34357098113745455,0.8914731100201607,0.1792095160111785,0.0,7.50032328614912,5.535805421339495,3.378378378378378,16.646744539029896,12.296206014381744,247.37290320917964,1489.1471322625875,0.9280134150758386,0.9313481370918453,8.0
34,3,17920,245.98381704103667,72.85032086891499,541.1643974902806,1.6042637742767148e-05,-5.93186718574306,5.93186718574306,1.636115402847901,0.34357098113745455,0.8914731100201607,0.1792095160111785,0.0,7.50032328614912,5.535805421339495,3.378378378378378,16.646744539029896,12.296206014381744,247.37290320917964,1489.1471322625875,0.9280134150758386,0.9313481370918453,8.0
35,3,18432,249.59871570800897,73.84653381615362,526.9306220502411,1.566169389074045e-05,-5.93186718574306,5.93186718574306,1.636115402847901,0.34357098113745455,0.8914731100201607,0.1792095160111785,0.0,7.50032328614912,5.535805421339495,3.378378378378378,16.646744539029896,12.296206014381744,247.37290320917964,1489.1471322625875,0.9280134150758386,0.9313481370918453,8.0
36,3,18944,253.7367363750236,74.66006014990559,514.3312223818047,1.5095727227396617e-05,-5.93186718574306,5.93186718574306,1.636115402847901,0.34357098113745455,0.8914731100201607,0.1792095160111785,0.0,7.50032328614912,5.535805421339495,3.378378378378378,16.646744539029896,12.296206014381744,247.37290320917964,1489.1471322625875,0.9280134150758386,0.9313481370918453,8.0
37,3,19456,258.71920966601465,75.20121921026315,503.8216188232917,1.4832492461711212e-05,-6.101461686020284,6.101461686020284,1.399625664861808,0.2666084419073893,0.3948025737711588,0.10509084691385921,0.0,13.59921014027524,11.540385436673407,2.672710014847427,21.875141692792134,15.37587952747379,234.43886867593974,2309.189500844539,0.8151606721533309,0.8250266383327319,8.0
38,3,19968,265.16838441602886,75.30309483905796,496.340822112054,1.4767870627329576e-05,-6.101461686020284,6.101461686020284,1.399625664861808,0.2666084419073893,0.3948025737711588,0.10509084691385921,0.0,13.59921014027524,11.540385436673407,2.672710014847427,21.875141692792134,15.37587952747379,234.43886867593974,2309.189500844539,0.8151606721533309,0.8250266383327319,8.0
39,3,20480,271.61613025004044,75.4005293468647,488.9090344500728,1.4282842735908132e-05,-6.101461686020284,6.101461686020284,1.399625664861808,0.2666084419073893,0.3948025737711588,0.10509084691385921,0.0,13.59921014027524,11.540385436673407,2.672710014847427,21.875141692792134,15.37587952747379,234.43886867593974,2309.189500844539,0.8151606721533309,0.8250266383327319,8.0
40,3,20992,279.86600695800735,75.0073230692492,484.64601204923224,1.4124533095172903e-05,-6.101461686020284,6.101461686020284,1.399625664861808,0.2666084419073893,0.3948025737711588,0.10509084691385921,0.0,13.59921014027524,11.540385436673407,2.672710014847427,21.875141692792134,15.37587952747379,234.43886867593974,2309.189500844539,0.8151606721533309,0.8250266383327319,8.0
41,4,21504,304.657382416015,70.58420783854798,507.76230402669177,1.8166572783490053e-05,-4.568695608477718,4.568695608477718,1.2750528583783656,0.2708558674156666,0.40372445806860924,0.19543627407401798,1.0,5.995367760208802,5.505017980927617,3.7700435263104737,20.44129909016192,14.58388726019398,316.7575282044709,1052.610732614994,0.9963577603921294,0.7355546560138464,6.0
42,4,22016,310.1373985829996,70.98789149773575,497.6623372610924,1.7245173147155595e-05,-4.568695608477718,4.568695608477718,1.2750528583783656,0.2708558674156666,0.40372445806860924,0.19543627407401798,1.0,5.995367760208802,5.505017980927617,3.7700435263104737,20.44129909016192,14.58388726019398,316.7575282044709,1052.610732614994,0.9963577603921294,0.7355546560138464,6.0
43,4,22528,314.87665987503715,71.54547437380886,486.62756526142107,1.6250312679714303e-05,-5.373913119559136,5.373913119559136,1.689233382411301,0.18815582164231487,0.6562023578791252,0.19051526518031373,0.0,6.285409615541842,5.979640812622794,4.1539108410678,21.707062499180452,13.790603868675875,326.69836831088077,1482.1164130535035,0.7669108295813203,0.9254318635860036,6.0
44,4,23040,321.39934187504696,71.6865189131515,478.52790901395883,1.5264939198448053e-05,-5.373913119559136,5.373913119559136,1.689233382411301,0.18815582164231487,0.6562023578791252,0.19051526518031373,0.0,6.285409615541842,5.979640812622794,4.1539108410678,21.707062499180452,13.790603868675875,326.69836831088077,1482.1164130535035,0.7669108295813203,0.9254318635860036,6.0
45,4,23552,328.93009925005026,71.60183897338,471.9431858805069,1.461596777175498e-05,-5.402212791939514,5.402212791939514,1.7664190578349261,0.18021865157894817,0.7395074859541119,0.1353884365968406,0.0,6.7491693180638395,6.654115510742671,3.8512685156094952,22.957973005403087,15.32196673714356,319.28334637811577,2154.464759684613,0.7600682373627415,0.8761650418539584,6.0
46,4,24064,336.02675833302783,71.61334448297347,464.71785726908104,1.4755649291146534e-05,-5.402212791939514,5.402212791939514,1.7664190578349261,0.18021865157894817,0.7395074859541119,0.1353884365968406,0.0,6.7491693180638395,6.654115510742671,3.8512685156094952,22.957973005403087,15.32196673714356,319.28334637811577,2154.464759684613,0.7600682373627415,0.8761650418539584,6.0
47,4,24576,343.56351391604403,71.53262498649839,458.0846852213921,1.4064532082411391e-05,-5.402212791939514,5.402212791939514,1.7664190578349261,0.18021865157894817,0.7395074859541119,0.1353884365968406,0.0,6.7491693180638395,6.654115510742671,3.8512685156094952,22.957973005403087,15.32196673714356,319.28334637811577,2154.464759684613,0.7600682373627415,0.8761650418539584,6.0
48,4,25088,350.69450195803074,71.5380476737625,450.89293108889666,1.3692598944780788e-05,-5.402212791939514,5.402212791939514,1.7664190578349261,0.18021865157894817,0.7395074859541119,0.1353884365968406,0.0,6.7491693180638395,6.654115510742671,3.8512685156094952,22.957973005403087,15.32196673714356,319.28334637811577,2154.464759684613,0.7600682373627415,0.8761650418539584,6.0
49,4,25600,357.4479722499964,71.61881444971677,443.23548558999556,1.3446547097532452e-05,-5.402212791939514,5.402212791939514,1.7664190578349261,0.18021865157894817,0.7395074859541119,0.1353884365968406,0.0,6.7491693180638395,6.654115510742671,3.8512685156094952,22.957973005403087,15.32196673714356,319.28334637811577,2154.464759684613,0.7600682373627415,0.8761650418539584,6.0
50,4,26112,366.33161633304553,71.27967894603076,438.1613450257995,1.3044542574300285e-05,-5.402212791939514,5.402212791939514,1.7664190578349261,0.18021865157894817,0.7395074859541119,0.1353884365968406,0.0,6.7491693180638395,6.654115510742671,3.8512685156094952,22.957973005403087,15.32196673714356,319.28334637811577,2154.464759684613,0.7600682373627415,0.8761650418539584,6.0
51,5,26624,391.33787895803107,68.03328129361913,451.54370649003585,1.7620108084763474e-05,-5.545246037667404,5.545246037667404,1.6880553342565894,0.17977156735956668,0.606367706693709,0.21477721624076362,0.0,9.577330371968468,6.161988833713189,2.9123784583061934,15.759770749136806,10.02967043895788,409.5367149449885,2684.0719655156136,0.7369570792652667,0.7252577813342214,8.0
52,5,27136,396.04762920801295,68.51701158839049,440.883209873071,1.6740537787323448e-05,-5.545246037667404,5.545246037667404,1.6880553342565894,0.17977156735956668,0.606367706693709,0.21477721624076362,0.0,9.577330371968468,6.161988833713189,2.9123784583061934,15.759770749136806,10.02967043895788,409.5367149449885,2684.0719655156136,0.7369570792652667,0.7252577813342214,8.0
53,5,27648,400.8183088750229,68.97888491571072,430.5085539768765,1.6028455846217357e-05,-5.545246037667404,5.545246037667404,1.6880553342565894,0.17977156735956668,0.606367706693709,0.21477721624076362,0.0,9.577330371968468,6.161988833713189,2.9123784583061934,15.759770749136806,10.02967043895788,409.5367149449885,2684.0719655156136,0.7369570792652667,0.7252577813342214,8.0
54,5,28160,405.667242458032,69.41649966453299,420.41877854741495,1.561251697474654e-05,-5.545246037667404,5.545246037667404,1.6880553342565894,0.17977156735956668,0.606367706693709,0.21477721624076362,0.0,9.577330371968468,6.161988833713189,2.9123784583061934,15.759770749136806,10.02967043895788,409.5367149449885,2684.0719655156136,0.7369570792652667,0.7252577813342214,8.0
55,5,28672,410.57462150003994,69.83383409146542,410.57462150003994,1.5275935160572337e-05,-6.184210046977513,6.184210046977513,1.779609060447478,0.17218559094702662,0.33434357854902963,0.22176811488824716,1.0,8.182273695589208,8.038594541097286,2.3843324529371843,12.07106439396739,7.6896812781275745,458.44795996861404,2219.0588135272264,0.9619841893453269,0.8182674306444824,8.0
56,5,29184,414.4348960000207,70.41878056523151,399.8933207017743,1.4443719953790253e-05,-6.184210046977513,6.184210046977513,1.779609060447478,0.17218559094702662,0.33434357854902963,0.22176811488824716,1.0,8.182273695589208,8.038594541097286,2.3843324529371843,12.07106439396739,7.6896812781275745,458.44795996861404,2219.0588135272264,0.9619841893453269,0.8182674306444824,8.0
57,5,29696,418.5508577080327,70.94956193045232,389.68528131437523,1.3560439471211062e-05,-6.184210046977513,6.184210046977513,1.779609060447478,0.17218559094702662,0.33434357854902963,0.22176811488824716,1.0,8.182273695589208,8.038594541097286,2.3843324529371843,12.07106439396739,7.6896812781275745,458.44795996861404,2219.0588135272264,0.9619841893453269,0.8182674306444824,8.0
58,5,30208,423.65117170801386,71.30394536196341,380.56800170380905,1.294988203979904e-05,-6.184210046977513,6.184210046977513,1.779609060447478,0.17218559094702662,0.33434357854902963,0.22176811488824716,1.0,8.182273695589208,8.038594541097286,2.3843324529371843,12.07106439396739,7.6896812781275745,458.44795996861404,2219.0588135272264,0.9619841893453269,0.8182674306444824,8.0
59,5,30720,428.5452331660199,71.68438153668359,371.4058687438839,1.2653554579893875e-05,-6.377377805479311,6.377377805479311,1.739562860384558,0.25149301396398355,0.8181213782719993,0.22280869463299532,0.0,9.687402654259996,8.345283072489968,2.9387677557097103,15.335936125887168,11.809275648314653,326.6983513815896,2873.057614890471,0.7981075472198427,0.8932012212605163,8.0
60,5,31232,434.5735052910168,71.86816411894499,363.33194704658774,1.2691303133989004e-05,-6.377377805479311,6.377377805479311,1.739562860384558,0.25149301396398355,0.8181213782719993,0.22280869463299532,0.0,9.687402654259996,8.345283072489968,2.9387677557097103,15.335936125887168,11.809275648314653,326.6983513815896,2873.057614890471,0.7981075472198427,0.8932012212605163,8.0
61,0,31744,463.5841362500214,68.4751645230581,373.8581743951786,1.3622928605285837e-05,-5.838505514171061,5.838505514171061,1.4727352786794508,0.3040242511225996,0.5272176747770843,0.146246389452461,0.0,14.847188806629601,6.174917009636987,2.708324432375532,20.326274862786256,9.739946902022155,317.24440799014235,2037.1676665193977,0.8040992871308053,0.8173007589462666,8.0
62,0,32256,471.9480353750405,68.34650762846654,367.07069418058705,1.290977477234781e-05,-6.227304090609477,6.227304090609477,1.546933272584313,0.292407749541058,0.6515698902545863,0.09746074467122713,0.0,11.102420716155219,9.794883355125021,1.933037213695723,20.032002486929336,14.497610282596153,285.71970329986164,1614.1094273005174,0.6840954014750984,0.6697303833345001,8.0
63,0,32768,479.76131941599306,68.30062923765517,359.8209895619948,1.2805621795946966e-05,-6.227304090609477,6.227304090609477,1.546933272584313,0.292407749541058,0.6515698902545863,0.09746074467122713,0.0,11.102420716155219,9.794883355125021,1.933037213695723,20.032002486929336,14.497610282596153,285.71970329986164,1614.1094273005174,0.6840954014750984,0.6697303833345001,8.0
64,0,33280,486.72837166604586,68.37489231639465,351.94205335852547,1.2802629778092071e-05,-6.227304090609477,6.227304090609477,1.546933272584313,0.292407749541058,0.6515698902545863,0.09746074467122713,0.0,11.102420716155219,9.794883355125021,1.933037213695723,20.032002486929336,14.497610282596153,285.71970329986164,1614.1094273005174,0.6840954014750984,0.6697303833345001,8.0
65,0,33792,494.8654237500159,68.28523145531021,344.9062044318292,1.2134882677027916e-05,-6.227304090609477,6.227304090609477,1.546933272584313,0.292407749541058,0.6515698902545863,0.09746074467122713,0.0,11.102420716155219,9.794883355125021,1.933037213695723,20.032002486929336,14.497610282596153,285.71970329986164,1614.1094273005174,0.6840954014750984,0.6697303833345001,8.0
66,0,34304,502.3438881660113,68.28788168447555,337.3951487682166,1.1353168431216907e-05,-6.28736638929539,6.28736638929539,1.4328536298578747,0.3414262274636477,0.7053158437110176,0.20735516604706422,0.0,9.369609874828688,7.694429911880125,2.7960282761074984,17.46948997291549,12.711860240555199,307.2976370271646,2940.191320564917,0.9154157486713727,0.723757414784706,8.0
67,0,34816,509.2005078330403,68.37385168401222,329.4826815390261,1.0119419991043387e-05,-6.723223441634039,6.723223441634039,1.7620877778786814,0.31555973879838123,0.8280184838630513,0.22339601043629043,0.0,12.836291862018815,8.603408824133446,2.0463281012878136,15.177647614463767,9.423031672694323,337.9810384108576,2363.336337117618,0.8694646031865273,0.8495333886955149,8.0
68,1,35328,534.8054899160052,66.05766146033486,333.2845806722931,1.3272393381708177e-05,-6.716203634013728,6.716203634013728,1.349564153360409,0.37212044840098635,0.550421742216618,0.11257738958971909,0.0,13.802284142734601,9.911552401883794,3.378378378378378,16.59464467318274,11.59033713382701,443.06199634447694,2468.9087101519845,0.6640747718548514,0.5727615464262241,8.0
69,1,35840,539.683144041046,66.4093373968229,323.8098864246276,1.2781351646264684e-05,-6.716203634013728,6.716203634013728,1.349564153360409,0.37212044840098635,0.550421742216618,0.11257738958971909,0.0,13.802284142734601,9.911552401883794,3.378378378378378,16.59464467318274,11.59033713382701,443.06199634447694,2468.9087101519845,0.6640747718548514,0.5727615464262241,8.0
70,1,36352,544.5598956250469,66.7548240185317,314.46416507925244,1.2581385115105084e-05,-6.716203634013728,6.716203634013728,1.349564153360409,0.37212044840098635,0.550421742216618,0.11257738958971909,0.0,13.802284142734601,9.911552401883794,3.378378378378378,16.59464467318274,11.59033713382701,443.06199634447694,2468.9087101519845,0.6640747718548514,0.5727615464262241,8.0
71,1,36864,549.0208295410266,67.14499344372373,305.01157196723705,1.2053043367020095e-05,-6.716203634013728,6.716203634013728,1.349564153360409,0.37212044840098635,0.550421742216618,0.11257738958971909,0.0,13.802284142734601,9.911552401883794,3.378378378378378,16.59464467318274,11.59033713382701,443.06199634447694,2468.9087101519845,0.6640747718548514,0.5727615464262241,8.0
72,1,37376,554.6356150000356,67.38838795989976,296.31217787673137,1.170293929551457e-05,-6.716203634013728,6.716203634013728,1.349564153360409,0.37212044840098635,0.550421742216618,0.11257738958971909,0.0,13.802284142734601,9.911552401883794,3.378378378378378,16.59464467318274,11.59033713382701,443.06199634447694,2468.9087101519845,0.6640747718548514,0.5727615464262241,8.0
73,1,37888,560.576264250034,67.58759229788011,287.8634870473147,1.1399134084829722e-05,-6.716203634013728,6.716203634013728,1.349564153360409,0.37212044840098635,0.550421742216618,0.11257738958971909,0.0,13.802284142734601,9.911552401883794,3.378378378378378,16.59464467318274,11.59033713382701,443.06199634447694,2468.9087101519845,0.6640747718548514,0.5727615464262241,8.0
74,1,38400,567.2418233750504,67.69599563643351,279.83929953169155,1.0999027704505744e-05,-6.716203634013728,6.716203634013728,1.349564153360409,0.37212044840098635,0.550421742216618,0.11257738958971909,0.0,13.802284142734601,9.911552401883794,3.378378378378378,16.59464467318274,11.59033713382701,443.06199634447694,2468.9087101519845,0.6640747718548514,0.5727615464262241,8.0
75,2,38912,599.660856625007,64.89001169594984,284.04987945395067,1.3099666924904772e-05,-6.269520053324108,6.269520053324108,1.5362607386294076,0.28501798129085126,0.770494415226545,0.22341962784491085,0.0,9.201582951492533,7.444295143644327,3.3783789563422424,18.823691517376982,12.559145175446652,387.0607084385354,1782.5150862336159,0.9372031683011733,0.8199954575711674,6.0
76,2,39424,607.1072198330075,64.93745867631762,275.9578271968216,1.2589631293762441e-05,-6.269520053324108,6.269520053324108,1.5362607386294076,0.28501798129085126,0.770494415226545,0.22341962784491085,0.0,9.201582951492533,7.444295143644327,3.3783789563422424,18.823691517376982,12.559145175446652,387.0607084385354,1782.5150862336159,0.9372031683011733,0.8199954575711674,6.0
77,2,39936,615.1142310410505,64.92452618501491,268.1267160948169,1.212087928196157e-05,-6.269520053324108,6.269520053324108,1.5362607386294076,0.28501798129085126,0.770494415226545,0.22341962784491085,0.0,9.201582951492533,7.444295143644327,3.3783789563422424,18.823691517376982,12.559145175446652,387.0607084385354,1782.5150862336159,0.9372031683011733,0.8199954575711674,6.0
78,2,40448,624.6047427500016,64.75775355453766,260.9108419082285,1.1168035361978715e-05,-6.5189422879816,6.5189422879816,1.800493220456296,0.29008230347122593,0.8243040378488169,0.1545124028404891,1.0,8.498892407933262,6.377892616219644,3.121718841082213,18.141928398024685,12.462335016489641,365.4930628414797,1976.5078417602626,0.9918380257120576,0.8668193073974657,6.0
79,2,40960,632.5657830830314,64.7521587404982,253.02631323321256,9.909881879490607e-06,-6.658122647475315,6.658122647475315,1.8226530388344913,0.2947417148553772,0.8245794908571218,0.14387173053837074,1.0,8.44260181550392,8.14551069194925,3.5661543576058574,15.796857934408724,12.031033204863135,403.5591363330789,1645.1423883161724,0.9502153487231862,0.9480654870599693,6.0
80,2,41472,637.97477458301,65.00570500942882,244.16318533423842,9.751607467433381e-06,-6.658122647475315,6.658122647475315,1.8226530388344913,0.2947417148553772,0.8245794908571218,0.14387173053837074,1.0,8.44260181550392,8.14551069194925,3.5661543576058574,15.796857934408724,12.031033204863135,403.5591363330789,1645.1423883161724,0.9502153487231862,0.9480654870599693,6.0
81,2,41984,644.0868442500359,65.1837564682531,235.64152838415947,9.344391644179158e-06,-6.658122647475315,6.658122647475315,1.8226530388344913,0.2947417148553772,0.8245794908571218,0.14387173053837074,1.0,8.44260181550392,8.14551069194925,3.5661543576058574,15.796857934408724,12.031033204863135,403.5591363330789,1645.1423883161724,0.9502153487231862,0.9480654870599693,6.0
82,3,42496,676.0624068750185,62.85810239979236,236.21457589609082,1.348858908838749e-05,-6.101461686020284,6.101461686020284,1.399625664861808,0.2666084419073893,0.3948025737711588,0.10509084691385921,0.0,13.59921014027524,11.540385436673407,2.672710014847427,21.875141692792134,15.37587952747379,234.43886867593974,2309.189500844539,0.8151606721533309,0.8250266383327319,8.0
83,3,43008,683.5673688329989,62.916988084765066,227.85578961099964,1.383018756347471e-05,-6.101461686020284,6.101461686020284,1.399625664861808,0.2666084419073893,0.3948025737711588,0.10509084691385921,0.0,13.59921014027524,11.540385436673407,2.672710014847427,21.875141692792134,15.37587952747379,234.43886867593974,2309.189500844539,0.8151606721533309,0.8250266383327319,8.0
84,3,43520,691.0263030829956,62.97878938303314,219.50247274401036,1.3224262445484287e-05,-6.101461686020284,6.101461686020284,1.399625664861808,0.2666084419073893,0.3948025737711588,0.10509084691385921,0.0,13.59921014027524,11.540385436673407,2.672710014847427,21.875141692792134,15.37587952747379,234.43886867593974,2309.189500844539,0.8151606721533309,0.8250266383327319,8.0
85,3,44032,698.8540427910048,63.00600311926357,211.2814547972805,1.2857557855675293e-05,-6.934975288550609,6.934975288550609,1.597000509056745,0.34183673713469404,0.8209798510845715,0.23304397630353474,0.0,13.398324855664239,11.149407134453098,2.672710014847427,18.864526516394633,13.729013615761177,233.64087126302445,2332.688687775006,0.8987777422045207,0.9287843490059253,8.0
86,3,44544,706.184081250045,63.07703781873823,202.92646012932326,1.2572178481632383e-05,-6.934975288550609,6.934975288550609,1.597000509056745,0.34183673713469404,0.8209798510845715,0.23304397630353474,0.0,13.398324855664239,11.149407134453098,2.672710014847427,18.864526516394633,13.729013615761177,233.64087126302445,2332.688687775006,0.8987777422045207,0.9287843490059253,8.0
87,3,45056,713.1930359580438,63.17504199893868,194.50719162492103,1.1978893750694307e-05,-6.991938393368541,6.991938393368541,1.5696654229112323,0.39461127455464573,0.8436382556885236,0.21136601520798806,0.0,14.662523155916242,9.509068580005872,2.9292800873493627,18.655399046074468,13.862581565592913,254.0351076434967,2454.011240712183,0.8494843764719323,0.8135062727684159,8.0
88,3,45568,722.1721985000186,63.098524278069156,186.62877039888122,1.095078405060116e-05,-6.991938393368541,6.991938393368541,1.5696654229112323,0.39461127455464573,0.8436382556885236,0.21136601520798806,0.0,14.662523155916242,9.509068580005872,2.9292800873493627,18.655399046074468,13.862581565592913,254.0351076434967,2454.011240712183,0.8494843764719323,0.8135062727684159,8.0
89,4,46080,771.8926639160491,59.69741928394808,188.68487340170088,1.2638460239617178e-05,-5.402212791939514,5.402212791939514,1.7664190578349261,0.18021865157894817,0.7395074859541119,0.1353884365968406,0.0,6.7491693180638395,6.654115510742671,3.8512685156094952,22.957973005403087,15.32196673714356,319.28334637811577,2154.464759684613,0.7600682373627415,0.8761650418539584,6.0
90,4,46592,788.0940545000485,59.11984709687609,181.86785873078043,1.2095338161763557e-05,-6.257592783749608,6.257592783749608,1.6818075941819115,0.3900203183778144,0.7991092897728519,0.15587449519780186,0.0,8.749375832941114,8.079134670227276,3.212793752255303,16.403344185545382,11.972226715091706,399.1018463919299,2645.2344986007815,0.8352707996651779,0.7892741036216162,6.0
91,4,47104,795.8655945000355,59.18587299855679,173.01425967392078,1.1413688684071026e-05,-6.602945099899274,6.602945099899274,1.56151272743655,0.39211465676759577,0.7097320958758707,0.14998957745673003,1.0,9.238849057329379,8.171903102631827,3.131959969742757,16.878059771714135,12.996179582984837,398.66590411259085,2145.9847556325767,0.9042878460036142,0.7998870307020616,6.0
92,4,47616,804.2206782080466,59.20762956020643,164.30314931132133,1.1161549875354668e-05,-6.602945099899274,6.602945099899274,1.56151272743655,0.39211465676759577,0.7097320958758707,0.14998957745673003,1.0,9.238849057329379,8.171903102631827,3.131959969742757,16.878059771714135,12.996179582984837,398.66590411259085,2145.9847556325767,0.9042878460036142,0.7998870307020616,6.0
93,4,48128,813.0334522080375,59.195596281178716,155.68725680579442,1.0667262489560483e-05,-6.680736349098275,6.680736349098275,1.7057988822337373,0.2886305685743329,0.8073254535472871,0.16367072634044955,0.0,11.25547015353633,9.87252126406204,3.0917937533812907,16.597393586897038,12.642674455455918,391.5254688316263,1592.2290196074607,0.9686758660603841,0.8132315685345777,6.0
94,4,48640,825.1700989580131,58.94542235766948,147.662017708276,1.0185680083333681e-05,-6.680736349098275,6.680736349098275,1.7057988822337373,0.2886305685743329,0.8073254535472871,0.16367072634044955,0.0,11.25547015353633,9.87252126406204,3.0917937533812907,16.597393586897038,12.642674455455918,391.5254688316263,1592.2290196074607,0.9686758660603841,0.8132315685345777,6.0
95,5,49152,859.5733701250283,57.18185521830516,143.26222835417138,1.1868618178126017e-05,-6.377377805479311,6.377377805479311,1.739562860384558,0.25149301396398355,0.8181213782719993,0.22280869463299532,0.0,9.687402654259996,8.345283072489968,2.9387677557097103,15.335936125887168,11.809275648314653,326.6983513815896,2873.057614890471,0.7981075472198427,0.8932012212605163,8.0
96,5,49664,865.3335708749946,57.392896417714994,133.8144697229373,1.0885900544889256e-05,-6.377377805479311,6.377377805479311,1.739562860384558,0.25149301396398355,0.8181213782719993,0.22280869463299532,0.0,9.687402654259996,8.345283072489968,2.9387677557097103,15.335936125887168,11.809275648314653,326.6983513815896,2873.057614890471,0.7981075472198427,0.8932012212605163,8.0
97,5,50176,870.6295679160394,57.631858426428735,124.37565255943419,1.0163927971884426e-05,-6.47719644502202,6.47719644502202,1.6247265676750995,0.2695252168551637,0.8729881246732987,0.19577653216186683,0.0,9.798360373894143,9.241981144580821,3.288201490730213,17.59394793471888,12.504355790015635,308.11554568243326,1142.7608772194112,0.8063469907084688,0.885614436394747,8.0
98,5,50688,876.6572078750469,57.81963525157572,115.11660305429908,9.916251353462285e-06,-6.5294319229094455,6.5294319229094455,1.710703156362578,0.32633788790620677,0.823212695057246,0.11704139116230138,0.0,10.36667164182191,10.361703002101066,2.267219307075303,13.079340670871613,10.16117495844648,337.1127007780446,2907.692114552865,0.8605566383252385,0.8817522164574998,8.0
99,5,51200,879.778085583006,58.1964939102468,105.57337026996072,9.553904725583216e-06,-6.5294319229094455,6.5294319229094455,1.710703156362578,0.32633788790620677,0.823212695057246,0.11704139116230138,0.0,10.36667164182191,10.361703002101066,2.267219307075303,13.079340670871613,10.16117495844648,337.1127007780446,2907.692114552865,0.8605566383252385,0.8817522164574998,8.0
100,5,51712,883.1715878749965,58.552608247310694,96.18700462004912,9.187202831840354e-06,-6.5294319229094455,6.5294319229094455,1.710703156362578,0.32633788790620677,0.823212695057246,0.11704139116230138,0.0,10.36667164182191,10.361703002101066,2.267219307075303,13.079340670871613,10.16117495844648,337.1127007780446,2907.692114552865,0.8605566383252385,0.8817522164574998,8.0
