case_id,design_wing_span,design_wing_chord,design_tail_arm,design_nose_length,design_ducks_num,design_pucks_num,design_banner_length,design_batt_capacity,status,full_trim_velocity,full_trim_alpha,full_trim_elevator,coarse_trim_velocity,coarse_trim_alpha,coarse_trim_elevator,coarse_CD,coarse_D,coarse_CD_wing_profile,coarse_CD_tail_profile,coarse_CD_wing_induced,coarse_CD_tail_induced,coarse_CD_interaction,coarse_CD_body,coarse_D_wing_profile,coarse_D_tail_profile,coarse_D_wing_induced,coarse_D_tail_induced,coarse_D_interaction,coarse_D_body,full_CD,full_D,full_D_profile,full_D_induced,full_D_wing,full_D_tail,full_D_body,error
0,0.8715402700129861,0.3181621972489185,0.7977672647345363,0.2259469548546263,8,9,4.03236563626821,5.275465240880569,ok,29.917781342601465,-0.046411849509582964,-1.4156081762339014,29.886593309177492,-0.012288161007612746,-1.5618607750187194,0.018654234130681263,2.8358177718685496,0.006432874787898217,0.0021439227027619605,0.005427085209983889,0.00017661158921216286,-0.0009286845646959493,0.005402424405520981,0.9779260043553804,0.32591925561849827,0.8250258134481349,0.026848504200022515,-0.1411786822538718,0.821276876500385,0.018450603428712728,2.8048598878054873,2.0888187015172517,0.7160411862882357,0.9620183963329593,0.3292647462321224,0.79753555895217,
1,1.5216835716455137,0.23981233604375757,0.5163277216260798,0.20009386017368375,8,3,1.681891111091934,7.238435240264451,ok,29.8833843267229,-0.7819265615304016,-0.6465805223794727,29.87276643615978,-0.8534390300511258,-0.5658044541459515,0.014421521113894739,2.8785421639473574,0.007128681668373928,0.0026372019286035617,0.0016193804002739565,0.00022543503917136796,-0.0006157128175300747,0.0034265348950019976,1.4228880985378363,0.5263867026491841,0.3232290633452909,0.04499693620118103,-0.12289655800840107,0.6839379212222657,0.014257913118138843,2.8458839726729255,2.6039016216233324,0.24198235104959315,1.3971760810342506,0.5180518548490398,0.688673685740042,
2,1.7144713439969608,0.258478355845525,0.44901266266069617,0.11076963094344668,9,9,4.224621597021677,1.6314154273117378,ok,29.591634372097687,-0.9823050570638827,-0.7180114857917509,29.600400974750947,-1.045282925196923,-0.5218669436084786,0.013439059812113468,3.1942381887182436,0.006960154497661576,0.003027112140764075,0.0012652896121252651,0.00039896914161158834,-0.0007998546905317496,0.0025873891104827135,1.654311507399513,0.7194935759453709,0.3007380319266111,0.09482824587975815,-0.19011198950234687,0.6149788170693372,0.013430273186002956,3.1921475560497643,2.9973289388034585,0.1948186172463063,1.6527576939004236,0.7144383527781276,0.6301328921249073,
3,1.3592799124713257,0.15566101149139105,0.41005465421717213,0.1625617006328319,6,10,2.476167112055384,2.673622259725164,ok,30.427710372714024,0.030507567988525237,0.19653602243244955,30.424599776868057,-0.08468141137278706,0.3188542276520085,0.018511116649801786,2.2210892247951004,0.00833849088920806,0.0027399141385035936,0.002492317036431959,4.170298036238472e-06,9.447519663545939e-05,0.004841749090986475,1.0005086465310808,0.3287534666342911,0.2990450883713467,0.0005003806203432152,0.011335774347230645,0.580945868290808,0.018266510632845005,2.1917382269299486,1.893989443667964,0.2977487832619844,0.9752314515436297,0.32788462578260824,0.5908733663417259,
4,1.2055795710558828,0.26550443226819975,0.31768609422567623,0.27047299037629424,4,2,4.061396506276465,9.490302282516907,ok,29.797263470884516,-0.2597347091906567,-1.284669070494321,29.83070311679285,-0.3194645698530332,-1.1765854946322076,0.016774330676325763,2.9199250966228143,0.006874992758858587,0.004002182315760582,0.0032997974303471357,0.00042875633135208225,-0.0015841510974661155,0.0037527529374734945,1.1967371028414948,0.6966640166181011,0.5743991528818814,0.0746340582171649,-0.27575482059991635,0.6532455866640887,0.01693799461379455,2.9484122158877937,2.5659196984995862,0.38249251738820744,1.1598901643776294,0.6900536016788149,0.7159759324431418,
5,1.7167737840109059,0.3229131523835297,0.8924179656516358,0.23039434244141982,7,6,4.348021868416848,8.256870077578226,ok,29.27210088300952,-1.4264292400069785,-0.4446599374134336,29.306874946347705,-1.3657082058518455,-0.45754770325649485,0.012045576757353094,3.504614762752204,0.00644886372080741,0.0019215509739708859,0.0008661853772487613,0.00031830734612445314,-0.0004756438136725652,0.0029663131528741477,1.87627238231846,0.5590679505361471,0.25201334245228385,0.09261031221599761,-0.13838675928830554,0.863037534517621,0.012263115496204137,3.5679043732415847,3.3713012501462014,0.19660312309538328,1.9741056682853553,0.5540145761508705,0.8431810057099755,
6,1.3008472564461542,0.14901117258071933,0.5444485595811379,0.17946382174859163,5,4,4.38972390074183,1.9865410517471127,ok,30.48806265675428,0.20090283662994202,0.2492917485538065,30.477089300231526,0.12536467688434402,0.47230462777235466,0.019424858147155062,2.14372337345406,0.008474701607598648,0.0021698833367862903,0.00280790795768521,1.285093112200294e-05,0.00015055935753168485,0.005808954956431229,0.935266336651148,0.23946788138674413,0.3098801480966814,0.0014182261310835198,0.01661569991336951,0.641075081275034,0.019196851603256074,2.118559158049148,1.7947521501278039,0.3238070079213437,0.9182325922816239,0.24512037336212164,0.6313991844840584,
7,0.9745212671180152,0.27345178468333686,0.49147258583589437,0.1871609236514737,5,3,0.6297493843992703,2.842675842797416,ok,30.056560252152643,0.03804724464703071,-1.3821517944224107,30.051889116872054,-0.0033679225434991686,-1.441898791507267,0.018113069084478964,2.6708455521345145,0.006780407246666941,0.0029042788069400275,0.004847570311287142,0.0002047983173876386,-0.0011042388706310135,0.004480253272828231,0.9997985682028308,0.4282476976980756,0.7147939172635811,0.03019834311503381,-0.16282450325583347,0.6606315291108268,0.017896534829665512,2.6389148790117893,2.0678769640215178,0.5710379149902712,0.9665292831215522,0.4250105573723409,0.676337123527625,
8,0.8338205267907275,0.2218235601745025,0.8266636365608011,0.0925679855868219,5,1,1.3397178167498054,4.03995001754308,ok,30.271123587897684,0.9143931711700508,-1.331321291407706,30.25237828891199,0.810597564755587,-1.4974953119477354,0.02373322470221296,2.463770097852325,0.007302621218429821,0.0018093753189981263,0.007918103117446357,4.621629785610653e-06,-0.00015018429101098423,0.006848687708564025,0.7580925061663314,0.18783308474401833,0.8219863055801512,0.00047977606970827925,-0.015590783385011853,0.7109692086771277,0.022935917479556717,2.3809991867251314,1.610852701928059,0.7701464847970727,0.7305576116871035,0.19828333746642796,0.6820117527745274,
9,1.1511269950763343,0.27386953846478734,0.3264614132461098,0.1782925492483824,5,5,2.9493185704490403,9.03586029906277,ok,29.841921367849235,-0.20616290233072837,-1.3733943186764814,29.880221468886987,-0.2577157180530185,-1.2701834543386634,0.01662087681693273,2.8581206372601358,0.0067942747449372485,0.0039679949832498096,0.003632054869537443,0.00044559054188399947,-0.0016971238574971957,0.0034780855348214273,1.1683413021831246,0.6823351424286576,0.6245669884100525,0.07662360641702963,-0.29183687326036073,0.5980904710816323,0.01683697774068537,2.8952792876218307,2.4780735016833937,0.41720578593843766,1.1340272531083653,0.6764518654212386,0.6675943831537896,
10,1.2948041585198693,0.13774775956154192,0.6509154794523571,0.2288867041947248,5,9,1.1614951040259713,1.3379312680220181,ok,30.502679354971896,0.3444922270816332,0.44750373097159546,30.48780430855284,0.32277125975950144,0.9122688317090306,0.02075717907504587,2.109789047281371,0.00873777826713824,0.0018511562623814532,0.0029099223765231184,3.066135408157435e-05,0.00020906068078727083,0.007018600134134212,0.888120144790952,0.18815414142059086,0.29576862714491403,0.0031164634068166887,0.02124922336255348,0.7133804471555439,0.02066891596207244,2.100816411995933,1.7726794253790255,0.3281369866169077,0.8841968881941327,0.19715344374307361,0.6913290934418191,
11,1.4888388083746373,0.29262459283568154,0.4105842354752078,0.14759284174028153,6,3,4.595336357124165,1.9540864740109596,ok,29.53531603862632,-0.8572778120931891,-0.9935077909318952,29.560182382140347,-0.8643736288929957,-0.829948570528541,0.013849315752622321,3.2238598807100756,0.006658520041072002,0.0033892161679655126,0.0017845054088256132,0.0005680931767948993,-0.0012491493633662264,0.0026981303213305216,1.5499780645301187,0.7889456942224086,0.415399251283134,0.1322413925631981,-0.2907784463509249,0.6280739244621412,0.013998734833022398,3.2586395831561803,3.002312933954663,0.25632664920151765,1.5542933948312307,0.789149770153066,0.6588697689703663,
12,1.5381951434269334,0.1549543544455761,0.8399480053984831,0.2542095398816081,7,5,3.0155674219564554,7.021063339834435,ok,30.305360328357146,-0.21665116854212077,0.2271028961159794,30.278613269319038,-0.360591190079521,0.3474430509805105,0.01793109027268787,2.404179640717253,0.00836629761715051,0.001586660937718119,0.0018621982210967369,1.4726289429560029e-08,-3.4284085319747755e-06,0.006119347178965052,1.1217434128906107,0.212737645350744,0.2496813624858044,1.9744836867942867e-06,-0.000459677011675628,0.8204749225180832,0.017450142438017124,2.3396931045628206,2.103235107666798,0.23645799689602284,1.0935274545863116,0.2200593178955088,0.7896483351849776,
13,1.6000570498768356,0.343154712441707,0.8452300849333112,0.24533331032880845,5,2,4.82206397139591,8.610010947607975,ok,29.265524883297815,-1.4083496284555257,-0.5262036691860652,29.30439054469445,-1.3031408039932615,-0.5496638448476047,0.012124536546008348,3.492282038365548,0.006312264250898746,0.002051648880247474,0.0009918379807971305,0.0003784880353261204,-0.0005861088950246298,0.002976406293763507,1.818148428286776,0.5909451884063882,0.2856833291864604,0.10901752512270957,-0.1688194479726041,0.8573070153358182,0.01241380646153307,3.5755992235976795,3.3502857212667765,0.22531350233090358,1.9224558584636076,0.586843241750334,0.840986621052835,
14,1.0546321714288351,0.30758034150698066,0.8926310493002316,0.22900534327386168,9,8,1.4361366916857512,3.20685065224166,ok,29.90582290727026,-0.5966614571860656,-0.9097323719890655,29.883226679179245,-0.5074736752710103,-1.1201363909434687,0.01584247396853029,2.815141310143476,0.006511628368223044,0.00191034228742298,0.0030519477844488377,0.0001787737465278968,-0.000653722109445497,0.004843503891353028,1.1570891043974636,0.3394598280875269,0.5423183463308433,0.03176734643967288,-0.11616368247218145,0.8606703673601505,0.01586491512437347,2.819127067021068,2.3271296050267396,0.4919974619943284,1.1516622021634397,0.34094202293568215,0.8345253799276178,
15,0.8639517599292535,0.20595261598656328,0.7754225936198919,0.17272513605287293,8,4,1.0844289085002328,7.626207413337567,ok,30.300407044476213,0.9298245305283321,-1.1360096320828985,30.283245094236353,0.8457304679629696,-1.242768688706771,0.024094272250096742,2.4108691410307266,0.0075053337764141885,0.0018450398800008933,0.00743217581625586,3.209666224445896e-07,-3.815578790397976e-05,0.0073495575987073385,0.7509825325651793,0.18461440397509116,0.7436623584285331,3.211587041602447e-05,-0.0038178622144957675,0.7353955924060029,0.02344270441334667,2.3456717480967266,1.6273037463017643,0.7183680017949629,0.725857148996693,0.19494315368084153,0.7065034436242298,
16,0.8479207647816376,0.18721422687055467,0.3885325963029985,0.2916781758004612,5,3,4.318943064317676,3.2794050722878896,ok,30.2855523381743,1.19877377225141,-0.897113160178969,30.303038212628792,1.1532397780625734,-1.0082829230874384,0.026588734894319434,2.3712038078276128,0.007782080761566768,0.003038561727388433,0.008105524207599621,2.1726786837928714e-05,0.0004350516172373956,0.007205789793689287,0.6940119418239606,0.27098126958428653,0.7228568768649971,0.001937611544389882,0.03879823750528535,0.6426178705046933,0.026503447947559274,2.3635962236964785,1.6151722467873326,0.7484239769091456,0.6794199452611276,0.274991120362808,0.6607611811633971,
17,1.66657949407796,0.28902203839971335,0.6020506207116973,0.14277929984447713,4,9,4.568886478595567,9.060981445883492,ok,29.504072294717897,-1.1609203695351598,-0.6574954844965984,29.518929526184913,-1.159608203752756,-0.5511659278108206,0.012754928090316824,3.2757068445269164,0.006690821710218423,0.0025034313784928976,0.0011517703105978123,0.00038651602744462947,-0.0006905040652623807,0.0027128927288254403,1.7183295990755656,0.6429285405033548,0.29579640614457053,0.09926462835811072,-0.17733450763009806,0.6967221780754125,0.012831924179680838,3.295478626146299,3.0894233358028984,0.20605529034340062,1.754126295934769,0.637491551484482,0.6978054883836478,
18,1.7355304323243126,0.2935251473626891,0.8163141985915743,0.12733846496673804,9,4,3.5864713514904194,1.6101689051657833,ok,29.46407073673944,-1.3168777878480582,-0.4545522552061054,29.483476813752617,-1.3021547570261691,-0.4365981319556942,0.012229772133085754,3.312741157632336,0.006656945688695603,0.001987542732340264,0.0009233328530797353,0.0002821638063395083,-0.0004609839818156805,0.0028407710344463227,1.803201051261192,0.538375902700922,0.2501079097227267,0.07643115867435554,-0.1248690975556816,0.7694942328288213,0.012339986110940287,3.342593080296645,3.1518586353999813,0.19073444489666308,1.8641508414951649,0.5324697169223362,0.7552380769824805,
19,1.067519579053534,0.3340875124499607,0.30740028821262455,0.20473359765266458,5,9,1.8072320849589907,9.325869460253701,ok,29.50544736866071,-0.10691628121705558,-1.8163131198837814,29.567063894389225,-0.1214440983697766,-1.6528024815485718,0.016809943128334205,3.196780643129841,0.006353800781984592,0.004535436090401877,0.004708570808848167,0.0008383495496562576,-0.0029636587584584945,0.0033374446559018087,1.2083150546723116,0.8625129895597675,0.895438366662913,0.15943061746594514,-0.5636049378366447,0.6346885526055492,0.017320426537946618,3.2938580286051575,2.801431692237615,0.49242633636754224,1.196146384550365,0.8754467407294975,0.7298385669577522,
20,1.6407371464147502,0.3005772266735949,0.7821745449363879,0.2018166284913803,6,10,3.4183151413074464,1.8161685938781993,ok,29.478103658687196,-1.2683292750656285,-0.530365066374615,29.494090553059245,-1.2341205503286905,-0.5183307810844128,0.01255446369241169,3.295326305450018,0.006599331147817837,0.002071745179578459,0.0010522426416280971,0.0003079137160403621,-0.0005305453421354217,0.0030537763494823556,1.7322085644267158,0.5437967368196434,0.2761952196149278,0.08082194453993079,-0.13925883773351258,0.8015626777823126,0.012671604364251476,3.326071383313385,3.113593392921293,0.2124779903920913,1.7877907030991909,0.5381284820106386,0.7876742078114641,
21,0.8361404483864212,0.3321158704629278,0.573002400943162,0.29631397731781095,6,9,1.2654749099475828,4.200044644614978,error,,,,,,,,,,,,,,,,,,,,,,,,,,,,RuntimeError: trim did not converge
22,1.4064853357718659,0.12513662876409273,0.8672926965045493,0.19100825337815125,7,10,2.5865268164949486,4.311711367772977,ok,30.49948286762377,0.30519400626525117,0.7521483022597932,30.48592785916943,0.3153331052914555,1.5339048602900625,0.020956922043626904,2.101542617966844,0.009075913898033205,0.001456870253986889,0.0024489466595865837,3.584150623447192e-05,0.00017200195645043125,0.007767347769335321,0.9101250562467346,0.14609373080779758,0.24557832316858963,0.0035941562738585936,0.017248212361613616,0.77890313910825,0.020988394278541288,2.104697177079153,1.8227880021816694,0.2819091748974837,0.9202103774736826,0.15680918658701343,0.7457684381209733,
23,1.3167939382813652,0.2065691274134987,0.35988187424956186,0.22422657452570588,4,4,2.893636502799721,8.746351701210424,ok,30.13043101364019,-0.24018944010475274,-0.6369913463155462,30.133540783507694,-0.359154687348757,-0.5957233939979283,0.017079637839982426,2.583322775011859,0.007512767445571288,0.0033110655729988617,0.0026041341596346078,9.774503820109124e-05,-0.0005672127266665046,0.004121138350243078,1.1363181952300663,0.5008040091027159,0.3938794924575153,0.014784094703587873,-0.08579183989744747,0.6233288234154208,0.016861344798950358,2.5503038430780403,2.2323668217402752,0.31793702133776486,1.0903519430556785,0.49038549003320403,0.6516293886513926,
24,0.9606135019511808,0.16200967111910225,0.5277695650666822,0.1944361109741276,3,7,4.173209522303061,3.380201422846807,ok,30.4768330764394,0.9717233003521946,-0.3403196654915868,30.469452311581662,0.9788371646468509,-0.15339955468611746,0.02404822988707652,2.12921005134128,0.00820537232846103,0.0022710230165705254,0.0059821146073014315,3.70569427990198e-05,0.00039431187114754055,0.007158351120796972,0.726496765824153,0.2010744681174201,0.5296513967951813,0.003280990553157247,0.03491204148300812,0.6337943885683602,0.024081849273009902,2.1321852142718303,1.550220714214091,0.5819645000577396,0.7173649622308509,0.20969126304498223,0.6231644889382576,
25,1.4737091636010042,0.3055709209066577,0.4579876559030416,0.28194699285879954,8,8,3.608983828511818,4.821636724632616,ok,29.450831888288747,-0.9288332040219676,-0.9750363280561692,29.472430287691157,-0.9074992444807302,-0.8423521820665724,0.013879055069042379,3.3203581577973744,0.006562699414871281,0.0031662999885237308,0.0017268452325286264,0.0005664085374203621,-0.001190972652144342,0.00304777454784272,1.5700285380338508,0.7574903294662041,0.4131221200980178,0.135504845143578,-0.28492254995670163,0.729134875012425,0.014037132130636558,3.358173437149744,3.095582206143855,0.2625912310058891,1.5880152767368958,0.7572399710598684,0.750326958347091,
26,0.9555912244767238,0.25468521042928094,0.4650353365373976,0.28841233442093644,7,3,3.0646940301214265,3.5235981082672905,ok,30.07978663057489,0.2410369514862873,-1.352936682439598,30.0778993544547,0.1680897079476905,-1.450138732177081,0.019707703898892797,2.658076667105158,0.006956139797460758,0.002952434688089501,0.005359104896497188,0.0001307782696368056,-0.0009210511719246146,0.005230297419133157,0.9382093917998651,0.39820964409778337,0.7228093011255601,0.017638719805685207,-0.12422678166177561,0.7054363919380396,0.019359232938996548,2.6110748453370367,2.0172493048020175,0.5938255405350195,0.9010571827469389,0.39538990799870044,0.7208022140563782,
27,1.2742410630579681,0.24080217287722705,0.5558355762245347,0.2054375432434346,9,10,3.2401642373402813,6.689329041381115,ok,30.070336545353182,-0.48382569755272337,-0.761241997493826,30.054154049832054,-0.5427373662795402,-0.7985171092743266,0.01568880050900875,2.6661489531528155,0.007101523574141416,0.0024913019317030815,0.002455702977230625,0.0001532430855434085,-0.0006050529888934812,0.0040920819292837,1.206830288403192,0.4233709284137888,0.41732125526346897,0.026042073252500044,-0.10282248104398006,0.6954068888638455,0.015431398841949108,2.622404402074759,2.2842906388667847,0.33811376320797454,1.1700113398924117,0.4182045837231253,0.6960747152512474,
28,1.1200358395137064,0.13048912841617902,0.6649187896620483,0.1503320012982517,4,6,0.8776943398821495,2.520117166681318,ok,30.59589986399152,0.8537733091175568,0.5330775362625859,30.577582794099346,0.9634051817330433,1.3610543566133682,0.023307396750571616,1.9531363995295377,0.008915450227107375,0.001782573360254265,0.004244559975209025,9.137171660364508e-05,0.00042017977062946743,0.00785326170076784,0.7471057597339882,0.1493778542495913,0.3556898557263209,0.007656857927803534,0.035210642061184204,0.6580954298306495,0.023717243935815348,1.987479811814319,1.5542297151807687,0.43325009663355024,0.758920203836762,0.16024371579117436,0.6350657955528325,
29,1.6433117989792878,0.24885481116357233,0.5119355034532085,0.11806408407969515,8,5,3.1004492133801773,6.760423337583728,ok,29.758083263953417,-0.93877755669243,-0.6359437834657269,29.75606607503434,-1.003085017144136,-0.5015493224567578,0.013581562452005256,3.0125325784253603,0.007043113817148049,0.002692847911837218,0.0013321057974366307,0.00029034453437494674,-0.0006473814139068692,0.0028705318051152813,1.5622362966481524,0.5973018267833079,0.2954749961109696,0.06440145394634823,-0.1435959674708538,0.6367139724074359,0.013502390575366964,2.9949693645137554,2.7853250177133617,0.2096443468003932,1.5518552289531362,0.5891550941804161,0.6443146945798094,
30,0.9461267663216743,0.2398343713140414,0.864835857024288,0.2401204945654083,8,5,1.3332771393522922,8.959869142285925,ok,30.174699362710825,0.2600400686085087,-1.0301053053888394,30.142124530672604,0.1875492883271626,-1.2662635728425606,0.020416941391968563,2.5837080061303426,0.007102995295138268,0.0017873604380075148,0.005246033235269726,3.0669630374293306e-05,-0.0003199403983333262,0.006569823191512088,0.8988645977489104,0.2261855674100748,0.6638711357482808,0.0038811577122071393,-0.040487581013653656,0.8313931285245234,0.019732632777065082,2.497108904716835,1.8942592400659986,0.6028496646508364,0.8611720436828885,0.23389609634525255,0.7991911000378575,
31,1.2545844279627967,0.19096651986140695,0.6165021678371154,0.1097527321150227,10,3,2.0375061654571844,8.666109366889383,ok,30.365534976999523,-0.1042585465277269,-0.36436569956370113,30.345741391620457,-0.22016625346927737,-0.4353169091560561,0.017235994089667812,2.332176579408541,0.007715995092958892,0.002122591038746534,0.0028238817216034097,1.4848443706885965e-05,-0.0001722350403923463,0.004730912833044435,1.044039754772089,0.28720461857169965,0.3820952119083878,0.002009120708310303,-0.023304865693665116,0.6401327391417193,0.016754258409911245,2.266992083020289,1.9216406911074067,0.34535139191288217,1.0017777800303256,0.28941544249090295,0.6304474685861781,
32,1.230085529233759,0.2869654274523763,0.7639118956597089,0.22573166668948969,10,1,4.024296237857154,1.0485969502558046,ok,29.893403567715943,-0.7725578723616465,-0.7716102241803957,29.878398203830542,-0.7271079842307246,-0.8894348977450959,0.014697684198837433,2.839687974867814,0.00667645698852374,0.002080895152904276,0.0022104212599140596,0.00021046527566836412,-0.0006289306403883499,0.004148376162215342,1.289934820244177,0.40204244850562215,0.4270677330015441,0.04066325717421299,-0.12151348146927653,0.8014931974115345,0.014667937349045144,2.8339387376445817,2.4696002127122547,0.36433852493232777,1.2841483132839977,0.39968672722667664,0.7857651722015802,
33,0.9940411955577518,0.22254871674677842,0.8408493694914241,0.2078805172395075,9,8,0.5754702240322056,7.856666131593483,ok,30.25013543095168,0.24966429483496994,-0.866226910424538,30.219770112283825,0.16768864533157785,-1.0796313683254515,0.020075810097530004,2.4892200822610024,0.007295644355547539,0.0017711670538118876,0.004787576408192657,1.8397578112807826e-05,-0.0002314606989319404,0.006434485400797057,0.9045943528374681,0.2196088017354795,0.5936164609416379,0.0022811343941234585,-0.028699047123704382,0.7978183794759982,0.0194070679313961,2.406300403818166,1.8607196044375216,0.5455807993806443,0.8655140885046677,0.2274548907985446,0.7677506251343091,
34,1.2706060014709135,0.31621409653749016,0.7295555332605732,0.25922909011731426,6,2,2.5525224573708445,7.987760169229734,ok,29.70396474456985,-0.9605014121254223,-0.8102677887620101,29.703836058790266,-0.8649633254644205,-0.8702146561833469,0.013926210434529948,3.0238484181573666,0.0064633517924472805,0.002238140866981641,0.0019199048237831004,0.00032284982480003843,-0.0007767000442761418,0.003758663170794029,1.403410941222501,0.4859756178504297,0.41687587529300313,0.07010154963645934,-0.1686476885659987,0.816132122720972,0.014088972587203962,3.059187444791267,2.714054710174577,0.3451327346166895,1.426636841332921,0.4820485658937963,0.8053693029478598,
35,1.1654204499007186,0.1499779632907666,0.33060884565157245,0.19143847088436938,6,10,1.045545984610042,8.923822561057285,ok,30.47811569657831,0.4461643809970348,0.3189865192292253,30.48160220397452,0.40311889193163,0.46919087227265466,0.021405831318597274,2.1287492331976314,0.008454453717180803,0.003183192367345136,0.003610163880901356,6.37564597506212e-05,0.0004835341179213438,0.0056107307754980126,0.8407714514650707,0.31655945570398697,0.35902056214512645,0.00634039915504783,0.0480860970746641,0.5579712676537352,0.021424749261128112,2.1306291007885454,1.7297870613184094,0.4008420394701359,0.8283616137779011,0.3169074814638738,0.5845179660766348,
36,1.519635316452548,0.22139329477384545,0.8049213613766208,0.17057267336841375,8,9,0.9876749230926334,2.022821036784549,ok,30.036923700383262,-0.7626924876320057,-0.32382976345593495,30.009295036790178,-0.8498625228867327,-0.42632073515582963,0.014656240892956085,2.724855219969746,0.007329056313418624,0.001819626517553129,0.0015501696398366736,8.03525611828613e-05,-0.00028039658673549166,0.004157432447700289,1.3626016042537215,0.33830085428883583,0.2882040398897691,0.014938966777100857,-0.05213070040320559,0.7729404551635239,0.014320520493684987,2.6624370066249163,2.4213409043585634,0.24109610226635309,1.3314863992040054,0.33762786796133737,0.7522266371932206,
37,1.3984545627893976,0.16441101020407256,0.3037155229992335,0.27178516345555737,7,8,2.420661915906365,2.564970839555504,ok,30.254092652642804,-0.0839763558583022,0.05658511791879824,30.260286300477205,-0.21675370630043145,0.11217747557588238,0.018841554028033527,2.4286802228299806,0.008182043984928158,0.003522301340960189,0.002340279972954813,1.6981772160143602e-07,-2.181523452039051e-05,0.004818574145989156,1.054667166994505,0.4540253735392314,0.30166257399701585,2.1889539542535307e-05,-0.002811988255174725,0.6211152070148607,0.018630946200888534,2.4015311753939703,2.1174677505429527,0.2840634248510173,1.0221726657669716,0.4451794312061174,0.6501156535698637,
38,1.0539373389937783,0.32058538095244354,0.47391701497202104,0.28756689080784836,7,7,2.0540237688268324,2.1128703294539966,ok,29.746200818075373,-0.37847459274984707,-1.4202824204492268,29.750777635719228,-0.3337371495910108,-1.3760062028175373,0.016255323834553508,2.9766189011871833,0.006428688547046822,0.0031773658415405357,0.003766389888346167,0.0004761877506773773,-0.0016228231145869849,0.004029514921529591,1.1771992999800334,0.5818282869155686,0.6896883411858171,0.08719786044293373,-0.297165778136942,0.7378708907997725,0.016432595749208606,3.009078250028568,2.511670402872441,0.49740784715612746,1.1686346117752604,0.5790612785780603,0.7639745125191202,
39,0.9854490663268253,0.24435446015817283,0.5880971411727625,0.12551307755084729,9,10,1.8164064648352531,5.113746591310805,ok,30.225951478711025,0.13715262997824873,-1.1179350504624361,30.211401394090412,0.06811000758745357,-1.2703730369945982,0.018519844019167713,2.495501482487315,0.007049971926814714,0.0024152286060276943,0.004769342162842982,7.89124826937722e-05,-0.0005933038543323349,0.004799692695120886,0.9499656355988421,0.32544586016220384,0.6426566241889328,0.010633254650808503,-0.07994617268479122,0.646746280571319,0.018074083220434994,2.435434679941839,1.8812465714885935,0.5541881084532461,0.9111692247590039,0.32642236907305144,0.6436549776565381,
40,0.9721990711003974,0.1694015411004398,0.4529026812479918,0.08487364954932287,7,2,3.2642883542088232,7.715469857529972,ok,30.508366852329477,0.8362630662158465,-0.4426570789903763,30.511640328556258,0.8017003153233375,-0.36405962949006754,0.022339166887193392,2.09741101424061,0.008062405294633571,0.002590245374805107,0.005692063508549234,1.9982497961782017e-05,0.0003103460103803459,0.005664124200863354,0.7569744096379233,0.2431965885807743,0.5344244374409673,0.00187614477875221,0.029138201244672635,0.5318012325575204,0.02230189867602218,2.0939104813356746,1.5277204882487996,0.566189993086875,0.7410592223900213,0.24884275712443332,0.5378185087343449,
41,1.269371898894717,0.3454721170867479,0.8925002581829862,0.1412541364741185,8,10,2.1868247915063694,8.92599633752307,ok,29.62772705978343,-1.1672527857864403,-0.6592741304400245,29.642561118807144,-1.001251578467327,-0.7921684286593451,0.013001043547738612,3.0653696802097703,0.006270194395020486,0.0019823373575908214,0.0016340256128737107,0.00031449237615324824,-0.0006704662914003798,0.0034704600975007244,1.478378540687238,0.4673930065377725,0.3852685018704135,0.07415061652377718,-0.15808169811252554,0.8182607127030945,0.01335776739391585,3.1494754093547663,2.8028026951030975,0.34667271425166857,1.5374568677186222,0.4645834422514546,0.8007623851330206,
42,1.0395724669381083,0.12249854071797198,0.5218851278798544,0.1743307528614404,6,1,3.269428833964043,3.440067060993653,ok,30.62710886181375,1.2014635473920612,0.9588217929949499,30.590157509534166,1.4145929662867545,2.0920531424658586,0.025770520333869062,1.8855018757118622,0.009137902174284746,0.0021044012586561352,0.0051483635629515825,0.0002611413486770492,0.0008533423134456465,0.008265369675853902,0.668575235054194,0.15396866144110302,0.37668037078917666,0.01910642456486938,0.0624348484928128,0.6047363353697064,0.0266447962834573,1.949466991796533,1.447937601551795,0.5015293902447377,0.6922562353906686,0.1647727901666015,0.5909085759945248,
43,1.5433368653996176,0.25723380818867303,0.31111909025929074,0.19065511243994177,6,5,0.5671942394521928,9.382885148621579,ok,29.581078894711336,-0.665647255445079,-0.9903916311474403,29.605171759447536,-0.7458319037954828,-0.7680592750464519,0.014977515754917686,3.186857724534919,0.0069733635012628505,0.004019093035742415,0.0018941753508786422,0.00051922383434832,-0.0013145432505481047,0.002886203283233564,1.4837652454274797,0.8551670314467718,0.40303528618150447,0.11047843409627424,-0.27970341549258426,0.6141151428754734,0.015060997558471546,3.204618450768751,2.9651687929367716,0.23944965783197958,1.4554675479909256,0.8557526381382572,0.6539486068075886,
44,1.111833468153565,0.28447619724605444,0.7371590606437998,0.1338376144884591,3,6,4.19896773224232,2.613806961442637,ok,30.02020864534309,-0.5347066189112525,-0.9154757266853162,30.00175247326122,-0.5000672158121572,-1.0616028103469117,0.015451659797605086,2.6977041506281645,0.0066872336529843635,0.0021390098930758484,0.0029351330024560912,0.00018421593276500705,-0.0006867443733224373,0.004192811689646213,1.167523632941516,0.37344958032792064,0.5124446555960781,0.03216224618853077,-0.11989864976315513,0.732022685337274,0.015364291718825697,2.682448715763373,2.241523174347253,0.4409255414161202,1.1494374428791985,0.3725138840573934,0.7195718474106612,
45,1.7520113518580938,0.2585264808623764,0.40550514651597236,0.08676722958045979,6,3,2.3937074371812117,5.247514271202548,ok,29.527075015566055,-0.9676512993246964,-0.7542161167706524,29.54141179383411,-1.039838544974037,-0.5246359900794696,0.013496046881730589,3.2643406733901994,0.006965241824432058,0.0032813236120085433,0.0012636834110707562,0.0004512927488409727,-0.0008908144930875571,0.002425319778465817,1.6847097810745442,0.793666339714257,0.3056519581767916,0.10915590976805727,-0.21546472146355675,0.5866214061201063,0.013512672950408639,3.268359832318036,3.0807816489358677,0.18757818338216736,1.68179245541407,0.7920163310142279,0.6069728625075701,
46,0.8473227881391517,0.22049644657881948,0.5004813709924653,0.1260858008645962,4,8,1.7642587026714085,1.5018750916567507,ok,30.283754576072983,0.9005503092198894,-1.3637805883424894,30.28792333757466,0.7933118294796705,-1.5133984603776107,0.0231119950356025,2.425567953104797,0.007317809031118605,0.0026533649017878003,0.007749352261545712,1.0325881368357715e-05,-0.00028121647739985385,0.005662359437181875,0.7679926828246411,0.27846652198373356,0.8132824740560289,0.0010836851987925957,-0.029513232172963,0.5942558212145631,0.022542178517267655,2.3657649650614005,1.620111323104388,0.7456536419570128,0.7400675751653336,0.28276498570240005,0.5972787622366544,
47,1.2444914587995464,0.1422722968706814,0.5659428264915405,0.19985284276936735,8,1,3.1100385283651666,9.615382265708604,ok,30.520571680054406,0.3867932753032858,0.3511939708635604,30.50828646001019,0.35969768879570546,0.7171564544869747,0.02066451544199961,2.087511662749173,0.008625710462873762,0.0020753278923021984,0.0031679306710071242,3.236970814892994e-05,0.00024361859812987378,0.006519558109537721,0.8713618880290649,0.20964784736274877,0.32002164488538654,0.0032699602112779835,0.024610142264700728,0.6586001799959942,0.020581134109700663,2.079087119288131,1.7259974306166033,0.3530896886715275,0.8638497359001722,0.21740730056740118,0.6447403941490298,
48,1.640685697440419,0.21688214554201102,0.4540452473047385,0.16216739318437426,6,6,2.7360595098948854,3.7828516112471435,ok,29.91960531796017,-0.7484016528854041,-0.509307637805986,29.909336651799435,-0.8670040197965714,-0.3759554348199543,0.014571081964708618,2.842881830642975,0.007396341277877562,0.002825336320850198,0.0014532688511753157,0.00018194386535736295,-0.0005309171017514237,0.0032451087511996043,1.4430585376597491,0.5512354752690679,0.2835391100024131,0.03549804402131385,-0.10358424898043819,0.6331349126708693,0.014365055937796915,2.802683320308356,2.5931331618208375,0.20955015848751798,1.408683826913894,0.5416312729055652,0.6428180620013786,
49,1.0979833205178449,0.24664195269606365,0.8180591252549092,0.09027778199440568,5,4,2.5516449958811167,4.544990489098962,ok,30.201116678259282,-0.260961628163705,-0.7753173347974787,30.172850189465183,-0.29974195305997375,-1.0014270362019921,0.016700747357224995,2.5266826285774315,0.007028014469649547,0.0018694401690048685,0.003343738125659208,7.12328752392975e-05,-0.00040521887303501326,0.004793540590707088,1.063279486481912,0.2828305763302269,0.505879458918957,0.010776934983864249,-0.061306207762394226,0.7252223796248658,0.01629524164773157,2.4653313260810394,2.0167556268021505,0.4485756992788886,1.0259045983273343,0.2864414190635768,0.7044096094112398,
50,1.1785211448434199,0.252753490471441,0.45249449412753895,0.18505256514529797,9,10,1.6271158745325647,6.6805692671547146,ok,30.044265475237104,-0.3213824227539771,-1.0253941942845335,30.04317675011152,-0.37313684095719896,-1.0214542754990552,0.01624657105024811,2.675626752407948,0.006978555964264547,0.0029790492718705696,0.003084101531992953,0.00022211437919195231,-0.0009189153820034319,0.0039016652849315197,1.1492893468666494,0.4906157677152797,0.5079166884274121,0.03657972954553971,-0.15133498457509922,0.6425602044281663,0.016113102064242036,2.6536440893491418,2.259574735139072,0.39406935421006933,1.1120966096610603,0.4833715193376113,0.6641066061404004,
51,1.6252078919032646,0.3058225382604974,0.5009784013815787,0.26429335919808405,10,7,1.009593404487648,3.4068782232782997,ok,29.330503680759954,-1.0968315512943594,-0.8307519193862573,29.354534399511365,-1.081617180718907,-0.6871444195934071,0.013225552902918977,3.4636769796662765,0.006570380620131681,0.0029530548796665207,0.0013281284130952171,0.0005425210453165153,-0.0009816616333617283,0.002813129578070772,1.7207353271841477,0.7733837882977735,0.3478272586595081,0.142082351448049,-0.25709010627042855,0.7367383603472273,0.013362336435297618,3.499497189499306,3.2809929337843324,0.21850425571497303,1.7592149371400976,0.7738573409110062,0.7479206557332287,
52,1.4458263465888328,0.27079401171096507,0.8044374664249394,0.1293983781205911,6,10,2.2267669427360417,4.479583670258513,ok,29.85209981326848,-0.9859704910593782,-0.5376562965178412,29.84274368616637,-0.977442175072694,-0.6205954868757843,0.013542468397579124,2.894069021857715,0.006821315049382528,0.001949544320742459,0.0014998993317442801,0.0001907008084331615,-0.0004680876866710895,0.0035490965739477845,1.4577369496596946,0.4166238871495529,0.320533307848234,0.04075337567177148,-0.10003184306858012,0.7584533445970422,0.013491426705353424,2.8831592614784105,2.616585826665098,0.2665734348133122,1.4608347827788488,0.4129752816613468,0.7427757622249025,
53,1.579180656965878,0.2935686526153788,0.5136699458616307,0.09638008062854653,3,6,3.0192423679543627,8.370033765093385,ok,29.540954878260703,-1.0512823561684714,-0.7970823822574982,29.559970272776873,-1.0450850423847624,-0.6654331055846037,0.013011994452927896,3.2243376644843575,0.006650358058072139,0.0028473484468978325,0.0013861529680502104,0.000466994706069832,-0.0009027419669419206,0.0025638822407798027,1.6479410628801836,0.7055653823444337,0.34348502374402623,0.11572004778690517,-0.22369706164965095,0.6353232093784601,0.013123584748165888,3.251987202398814,3.023733535560665,0.228253666838149,1.6726748029382463,0.7020037196004505,0.6490550130219681,
54,0.9948622256775601,0.28543468133637545,0.5961104534900703,0.1597462413174478,6,8,4.164083438435066,9.479803714419324,ok,30.041660828472118,-0.17195971509273322,-1.2550847703617718,30.02630252938333,-0.17229675861797605,-1.349175868870964,0.017093519467097203,2.6832129590101066,0.006677421399083075,0.002540376157219343,0.004238934040016634,0.0002070224567838687,-0.0009683108002091659,0.004398076214203449,1.0481717159113362,0.39876926685179503,0.6653961912557034,0.03249683834378421,-0.1519981939630306,0.6903771406105187,0.016925035529198308,2.6567637786909963,2.1086239210023074,0.5481398576886884,1.0211926255314154,0.39715341003301463,0.6902778854378774,
55,0.9007026640341289,0.2664855389354166,0.553831616456907,0.1823193008142231,4,4,3.229044912368004,9.258962996643339,ok,30.112387078940827,0.30353948120344176,-1.4523424936552545,30.09962441163109,0.23613437188043973,-1.5761273059187466,0.01976186334673917,2.634386229711629,0.006839562034587976,0.0026335664069263,0.005970724031078354,0.00012098643498975985,-0.0008805360056744813,0.005077560444831261,0.9117585586457416,0.35107170592709125,0.7959367440660163,0.01612828672714793,-0.11738123513018293,0.6768721694758149,0.01929363277187312,2.5719662452975145,1.9069072220456271,0.6650590232518874,0.8778954887694398,0.3516684857867414,0.6773432474894461,
56,1.7926262489470504,0.3282646067542967,0.6605406210357109,0.2598768601722886,6,3,1.7982663234767637,4.691026809110559,ok,29.091148464445375,-1.3718273329361688,-0.6129943835216953,29.132840075307428,-1.3298309323967041,-0.5163691753519463,0.012180942272196302,3.7155449767494315,0.006425489693600213,0.0024464760426838655,0.0009151216648323001,0.0004831571646588213,-0.0006993385628122468,0.0026100362692333505,1.9599629832172947,0.7462470117669214,0.27913897208455907,0.14737711878219883,-0.21331879143990867,0.7961376823383667,0.012389248434716728,3.7790818672953437,3.596315045277266,0.18276682201807762,2.0594236247226796,0.7462585897116557,0.790632830842931,
57,1.1167127887395663,0.12294647131255605,0.30388093217534906,0.132321839603581,10,6,3.114986467155572,1.5231966733329245,ok,30.62367864273067,0.8241338901281893,1.3500457804307566,30.585372312783132,0.9380186771639475,2.099621252798539,0.024222763567637265,1.9103021259584505,0.00912505682028849,0.0032016282579786543,0.00399241589806825,0.0004353005561644354,0.0012590273023127374,0.006209334732824695,0.7196377653034688,0.2524929598006991,0.3148575742191426,0.03432950891626642,0.099291830411172,0.4896924873077014,0.0247723931722131,1.9536467257779861,1.5169999028079202,0.4366468229700661,0.7378975956510261,0.2600758789647274,0.5190264281921667,
58,1.1262254385480372,0.12863746807770543,0.5579452497639492,0.17016720477058822,5,8,3.729392094599114,5.154896168595541,ok,30.605702169519926,0.840805965852683,0.6773320672527372,30.58529582985285,0.9525374834290519,1.4937279816239155,0.02331285745186396,1.937756100409585,0.008964840168393958,0.002031794294303929,0.004148860899146952,0.000126600503380426,0.0005287693598306137,0.0075119922268080805,0.7451542034849677,0.16888199126572692,0.34485178548672557,0.010522987078991913,0.04395111387941505,0.6243940192137578,0.023767497621681177,1.9755442621043087,1.546774873155228,0.4287693889490806,0.7584886119703323,0.17905331075602932,0.6092329504288663,
59,1.3444063858357151,0.15903441131421822,0.6831197645903312,0.09766267517156559,4,4,4.554771069353696,3.0281065047688287,ok,30.465815247221247,0.02244385334735165,0.07566207571346037,30.448445920415345,-0.08799258736346462,0.18224437421642276,0.01804672851352737,2.193571821458242,0.00826551581054728,0.0018577122346566997,0.0025432636531543783,4.899272367731646e-07,2.5875467492431236e-05,0.005353871420439809,1.0046697692738908,0.22580409558810735,0.3091325654905619,5.955043765106528e-05,0.003145151561176879,0.6507606891068536,0.017651660173604523,2.145549962076921,1.842561734241063,0.30298822783585794,0.9767640579386365,0.23234083048591536,0.6334568458165112,
60,1.1200860673947355,0.12051821113583024,0.6768324617598674,0.256000616080893,10,10,2.841807475264613,6.657619239096672,ok,30.57214702789956,1.0134453653183462,0.992738074318902,30.541117103126055,1.2082052093074,2.249485521275939,0.025426100620398944,1.9649061199893878,0.009203954708442746,0.0017223254865620815,0.004347178700602579,0.00016860344552651886,0.0005508955333537361,0.009433142745911286,0.7112733173176805,0.13309975995471518,0.33594604855172233,0.013029522179290275,0.04257270987487305,0.7289847621111066,0.02609229581329993,2.016387694110795,1.5802265707909116,0.4361611233198837,0.7355647711213356,0.14418907116497992,0.7004727285045962,
61,1.6495584570973858,0.2618231232980291,0.5172706124974045,0.2230883521725282,7,2,1.906103524074867,4.948769189388544,ok,29.622926452890614,-0.9923971671109786,-0.6911177924115957,29.62380384241349,-1.0377839110042755,-0.5516834831652123,0.013633022259718793,3.1646804738452805,0.006924864890128662,0.0027210011636111422,0.0013045701561748217,0.0003449481185828866,-0.0007115738696677413,0.0030492118008890227,1.6074927689774754,0.6316353841241428,0.3028343694711245,0.08007399640169333,-0.16518009639650344,0.7078240512673482,0.013591992034590111,3.1551538120565743,2.945668415278729,0.2094853967778454,1.6081061176581564,0.6245923768114631,0.7129699208091097,
62,1.416096559028324,0.13013128007480132,0.6711912212307236,0.2732473178195343,7,4,2.2891388300501756,8.992703059982228,ok,30.47016406798011,0.21594804923738892,0.6811552017912248,30.455957173727093,0.1852193169422363,1.2573546289361446,0.020494149719002697,2.1476334144667195,0.008939672316649192,0.0017921956330122855,0.0023698382899331938,3.422678802959569e-05,0.00019102493531926538,0.007167191756059164,0.9368107115864868,0.187808680989075,0.24834130559825285,0.0035867110687725708,0.020017982678617912,0.7510680225455144,0.020423947878707778,2.140275312526505,1.8623658720126623,0.2779094405138425,0.9392638810329634,0.19674238720106718,0.7263596037786317,
63,1.3563222226167393,0.1375085434429208,0.5300587401282153,0.1250351726032849,7,9,2.0539314738596786,3.802365048543349,ok,30.544662716823847,0.21288047739898885,0.5307057505395043,30.5363136644813,0.15828237281726448,0.9192104916493684,0.019311322324695374,2.058170422911351,0.008739023843627803,0.002170810246510799,0.002564458929392389,3.1851575062882686e-05,0.00022075343206164012,0.00558442429803986,0.931391444752116,0.23136154883644947,0.27331600759916286,0.003394690876954228,0.023527554301365283,0.5951791765453033,0.019232908497821805,2.049811787851816,1.750572517520002,0.29923927033181347,0.9250589435625043,0.23770855622847425,0.5878050177290235,
64,1.105140905620612,0.2607977278697609,0.5736165379520801,0.11501426167778528,6,10,2.0337510822378073,7.533527389681508,ok,30.120778901308714,-0.29726194300336556,-1.009780161048185,30.108148819545136,-0.32582518949386746,-1.0927896467738407,0.016202619555145452,2.595046723713285,0.006892761202420661,0.002511421808139211,0.0033666523991315073,0.00016976609762242147,-0.00076274666856556,0.0040247647163972125,1.103959598310719,0.40223476906881234,0.5392103572211079,0.027190106756086185,-0.1221631623545524,0.6446150547111117,0.015995629613990772,2.5618930000364615,2.1174700624405904,0.44442293759587065,1.0701643332507793,0.3990525478234361,0.6482531813663752,
65,1.016830461958723,0.23726759785457618,0.6030703571408425,0.16662964269225153,10,9,3.5762567497600477,7.909421889387507,ok,30.228592980045402,0.09199332266563348,-1.0095424747685802,30.21126754622921,0.019760538417250832,-1.1692471968809708,0.01848139508851522,2.49553515339519,0.007126532435383121,0.0023396173886325537,0.004437273149349633,6.613430263620577e-05,-0.0005105718994378947,0.005022409711951605,0.9622927343488984,0.3159175706630198,0.5991631625417635,0.008930087598012976,-0.06894231291959163,0.6781739111630873,0.0180127571517349,2.4322534901543156,1.910830281925441,0.5214232082288747,0.922165837091801,0.31723001629672465,0.6714344285369155,
66,0.8077972555813339,0.27735525751253387,0.31559696431709516,0.13453997342350646,6,10,1.008410190688996,7.796455766698738,error,,,,,,,,,,,,,,,,,,,,,,,,,,,,RuntimeError: trim did not converge
67,0.9667700003962402,0.12095907824588309,0.3931738773494078,0.15804087843029058,6,8,1.5410433473712122,7.917233153289105,error,,,,,,,,,,,,,,,,,,,,,,,,,,,,RuntimeError: trim did not converge
68,1.7347105727103673,0.3316582562965953,0.4012408201129648,0.18058432934062363,6,2,3.8646349691103445,4.37273750363981,ok,28.9511121360383,-1.0896862507356233,-0.9397355419587855,29.011645075850517,-1.0733105085401913,-0.7645153367378682,0.013061927057357432,3.8579952510085387,0.006413070742227852,0.0036303410070003764,0.0013563349880338445,0.0008075474830286936,-0.001387087777879291,0.0022417206149459553,1.8941765911914645,1.0722643223351869,0.4006096435566785,0.2385187377641734,-0.4096928451897919,0.6621188013508269,0.013345359558168879,3.9417076894228695,3.744983956586583,0.19672373283628677,1.9552110948494708,1.100951696696383,0.6888211650407291,
69,1.5068138589082034,0.27738665417305935,0.7223965805489412,0.1395650077088281,6,3,4.939792819011492,7.144993682115699,ok,29.754571814379315,-1.0499412868082172,-0.5895578789796264,29.752789753956996,-1.040323610697097,-0.6001731394514278,0.013230938531697637,2.998812571049955,0.0067701333426857455,0.002137801869306215,0.0013774710823091585,0.00025144052526339443,-0.0005483359546601597,0.003242427666793284,1.5344611364561687,0.4845360822084482,0.31220593973664845,0.05698938183597802,-0.1242811876159915,0.7349012184287036,0.013232389135710594,2.99913928605895,2.751922687922282,0.24721659813666796,1.5476749253650315,0.47885591886334244,0.7253918436939076,
70,1.6127547644678648,0.33024350486988957,0.5370597681753257,0.11397167000459993,10,5,2.672692271359676,4.811767300278741,ok,29.27424458878916,-1.192010049765569,-0.8014647000040143,29.314933401894272,-1.1365487797950162,-0.6905182387595699,0.01250758359047537,3.4966609190375975,0.0063975946786768625,0.0028776000546056764,0.001268315841851222,0.0005888568203961525,-0.001002760385466308,0.0023779765804117646,1.788532463281508,0.8044712696721386,0.3545745191401023,0.16462273595004706,-0.2803349684338071,0.6647948994276089,0.012753456875735201,3.5653956008879004,3.3433761040894634,0.2220194967984368,1.856934426297329,0.8079809627517299,0.6784607150404046,
71,1.0923010619308924,0.2695212957777199,0.6960851839538766,0.1588493446843225,3,8,0.6916993782371033,4.498999047521609,ok,30.081183822838117,-0.37543151453249846,-0.9452542373015889,30.059976706300606,-0.37765992558320094,-1.0932084729169587,0.016210089076299443,2.644945839295475,0.0068140576591720495,0.0021914852036884432,0.003265486435918535,0.00014988473458315042,-0.0006544172871419858,0.00444359233007925,1.1118269226970192,0.35757728684218804,0.5328184639396358,0.024456189182157896,-0.10677907275166988,0.7250460493861439,0.01599224713140768,2.6093995020841287,2.1539115163976845,0.4554879856864447,1.0830304083311542,0.3570715131403367,0.7138095949261933,
72,1.5254119005116873,0.18924030744958334,0.8134554126496696,0.11778612853522319,8,3,1.9488329358167233,3.5725858810205184,ok,30.2205470170832,-0.5236989800208961,-0.10961183225369267,30.18977658709659,-0.6621363395469595,-0.19621535627803346,0.015602833183052021,2.519503556988744,0.0077566680787007035,0.0017181194572388127,0.0017055125004519728,2.3827886062983735e-05,-0.0001477218489105531,0.0045464271095081,1.252525908941669,0.27743731109980463,0.2754015736094014,0.0038476629844649076,-0.02385372703845637,0.7341448273918599,0.015122522230992991,2.441942553006373,2.2034522241485006,0.23849032885787294,1.2109979875768129,0.2804456572992186,0.712008579272469,
73,1.1329264949450704,0.3466626386726483,0.8332175743748333,0.2868610803618798,5,9,2.283070689378265,5.111374756650234,ok,29.66787724949896,-0.941120851891251,-0.8676218075036785,29.665671724524714,-0.7715937687424648,-0.9930787351282082,0.014315017478438209,3.030956436863606,0.006259658913012469,0.002108064052067357,0.002283523185114436,0.0003214895485412956,-0.000829150487927956,0.004171432267630607,1.32537410475001,0.44634596622451567,0.4834963916093663,0.06806983072171041,-0.17555822144815314,0.8832283650061569,0.014650332988886334,3.101951537528101,2.6692744353555313,0.4326771021725696,1.361111953788409,0.44462164628697093,0.8635408352801511,
74,1.0701887451276098,0.23841434740764467,0.44485318191358886,0.09934720833025312,9,7,1.4306280554113135,4.250592687896261,ok,30.206459235914025,0.001765932471675188,-1.0705118616796454,30.209094218744127,-0.07679469852626682,-1.1209993003007144,0.01748178435651816,2.4927817686526215,0.0071157963651670725,0.002959256748274404,0.0040360130926314405,0.00012565331724899778,-0.000775687160932357,0.0040207519941286,1.014663439771772,0.42196958390635964,0.5755076055267601,0.01791729562733325,-0.1106076344105648,0.5733314782309611,0.017244196601737184,2.458901700581624,1.9867567445433771,0.4721449560382467,0.9731965591480526,0.4167410290161386,0.596819156379186,
75,1.103923084516297,0.27042509907312406,0.5989247832176172,0.0821085894119336,5,3,4.115780864097531,4.459181857506103,ok,30.098839282530456,-0.37074004168696084,-1.0186594021086148,30.086532190752344,-0.37887067917774186,-1.1019930456146283,0.015769061386449894,2.6121447865233147,0.006804340997938049,0.002462584982560978,0.003261087551130112,0.0001925421616174595,-0.0007968753528104694,0.0038453810460137637,1.1271389861392496,0.4079271661086134,0.5401991048370425,0.031894606237448705,-0.13200239046196124,0.6369873136629216,0.015624661961052853,2.588223240360693,2.142698323572987,0.4455249167877057,1.0982505328845649,0.4048836023748029,0.639564188313619,
76,0.8175641646933959,0.15389567918420763,0.7909642128576746,0.12515129037993114,10,9,0.7772149269593001,5.061663618831,ok,30.422815422976672,1.8168112080954733,-0.6330550226842171,30.40704965003121,1.943416166831808,0.09033540450640168,0.030052527635499128,2.1435527592706705,0.00837600836242359,0.0016444728001912552,0.00968206068364373,8.247723796213383e-05,0.0006004065432661989,0.009667102008012221,0.5974344672339272,0.11729509913940342,0.6905910925553965,0.005882843305397043,0.04282512000694982,0.6895241370295965,0.030811239891503302,2.1976678160642207,1.3951244716724387,0.8025433443917825,0.608163144238461,0.12943492469675844,0.6575264027372193,
77,0.9578373940619953,0.16722200999682987,0.40756707796981567,0.12297818731033042,6,1,3.952424318240564,7.263952664847168,ok,30.486260225201235,0.9072309118479156,-0.38639331489446177,30.493046367449633,0.8838365250349001,-0.30874023828850483,0.023196598762152562,2.115066056111145,0.008104889140595617,0.0027992026948664827,0.005924645033792243,3.528853882208783e-05,0.00043958275589684045,0.00589299059817929,0.7390038550732283,0.25523132355708944,0.5402091804048004,0.0032176092451164265,0.04008115911226467,0.5373229287186457,0.02325891449894776,2.1207465441319115,1.5366531057872805,0.5840934383446306,0.7257872921986426,0.26000719615933143,0.5508586174293066,
78,0.8907387541512712,0.2551262945961752,0.7580507257359492,0.10044863710034531,10,8,4.5524388398385085,8.640747687144493,ok,30.197668579648838,0.3510693866567651,-1.2787996785817881,30.172915397899,0.27954006809941256,-1.4999744850184924,0.020095005012756528,2.550624988540256,0.006941812781262204,0.002031807664012945,0.006021871469381845,5.338156567226335e-05,-0.0004961790879933675,0.005542310620420639,0.8811125518214887,0.2578939092799027,0.7643459575069806,0.006775631817192586,-0.062979172178539,0.7034761102932305,0.019455724400979035,2.469480480404989,1.7927162519909563,0.6767642284140325,0.846287737432182,0.26398141744216413,0.6824470971166101,
79,1.7443272100266605,0.14943431334119514,0.6200797511070293,0.09870354114245165,10,9,2.7834812252804495,5.753591442610647,ok,30.319406231889268,-0.4065060659736233,0.3859073284507348,30.30555413549572,-0.5877950015533469,0.5410702800878593,0.016168689671374824,2.3730155838494404,0.008483662360807503,0.0020035909659807585,0.0013885856074430647,2.9496956149977813e-07,-1.508563553450712e-05,0.004307641403116505,1.2451140691972553,0.2940592393426779,0.20379729915932318,4.32915332303914e-05,-0.0022140599481624123,0.632215744565116,0.015826109709104027,2.322734857074855,2.136685638757088,0.18604921831776658,1.220086411679048,0.29604525843919927,0.6205539686388409,
80,1.225997211625364,0.272105821045055,0.8672367731561348,0.2888958753565824,6,1,1.3572155885445414,8.669885213059665,ok,29.933922200786903,-0.7027892833776794,-0.672959026461834,29.908669341672706,-0.6821756009008771,-0.8567643266066782,0.015382367200137758,2.816331894988157,0.006802610268524485,0.0018497777940206126,0.0022758718925863066,0.0001399179556676962,-0.00047757113048053505,0.004791760419819194,1.245478541706369,0.33867272391562914,0.41668558009332096,0.025617344593421403,-0.08743769989354021,0.8773154045729566,0.015214496044712917,2.7855947263078864,2.4192034430700273,0.3663912832378595,1.22908664820247,0.3391427701051544,0.8509740247624027,
81,0.9106623874061545,0.3119660368808371,0.8790328215544683,0.09859394883433281,4,8,1.5722310615029815,2.5679367458770113,ok,29.99429928792376,-0.20295522716839,-1.2167178746941905,29.966230262660684,-0.1467551696462755,-1.4287551685283946,0.01744404339929119,2.73083467119042,0.00647208370466131,0.001963616263195629,0.0046604883885896,0.00015279485361567442,-0.0007573956807765659,0.004952455870005545,1.0131934535460858,0.307400712650479,0.7295913559099486,0.02391976873034512,-0.1185689772451816,0.7752983575987432,0.017332995231499244,2.713448403797071,2.06004459652905,0.6534038072680203,0.9979191743160667,0.311208066332565,0.7509173558804186,
82,0.8002304272867174,0.1704152447138786,0.5687466748167305,0.08555458880435533,8,9,3.787096656158564,8.49297342075237,ok,30.426591493905185,1.6524656060249034,-0.9714629180536877,30.425565496041433,1.6785453292606713,-0.7303063554236655,0.028051144243252307,2.16913601416569,0.008052251357979658,0.0021936558086447216,0.009792787254569108,5.1077695143474507e-05,0.0005854787844417981,0.00737589334247355,0.6226636697684731,0.1696307920971759,0.7572556516320482,0.003949730788002991,0.04527384358547688,0.5703623262945131,0.02836098292272144,2.1930936766958102,1.3595219679023942,0.8335717087934164,0.6229195365043587,0.18062380051884303,0.5559786308791924,
83,1.2604794747544696,0.2942292077121137,0.8066835660720169,0.17992893784062652,4,5,1.5946884079337744,1.62028427518459,ok,29.859230317877913,-0.878059778775485,-0.7140744139425093,29.849108478282265,-0.8148382441781588,-0.839156129469148,0.014156521272906368,2.867090599876034,0.0066194720498336575,0.002012167737199127,0.001992203970150377,0.0002201486088616464,-0.0006021767723459885,0.003914705679207549,1.3406278085098984,0.40752011694699647,0.40347689702451933,0.04458623660962635,-0.12195760032947843,0.7928371411144718,0.014193937170117427,2.87466638231226,2.5268986254808596,0.34776775683140065,1.3455211604260633,0.40509588662030654,0.7762815784344897,
84,1.0194546695460072,0.2705032863287191,0.32525409601722516,0.2762097571944014,6,3,4.3275533738522105,3.6093088576144026,ok,29.887011373171177,0.12067734715087464,-1.5486923235535883,29.926153737802945,0.05230992646045935,-1.5118449612428784,0.018695418610243167,2.820633955795326,0.006821080806352086,0.003981903817758442,0.004938112933169647,0.00034012849864550887,-0.0017223190491182016,0.004336511603435686,1.0291169477788018,0.6007617882878965,0.7450279294211105,0.051316208137086934,-0.25985144777631325,0.6542625299467438,0.018834132070128413,2.84156011406343,2.3129842297862715,0.528575884277159,0.9925808027762991,0.5938083890961876,0.7265950379137848,
85,0.8408887209204187,0.29419722657240654,0.4839408968959107,0.14071591653062976,5,4,2.6220585882401846,6.649308124861816,error,,,,,,,,,,,,,,,,,,,,,,,,,,,,RuntimeError: trim did not converge
86,1.6085325491044655,0.24184742318391145,0.3880823056967712,0.24002277033459413,3,9,4.913787010519416,3.924109939654732,ok,29.698634070968353,-0.7748177421147974,-0.7704623100618582,29.70088611287947,-0.8632645535053328,-0.5823255328556182,0.014661615316691147,3.0812872152621775,0.007122772139222812,0.0033111787638173793,0.001570796311054361,0.00034975316878189895,-0.0008653082387635128,0.003172423172578208,1.496922832563171,0.695877812370586,0.3301187820364331,0.07350417700826122,-0.18185330577645858,0.666716917060185,0.014586540064225807,3.065507276890282,2.8457440643017766,0.2197632125885053,1.4702345514714248,0.6883525178442925,0.6871569949860596,
87,1.3416271698219848,0.12422510768524868,0.3677029040728769,0.2513169126855348,9,4,2.5899735472957985,8.395002202861535,ok,30.524213337530615,0.3500458420486621,1.1489950594067697,30.508456905191046,0.3606232865894361,1.7189149629219311,0.021647468512592343,2.058938605320471,0.009099372465948245,0.0028042005145493486,0.002606872497618045,0.00016620408849610667,0.0005770948346933869,0.006393724111287211,0.8654614392178369,0.2667137126498941,0.24794540855304986,0.015808038430344583,0.05488876601853338,0.6081212404508125,0.021812809461093208,2.0746631190053475,1.7663251351978544,0.30833798380749305,0.8768588041136706,0.2720134547513692,0.6174528763328145,
88,1.026569463302428,0.15994743805532385,0.3279042577662588,0.20901610295100614,4,6,0.8370735225980817,8.357226395788977,ok,30.444946231118468,0.7293748994188876,-0.024818992105497817,30.455830687722397,0.7057876587683118,0.031184080004447536,0.023175853702118283,2.160418493040498,0.008249421268478952,0.003263341932793697,0.004941370041744212,6.50933238294195e-05,0.0005913233747245517,0.00606530376054745,0.7689987387034021,0.3042038645626088,0.4606271404865122,0.006067902498094303,0.05512228246441136,0.5653985643254692,0.023287799796159983,2.1708524449788626,1.65831883065725,0.5125336143216124,0.7560758442087308,0.3052650203282151,0.5969779661203042,
89,0.8710303265677257,0.15516629536870735,0.49126136019836286,0.23543096167370148,7,1,3.660744294979262,6.622961730424588,ok,30.44538114124125,1.438884830196514,-0.3157887533907902,30.43346088090535,1.5211667494851613,0.05228826983826825,0.02779077006247086,2.132456456958289,0.008346913968106245,0.0023715830761661,0.007856895861724947,0.00011360868287808242,0.0008021189755820884,0.008299649498013395,0.6404799344153531,0.18197760021097306,0.6028795990295273,0.008717483136498368,0.06154862873118653,0.6368532114347504,0.028284306923970444,2.17032529986258,1.4627219724922091,0.7076033273703706,0.6440974127413838,0.1918969810325863,0.6267275787182393,
90,0.9257221633306942,0.33723177331926624,0.7843801343525142,0.10706982155982817,8,3,2.6514146860938688,6.257120162571583,ok,29.89775079535142,-0.37905047417163307,-1.270142009514895,29.876916165200097,-0.2706691046859292,-1.3957941810536176,0.016393544148533327,2.801980643089369,0.006303472610789247,0.0022128910286965888,0.004247033786416575,0.00025575058536820406,-0.0010242568567107144,0.004398652993973427,1.077388030290915,0.3782268051066125,0.7259019985102154,0.0437128288530943,-0.17506573685664834,0.7518167171851798,0.016550202672086244,2.8287547312337336,2.1932004390076436,0.6355542922260901,1.077611854483482,0.37933156248764355,0.7362570220365178,
91,0.9799799272104017,0.3202848824256345,0.5535125393592637,0.16617630797754862,4,6,1.0265758253257562,5.974287606387358,ok,29.883280270607937,-0.2845426342014067,-1.4221266856712318,29.87513862048656,-0.23527907530959546,-1.4333489113181765,0.0164892969267803,2.830859975035075,0.006420353928778036,0.0028252773495711383,0.004251416654223106,0.00036236909319459714,-0.0014006197024103396,0.0040304996034237605,1.1022375934669892,0.48503975656382325,0.7298774045418146,0.06221103098994536,-0.24045647752024357,0.6919506669927461,0.01657754319500179,2.84600801273158,2.276954209975893,0.5690538027556871,1.0914435928753865,0.4827745911722024,0.7027360259283039,
92,1.4690323544643857,0.26679798447406655,0.8425260656227445,0.08722121397257508,5,4,0.8005958204750911,6.71916207635905,ok,29.873504557988536,-1.0022979585176102,-0.482584287684205,29.863923877554072,-1.0002710493920761,-0.5824556594443756,0.01340084132437701,2.8709419512214986,0.006856469563401559,0.0018704006127928821,0.0014376233720666967,0.00017160094230911984,-0.0004222046199734436,0.003486951453780194,1.4689022599674726,0.4007070492723053,0.3079906066356373,0.0367630906313485,-0.09045140720205042,0.7470303519167848,0.0133388509764961,2.8576594211159803,2.599485716847182,0.2581737042687983,1.471707422225896,0.3976359633526154,0.7301423312686708,
93,0.8900770422990986,0.14676413655364454,0.34011368564326544,0.23764223555753183,3,4,3.6450488974959403,2.8391266523556586,ok,30.459964501796968,1.3833831207894718,0.20467726790563565,30.447553098073946,1.4890877484278007,0.5478449923332585,0.028274246745952164,2.098956633908163,0.008528139089457662,0.0030889073661829816,0.007243064164289422,0.0002809839667263796,0.001404459399510776,0.007728692759784944,0.6330918124024412,0.2293069967887211,0.537693460556443,0.020859022922214504,0.10426093399216195,0.5737444072461814,0.02899748526600577,2.1526452206724285,1.473344706449475,0.6793005142229531,0.6404216422875766,0.23681076159401815,0.5961123025678803,
94,0.9882932693761615,0.32522264944493995,0.7095557993702838,0.11381057167948566,9,1,2.1202209753290635,2.6686526870033225,ok,29.916030644255027,-0.45972894459890495,-1.2026929991623418,29.900803051280292,-0.36539552751026805,-1.304349912992515,0.015795761362495137,2.7830513334084537,0.0063832059840292004,0.002342768310850552,0.0037217347833640117,0.00028054650994619834,-0.0010348465496894546,0.004102352323994627,1.124655502042044,0.41277177603231263,0.6557315417556863,0.0494294210118101,-0.1823293606362408,0.7227924532028414,0.015931407741959554,2.8069489016604385,2.248742570243195,0.5582063314172439,1.122192952742989,0.4120295391187121,0.7145200783814937,
95,1.4683848012265948,0.1518378006627898,0.42427078585965333,0.13397384019079056,4,5,1.2962529033025925,3.4262321970581846,ok,30.41384036093346,-0.10234418696285887,0.3035515832286064,30.409419132368143,-0.23739106098901788,0.45988101712764273,0.017740534265005048,2.240965119922798,0.008420914760549455,0.0026612948587505163,0.002079254952727483,2.568780285901313e-06,6.585645753130372e-05,0.004510644455160389,1.0637208538560887,0.336171891060468,0.26264923901871506,0.00032448555017903336,0.008318916558248688,0.5697797338790985,0.017483835664146657,2.2085377081812916,1.951391693508068,0.2571460146732234,1.0390452000753818,0.3350169356616647,0.5773295577710214,
96,1.4530380326706873,0.27375861354023023,0.35675833393307277,0.18599687088377387,7,9,3.509568689108998,3.1242539817243906,ok,29.619591619310306,-0.6917420964745579,-1.0459778960440578,29.642521625056183,-0.7351883128530436,-0.8658116463325028,0.014668471550588105,3.1354065647131404,0.00681372269551381,0.003690094846282142,0.002031899187901551,0.0005300554104668393,-0.0013308372103898933,0.0029335366208136553,1.4564428744992435,0.788762998622258,0.43432132861357287,0.1133000945536697,-0.2844683382062187,0.627047606630615,0.01477931784702772,3.1590979406921678,2.8910679561557573,0.2680299845364112,1.4380734400018285,0.7870892774099043,0.6659052387440245,
97,1.4958871554918929,0.3376617087934902,0.4667127252206018,0.22633971592768148,5,2,1.5489761779531845,7.1103425078774976,ok,29.253350539925535,-1.0379983548273088,-0.9838618075793358,29.295683367478436,-0.9734374393515162,-0.867260027612013,0.013263574012003322,3.511547406366866,0.006349183112747999,0.003244500036212226,0.0016387447536110366,0.0006972960448068475,-0.0013351855256403331,0.002669035590265546,1.6809539775585003,0.858985344131798,0.4338596734207829,0.18460997883341446,-0.3534919973559023,0.7066304297782726,0.0135593079715211,3.589840859401278,3.3322959913866437,0.257544868014634,1.732566108647016,0.8674145756877263,0.7323153070519015,
98,0.8871007306289505,0.29897780583833644,0.5354125566350298,0.23171497980391131,9,1,2.955544045502728,8.038249910122524,ok,29.95763897108906,0.172331050407318,-1.6339659649817802,29.94376243130049,0.13986348322764472,-1.6784072981303655,0.019198668671450463,2.7990087703443884,0.006573858676663132,0.0028391037538841386,0.005970152576722715,0.00023700585586914992,-0.001320485284557318,0.0048990330928686465,0.9584147945814055,0.41391809208398656,0.8703993859423454,0.034553514129196654,-0.1925159476335398,0.7142389312409942,0.018912394036699174,2.7572703715130364,2.0667547709816563,0.6905156005313806,0.9327042581583097,0.4131892936468156,0.7208612191765309,
99,0.9300073104250001,0.19914926870530616,0.46568431614443184,0.15465598782441398,10,1,1.3875730737915601,2.0419732853764865,ok,30.361916124710024,0.7270017677281948,-0.9333092381082622,30.366940360304376,0.6429178243110028,-1.0481712721659358,0.02208365258666,2.3094067460637064,0.00759497488331525,0.002687658412273893,0.0061906935590624965,9.696244661284644e-07,-7.595218765350825e-05,0.005685308295195745,0.7942475169305965,0.2810629466327313,0.6473942393364902,0.00010139886390796404,-0.007942730209913939,0.5945433745098947,0.02171992198080268,2.2713679082616287,1.6516940054151714,0.6196739028464572,0.7659413868746385,0.2842226815383616,0.6015299370021711,
100,0.8835950111554547,0.20279507455984053,0.386531975242702,0.14026544439648453,3,3,3.865291362235674,4.7610583740987344,ok,30.32210673002067,0.9008546676480773,-1.0971635244808882,30.345628702188616,0.8107608786697512,-1.21994746341441,0.023209582397005508,2.342085910524974,0.007547003269536631,0.003131787448614551,0.007136397498718633,5.411239640530354e-07,-6.702399086629701e-05,0.005460877047037936,0.7615703601176458,0.31602960935244767,0.7201360088155235,5.460498126926881e-05,-0.006763410990770854,0.5510587382488588,0.022985515145822654,2.3194736188204876,1.6328246098124812,0.6866490090080064,0.7362539760567597,0.31674373528553695,0.5798268984701848,
101,1.3908188663871994,0.29403194531832133,0.7323022576847911,0.19164851139754566,3,9,3.80054846031386,4.079876015655662,ok,29.74396205257865,-1.0106221214746451,-0.6833577892848868,29.742741492272348,-0.9623406554194183,-0.7244659607663788,0.013528154548376786,2.997832587914417,0.006630262081789429,0.0021634901133838094,0.001605292696142719,0.00027755266632515453,-0.0006351995094119909,0.003486756500147664,1.4692629112214395,0.4794283760094133,0.3557320949009315,0.06150553831985319,-0.14075990796327797,0.7726635754260572,0.013590904782073695,3.011735934435002,2.7228978513188147,0.28883808311618664,1.4862551389672993,0.4745592969066307,0.7620834154448849,
102,0.9560612945379239,0.31735463329028035,0.7127668470720707,0.09100715175240567,4,7,0.7889225156837216,2.7928561421295717,ok,29.970949570853428,-0.3222730238936505,-1.2608398472368734,29.952155932025274,-0.254016124096263,-1.376821505869866,0.016391844406776525,2.7363112857232346,0.0064346224158499145,0.0023160720546928876,0.004173338029396458,0.00024233092860957519,-0.0010047134206339003,0.004230194398861589,1.07413964523595,0.38662483272378895,0.6966605871548265,0.04045260791763274,-0.1677180800143266,0.706151692705363,0.016422130335262047,2.7413650650120074,2.1471903080644257,0.5941747569475817,1.0637331010234845,0.3867460706568355,0.6967111363841056,
103,0.8764448596442322,0.30615875502270073,0.815217331171467,0.1797822263865258,8,3,1.450909612892917,7.083988728413591,ok,29.9808000736363,0.0052277412233808305,-1.3732349021289978,29.94987300550704,0.02024164029049247,-1.5523612143281926,0.01877105374218193,2.7730165670662865,0.006516571036395877,0.0020728416154952465,0.0054671753691874405,0.00014417730461154462,-0.0008185615942251873,0.0053888500107170095,0.9626822070080325,0.3062174462670639,0.8076567294538715,0.021299073550907783,-0.1209247436572938,0.7960858544437047,0.01847710606222458,2.7295902840386193,2.0238425572360508,0.7057477268025686,0.9417849093614539,0.31028387223571396,0.7717737756388829,
104,1.6473498747424302,0.29693303669123916,0.7675498773861431,0.17783052713787312,3,3,3.936767053105098,5.394738684571124,ok,29.501299475702215,-1.254997069125309,-0.5322236404456298,29.516258043942877,-1.227599856244503,-0.5128169569128306,0.012545669365717747,3.2713468266506003,0.006626392643651266,0.0020927161163099657,0.0010563769669293325,0.0003058067911752638,-0.0005314419677989147,0.0029958188154508326,1.7278654422524933,0.5456863262217424,0.27545564431614133,0.07974066960612654,-0.1385761846760153,0.7811749289301118,0.012650755653510487,3.298746335346083,3.0881601009314195,0.21058623441466268,1.7795741263568323,0.5398668938898724,0.7687190806847148,
105,1.4965860140789777,0.31407703694373595,0.7465737403054356,0.22681651322489277,5,1,3.86198862480715,4.850228930337615,ok,29.525363334956975,-1.1965517091752143,-0.6394806036380836,29.539947209543737,-1.1262453652049056,-0.64590593166734,0.012866013469786847,3.229077463162871,0.006492871416695759,0.0021842835024732605,0.0012863482200267846,0.0003464823942562457,-0.0006494347109798717,0.003205462647314667,1.6295634084404549,0.5482055997809955,0.3228442171945728,0.08695921959843021,-0.16299337739272077,0.8044983955411378,0.013030583081056528,3.270378448136551,3.017148865332149,0.253229582804402,1.6804946566458012,0.5431231611801418,0.7935310475062062,
106,1.5504837361710289,0.24591633455300588,0.3529911304010262,0.22518176677121626,5,6,2.348190830000653,3.0955311870532087,ok,29.695059115912862,-0.6979902065622018,-0.8647905504660596,29.704443642676335,-0.7835634441812606,-0.6708346320315695,0.014931710728963897,3.0749541266537967,0.007079448466307064,0.0035827797101316795,0.001766773520614498,0.0003942162809600374,-0.0010248286488639046,0.0031333213998145227,1.4579025585914451,0.7378178866799784,0.3638395912357179,0.08118272594049196,-0.2110475577874904,0.6452589219936538,0.014906426083780651,3.0697450310501933,2.833774684379576,0.23597034667061753,1.4278071758139517,0.731498772954618,0.6744687356110065,
107,1.4579640630730393,0.1458571538283369,0.7256214716518858,0.23966436373183858,7,9,4.245267060250576,3.3501277638233407,ok,30.400675531710316,-0.01693859953639884,0.3383625537451432,30.38184927029524,-0.12468369539264099,0.5878499575083208,0.018829531863889516,2.266661344205709,0.008555317648576168,0.001741038521247926,0.0021566831639261417,4.202290330462431e-06,6.49852020727419e-05,0.006307305037736076,1.0298720085876196,0.20958273118058113,0.2596172010386276,0.0005058632959142013,0.007822788508415624,0.7592607515945505,0.018479109944852117,2.2244767224029327,1.9627940618773594,0.2616826605255734,1.0117120034449079,0.2171453460998904,0.7339367123325611,
108,1.3980976171182946,0.27366892468055454,0.8580976929611281,0.15019445193437903,7,8,2.7933727667653265,1.2778798560980875,ok,29.86614625017548,-0.9620995007933502,-0.5343123402855501,29.85418601562959,-0.9422468594181855,-0.6597431622875192,0.013766501797798807,2.8777366308575347,0.0067940810771640455,0.0018623657294687484,0.001593685947306306,0.0001740906137067185,-0.0004492696918628426,0.003791548122015831,1.4202283394825248,0.3893071862746476,0.3331426164764355,0.03639173869373249,-0.09391491523391254,0.7925816651641071,0.013712409925273217,2.8664273413575048,2.5821072222741055,0.28432011908339894,1.422241323947957,0.38698931503616746,0.772876583289981,
109,1.7215204266039539,0.2734940452041295,0.31043369622514555,0.239022338750365,7,9,3.893250103147248,6.306812742183097,ok,29.244339564616098,-0.836049605034147,-0.9730953377148353,29.278515573804654,-0.9087410663348143,-0.7137095634817059,0.014464118362906373,3.5673173913181855,0.006847745464610117,0.004132472306812007,0.0015429475300202669,0.0006708148534929283,-0.0013866866492396285,0.0026568248572106834,1.688874556631836,1.0192007531573515,0.38054055004474835,0.16544454581876364,-0.34200158461281305,0.6552585702782994,0.014598178921077587,3.6003785613356567,3.403037073880861,0.19734148745479577,1.6800626836057047,1.036674090946227,0.6863002993289291,
110,1.45376049493921,0.20311541389417417,0.6887142078624174,0.13977925264311497,8,1,4.469034362635265,3.624717448079852,ok,30.19013555089249,-0.5285415699357422,-0.3031486092700002,30.1633110780283,-0.646860954458992,-0.37236191623416726,0.015461822479457777,2.5487817384086564,0.007554909549919923,0.0019935381549728167,0.0018686267963956057,4.963472416074106e-05,-0.0002502036664583968,0.004245316920467087,1.2453781254925087,0.32862191057789114,0.30803107854082745,0.00818196423480631,-0.04124446111053888,0.6998131206731614,0.015035743304516257,2.4785436258700084,2.2171976781668334,0.26134594770317454,1.2032940210582033,0.32814393633714123,0.6857597207714887,
111,1.2669191228850343,0.3141920206453003,0.6795759303828238,0.25192495032608436,8,6,4.434142503290166,5.018339495973488,ok,29.712059856727606,-0.9196012418394435,-0.8618144102311827,29.71258964462523,-0.8332064363213778,-0.8971759771379042,0.014014163516277585,3.016357679843537,0.00647748123829734,0.0023590272829910426,0.0019982356088059363,0.00034617049562057103,-0.0008457281023729135,0.003678976992935608,1.3941895466316323,0.5077484684509029,0.43009297827570925,0.07450848078000052,-0.18203144652115746,0.7918496522264497,0.014168564423978888,3.0495882693130123,2.70259554422798,0.34699272508503254,1.4131369283680653,0.5034411506689318,0.7860174651909827,
112,0.9133413882089301,0.15802325007169876,0.6675392295291394,0.1751863539988497,8,3,3.6321183952197504,3.758153018155854,ok,30.471020835425435,1.2335488887512833,-0.42984533260183877,30.4576910349523,1.2866671094996556,-0.048007828659233906,0.025845916330549216,2.121417579080463,0.008285396972225004,0.0018825753158094244,0.006968751826012482,4.625732625550512e-05,0.00041956907432945303,0.008243365815917347,0.6800605001480581,0.15452067235010666,0.5719910425647426,0.0037967740754349007,0.03443798233104104,0.6766106076110792,0.02606302267190497,2.1392360655315747,1.495950577886612,0.6432854876449626,0.6783756095200367,0.16570057131803173,0.6518743970485436,
113,1.3976425354025057,0.239533367729651,0.33010973507589125,0.1598049759461838,8,5,1.858059624539956,6.50142611446025,ok,29.876758345291666,-0.48408060391081276,-0.9321770432873149,29.89173477974679,-0.5751209117160048,-0.7798616015269987,0.01560125625176131,2.855582697735939,0.0071323264275132145,0.0037312509861861945,0.002279544804751269,0.0003280104740878035,-0.0010814784864614623,0.0032116020456842915,1.3054684579462748,0.6829511409288317,0.41723747101626435,0.06003753924467137,-0.19794888335125918,0.5878369719511559,0.015591427369222862,2.853781697501694,2.5679139580829373,0.28586773941875593,1.2652538728842349,0.6736281993712886,0.6290318858274138,
114,1.5719882023071166,0.2540114959077384,0.37429417914424296,0.09500860327610301,4,10,1.5635315032815051,1.5328363671651597,ok,29.702137419878014,-0.7789472737173995,-0.8546930912467475,29.71502106970683,-0.8511679357260422,-0.6537443794191846,0.014176576904007641,3.058831344110308,0.006995154880536621,0.0034596585031827602,0.0016567417828544115,0.0004229588647482075,-0.0010158480698782065,0.002657910942563848,1.509320560977086,0.7464786415726042,0.35746948849546734,0.09126038263830746,-0.21918605161440613,0.5734883220412493,0.014188278098582262,3.061353961212455,2.8321052714774813,0.22924868973497292,1.487831082741379,0.7413092737912709,0.6029649149448315,
115,1.6730643436889623,0.22411638452599902,0.3229378180853109,0.19847951650100765,6,9,2.525731975624103,7.549727669523304,ok,29.71510249953821,-0.7004841277694962,-0.7022258327141045,29.72140013495136,-0.825181017280221,-0.474133983036776,0.0150958359156378,3.061286500417542,0.007325092404416309,0.0037319270875368327,0.0015396831204722663,0.0003207676486166806,-0.0008614928788868905,0.0030398585334826035,1.4854564276709876,0.7567979724650031,0.3122325373674653,0.06504851258112221,-0.1747022513413996,0.6164533016743635,0.01502036528647337,3.045979702956579,2.8418301471169034,0.20414955583967606,1.4483512314932154,0.7498990608136585,0.6435798548100298,
116,0.8690469518279702,0.1854995299153549,0.3912627727253759,0.23432845049924017,6,7,4.2373512595390554,5.889470750001875,ok,30.332497626669586,1.1108941475667675,-0.8426896645026494,30.349326925035598,1.0632545996335112,-0.9338006529216982,0.02546849303235889,2.313725005320117,0.007804744667827981,0.0030072414497647683,0.0075817798319969855,1.7411673060349004e-05,0.0003738288705481756,0.006683486539160636,0.7090342123952481,0.27319754374612965,0.6887786238406438,0.001581790618432082,0.033961067284151776,0.6071717674355122,0.025393633649553642,2.3069226982000934,1.5958058144466354,0.7111168837534585,0.6930508325082977,0.2769316035384048,0.6258233783999327,
117,1.7719702357114238,0.28065315982731276,0.35383916881148064,0.12198987758012131,7,4,4.551354483410619,4.460995656903521,ok,29.255856843179156,-0.9622266292431091,-0.8939623822579036,29.29007910552376,-1.0191284666078677,-0.644255011744125,0.013628131197536593,3.55299341183847,0.006782879956648949,0.003763746051170504,0.0013464884543783553,0.0006451422465141982,-0.0012129249786354771,0.002302799467460064,1.7683662895482783,0.9812471519249146,0.35104333368815993,0.16819519260116525,-0.3162219673175109,0.6003634113934626,0.013758231414195706,3.586909399450114,3.4007647726344663,0.18614462681564814,1.7773596150136752,0.9958129502582891,0.627592207362502,
118,1.3995841965661184,0.244368601145886,0.8204221812870358,0.24708617423359075,10,3,4.154012821115692,8.229661141487899,ok,29.968242514020954,-0.7712737488473982,-0.4874336511693645,29.94208084018802,-0.810819385851086,-0.617571671956502,0.014853371415627651,2.7944614044950495,0.007072046058791695,0.001852774085335155,0.001774280234896304,0.00011415223342206167,-0.0003714990224866444,0.004411617825669079,1.3305100376950092,0.3485744433260659,0.3338068845406717,0.021476202379160775,-0.06989252817406223,0.829986364728204,0.014588355449344104,2.744600335265805,2.4614926449135224,0.2831076903522826,1.3067248483609097,0.3477332689284261,0.8070345276241865,
119,1.2337511798748257,0.32279168042195583,0.3048607695840264,0.20912860730956212,3,9,4.208056999851623,3.214066417738306,ok,29.416020167197992,-0.39873206955407164,-1.5277314417178234,29.48245617415236,-0.4027135522262853,-1.361768650190238,0.015611578837335539,3.295115655809634,0.006438508192738282,0.004470297360215713,0.003339661649741375,0.0008541432513573646,-0.0024917181420629924,0.0030006865253457927,1.358967556517264,0.9435398540565101,0.7048980440627881,0.18028290598775548,-0.5259237099159385,0.6333510051012543,0.016104304923799228,3.3991123682823328,3.026409551746437,0.3727028165358959,1.3501606352950526,0.9599115115923116,0.7163374048590729,
120,1.1199738630770055,0.12418298932362189,0.41715349985588807,0.14502671285920524,3,8,4.0519613743541285,9.514871160575701,ok,30.638017431403405,0.8717348222306336,1.0192561871257675,30.609336224161833,1.0013240527842555,1.877432313274344,0.02361894807748785,1.888678166767767,0.009087156907019963,0.0025151098320486567,0.0041227584958145385,0.0002475674798117276,0.00083373712278116,0.006812618240011803,0.7266502636770676,0.20111958463302088,0.3296744601984591,0.019796618053781755,0.06666940015509944,0.5447678400503382,0.02421290190480424,1.9361720733783634,1.5026753679717175,0.43349670540664575,0.7446031308773939,0.21021897579022425,0.5478532613040993,
121,1.790010278911371,0.19090144121830865,0.5772631577278531,0.17053291945019652,9,6,2.2531282647405098,2.638302486690426,ok,30.007578071871865,-0.7681448683248927,-0.1498003200509611,29.98697284315897,-0.9269484810555013,-0.07460572033949069,0.014633052422321957,2.757830960583057,0.0077517621169916435,0.0022667685259052245,0.0011924588884464802,7.133658268602403e-05,-0.0002531154047084033,0.0036038417130009877,1.4609425940894818,0.42720850310633174,0.22473780226219742,0.013444511143389504,-0.047703615046202325,0.6792011650278588,0.01431328453537755,2.697563768646743,2.520188756854898,0.17737501179184456,1.42628757413426,0.4214790905098088,0.6724220922108293,
122,1.4909786407963952,0.16030726505529777,0.7373873066248111,0.258871544948592,10,4,2.6339131122691852,1.0813447419272473,ok,30.313710564562378,-0.20490747618342658,0.1379734421238552,30.288331129242007,-0.34692225174630853,0.21463226276102865,0.017800494885426864,2.3946442076012895,0.008256036250776927,0.001766540941596343,0.0019832798601064888,4.068813913061903e-07,-2.014373315546043e-05,0.005814374684711258,1.1106584121913943,0.23764715871733852,0.2668043590711894,5.4736465089507385e-05,-0.0027098726316693985,0.782189413787947,0.017317094942255324,2.3296123387729106,2.0792307460156776,0.25038159275723343,1.078907626089587,0.24331555074218345,0.7570075691839071,
123,1.1003829786226844,0.20066567039082053,0.3426287084719949,0.13654944777467237,5,3,1.8440314893368144,7.792500295232337,ok,30.29741852619069,0.222391699670889,-0.7347114891654423,30.316534002952103,0.11653270338270202,-0.7771903189495889,0.01908590921098017,2.36944778875114,0.0075793698653195294,0.0034024886518246914,0.004065339306340741,2.7866702844971595e-05,-0.00038192339462482495,0.0043927680792750605,0.9409518283350408,0.42240687216927364,0.5046974248620286,0.003459552107573507,-0.0474144319174222,0.5453465431946458,0.018923458444557402,2.349278484700584,1.9020038496040015,0.44727463509658244,0.9014820679633571,0.4150942160785673,0.5854275655620773,
124,1.7127811317966275,0.3362572418626585,0.755405324798113,0.28300048251321397,6,3,3.594583933422305,6.909462189782216,ok,29.151315354167515,-1.4060791843788536,-0.5618149785441786,29.192301542840802,-1.3349967669593912,-0.5209183824643344,0.012129934593600811,3.636255404797842,0.006366376100706127,0.002222320591038783,0.0009244204447267172,0.0004279454314908776,-0.0006283119908766254,0.0028171840165149317,1.9084826324934354,0.666196936018223,0.2771184636244027,0.12828749208904922,-0.1883524478301577,0.8445223284028895,0.012372588949708671,3.708994643896456,3.5101694788675055,0.19882516502895078,2.014538393258192,0.6633370985918248,0.8322939870174886,
125,1.6886413372535978,0.14499981614623692,0.5845415165284051,0.08527108652143224,10,6,1.101015435923918,9.43987601678463,ok,30.379677535973787,-0.3101723369425296,0.45411786435161644,30.369313295757145,-0.4774950336656123,0.6575031604015659,0.016555735186593253,2.2915310784038647,0.008577369413476223,0.0020748718290880923,0.0015094389559548722,5.171293534243148e-07,2.111842215264613e-05,0.004372419436567993,1.1872205227012969,0.2871894981692092,0.20892616604094347,7.157749091603824e-05,0.002923066849295226,0.6052002471522037,0.016254876780326274,2.2498867752487035,2.052190190392072,0.19769658485663172,1.166315104565677,0.28965815327628514,0.59621693255011,
126,1.1622444407143573,0.26632213135475413,0.3596259997550655,0.08504300508182741,9,4,2.790690872073416,9.229808662836827,ok,29.96267258205784,-0.2619194211699978,-1.2512081419262993,29.98817203180874,-0.31378947202691465,-1.1626898358546895,0.016056351597523756,2.732868879071323,0.006853490429855164,0.0036346679553500524,0.003389020404029326,0.0003651773053770803,-0.0014041245161198126,0.003218120019031944,1.166497295167157,0.6186381059608743,0.5768277018882567,0.06215494766333209,-0.23898879948771867,0.5477396278794213,0.01616439371196525,2.7512562748975804,2.3447876045922422,0.4064686703053385,1.131389130181964,0.6109316141370155,0.6024668602732627,
127,0.8345476714680892,0.265783130308171,0.5107338317710515,0.08441300476369502,8,6,1.3421851355719554,5.7252631239602385,error,,,,,,,,,,,,,,,,,,,,,,,,,,,,RuntimeError: trim did not converge
128,1.2127171468973956,0.2331733049415195,0.5175266423707416,0.22012566030294634,8,4,1.5434194639447414,3.3311236889309743,ok,30.128150131913436,-0.30783915998546707,-0.8041631219262781,30.11419772774607,-0.3818687968838541,-0.8555110502802528,0.016546251122568807,2.601291276571943,0.007181312861574619,0.002604496774750219,0.0028777260505554363,0.00012340124472431626,-0.0005986809068052784,0.004357995097769496,1.1289981254828059,0.40946161700498096,0.4524169019448265,0.01940032089695782,-0.09412062036206867,0.6851349316044409,0.01623936397174051,2.5530427657110346,2.181438782203572,0.3716039835074618,1.087293241784778,0.4046075190391129,0.6895380213796813,
129,1.1789432408587408,0.27438251466036534,0.7048111913523243,0.2738091234207996,5,9,4.204962136905542,4.5611869431619585,ok,29.95977158595503,-0.5827017149108594,-0.8528669773574421,29.939098927904404,-0.5692389915233238,-0.9682751788575161,0.015638003408316198,2.781081533300225,0.0067799838854274465,0.002180631119558277,0.002628947791938196,0.00018390614946090726,-0.0006520858667039207,0.0045166203286352916,1.2057605748958997,0.3878060887439279,0.46753527066515427,0.03270609314831649,-0.11596774311047503,0.8032412489574013,0.015489797181760004,2.7547224596313926,2.3598131358517844,0.39490932377960763,1.1848195575143015,0.3857701631464178,0.7892234151910654,
130,1.1898090667731753,0.12692780027969813,0.8354523379163779,0.2949780345941145,3,3,1.2204596949533442,2.0261810156720985,ok,30.496180037136753,0.7465143361923146,0.6806798070555807,30.472641822780556,0.8540114021304104,1.7313568586457204,0.024234912779103855,2.0848387355433515,0.009025276710110424,0.001490782188556803,0.0037256431716331884,7.314346986921008e-05,0.00031082954831458605,0.00960923769061964,0.7764107366814815,0.1282464055592216,0.32050312166713213,0.006292258636344717,0.02673950132952181,0.8266467116696493,0.02451237906877108,2.1087066676971205,1.7200095817411882,0.38869708595593233,0.7908692076123578,0.1395516117692405,0.7895887623595899,
131,1.0067795895492893,0.18758829922388576,0.31898996368826,0.10254178652616215,4,5,4.482437901984573,2.2220489170077586,ok,30.378300832285554,0.5710577136846775,-0.6470750313790573,30.407787898906463,0.4832126209899329,-0.7041784850586462,0.021119923877483127,2.254579464933194,0.007767160114839172,0.003516367778610467,0.005133641171768184,1.4790900857793391e-09,3.1326503386081287e-06,0.00469962068283661,0.8291544892562095,0.3753768541400958,0.5480229016613024,1.5789479893626282e-07,0.0003344145161324124,0.501690647464655,0.02109158030886229,2.251552200474081,1.7205524489695685,0.5309997515045125,0.8002969970204834,0.37083112052814815,0.549424331420937,
132,1.2157612576029357,0.20227162957625175,0.3618680643255676,0.08663053599264844,3,4,1.9720462769218456,4.037640450146016,ok,30.280237912130772,-0.050311027636311734,-0.6452106279918877,30.289710818837037,-0.16742935121495683,-0.6308010397805759,0.017367062203744232,2.3984700075324916,0.007558272633589728,0.0032675009333963047,0.003143967745769073,5.665264911747479e-05,-0.0004687170102703812,0.0038093852521420327,1.0438317089985565,0.4512566890355151,0.4341961959030082,0.007823987624471717,-0.06473194360479902,0.526093369575739,0.017160976329507617,2.3700069810997775,2.0017221580288735,0.3682848230709035,0.9997711031154455,0.44258525243793695,0.5593658024754912,
133,1.433263330190663,0.16568659994514562,0.855290565803559,0.27354906526813144,9,8,4.831221952425098,3.7261527407528106,ok,30.295409780083432,-0.1737079686295117,0.046650756084249845,30.26449746990036,-0.30802542837827696,0.08715197232672973,0.01816333849490293,2.424760270720216,0.008153410352195054,0.0015878333193705466,0.0021559084756881423,9.100098490973515e-07,-2.9696805725969127e-05,0.00629497314352606,1.088459894001835,0.2119717776782028,0.2878083905458552,0.00012148403932870436,-0.003964449306047654,0.8403631737610423,0.017616091840260962,2.3517025902518607,2.0817183602332836,0.2699842300185775,1.0541080860750511,0.21943557188020896,0.8081747022780235,
134,1.5023185702326136,0.17352845924222143,0.390128336602393,0.2692764031751213,9,3,0.5015225057934971,2.095028050020173,ok,30.198621975330063,-0.3006098751650941,-0.0931219250243527,30.191234882454072,-0.4543721536787637,-0.022104172416732876,0.017276069269938434,2.5156952364049845,0.008019624716440313,0.0029571654766091166,0.0019474474370835188,1.7331203570995934e-05,-0.00018345921095097413,0.004517959647185465,1.1677964114215702,0.43061456784685265,0.2835821137360815,0.002523723746615592,-0.02671484212366946,0.657893261777534,0.01695083156310251,2.4683332861168523,2.2210081572868643,0.247325128829988,1.1282876339644545,0.4233378247382798,0.66938269858413,
135,1.5269873093940287,0.3080519915124743,0.7305202371451494,0.13194787578863265,3,7,3.238201597718774,5.287598237909561,ok,29.567907834432987,-1.1967094708811885,-0.6219066752942015,29.58402327406613,-1.1399401517290135,-0.6149084545767612,0.012630959524571399,3.1815816752921138,0.006534501353759843,0.002203485351993828,0.0012460015420634135,0.0003412968575962858,-0.0006350754489578121,0.0029407498681158425,1.6459596536470802,0.5550305662875634,0.3138522980699038,0.0859684354027705,-0.15996761029132106,0.7407383321761176,0.012784180783962705,3.2201739867449453,2.977273159449621,0.24290082729532358,1.6943372439858888,0.5495956911836763,0.7333402242800561,
136,1.0714390094628672,0.2673603656770177,0.8249933222598707,0.17007392503555352,8,4,2.716150188696873,9.398573192315208,ok,30.091151422745153,-0.34852526137322026,-0.8722539678100705,30.063079038356378,-0.3493717814304952,-1.0926538988358285,0.016639507191218508,2.6435567981776065,0.006833175307058481,0.0019180771557351102,0.0033632136656544125,0.00010722374318575752,-0.0005161386272611948,0.004933955946845943,1.0856022854839722,0.3047293315963526,0.534321494464493,0.01703488282239217,-0.08200013144731069,0.7838689352577077,0.01634927755008658,2.5974455573905155,2.1245244162739794,0.4729211411165365,1.0558585348030023,0.3073413896609336,0.7613244918100435,
137,1.012029849833492,0.3068420835497312,0.4310367089208952,0.29739221074911065,4,8,2.493731353464117,2.963003176107481,ok,29.80262222039611,-0.15881158320643168,-1.5369473806930676,29.810727942967894,-0.15715370752821067,-1.492196671219943,0.01732197399967224,2.9263123225030627,0.006525248098391797,0.0033676173475363264,0.004441288702331133,0.0004314115972290846,-0.0017163964147930532,0.004272804668976947,1.1023520713098232,0.5689132278894483,0.7502954257794839,0.07288113196949066,-0.2899618703390288,0.7218323358938449,0.017415085708276073,2.942040254194251,2.4045813835994423,0.5374588705948083,1.0816253444752597,0.5653928984849116,0.757563140639271,
138,1.3108090652551092,0.1241763908524632,0.4050531641375916,0.15918058362157705,3,1,4.904707343876573,2.7099932122413004,ok,30.59014634992426,0.41699702017908136,1.0654774378826175,30.575342239528997,0.44291482404619786,1.7181535725437322,0.021137466635541842,1.9719713769504235,0.009092993729745032,0.0025958600995805176,0.0027732178935220464,0.00014941071266475788,0.0005387505524151875,0.0059872336476143,0.8483099547840979,0.24217480283721032,0.258720990663886,0.013938929099916423,0.050261494766482215,0.5585652047988305,0.021378791478536018,1.9944838492831196,1.673437800722473,0.3210460485606467,0.860438311237424,0.24871446901948374,0.5642850204655653,
139,1.290651035725923,0.34341840794998924,0.8287169694239478,0.12875195666809117,6,4,4.117605514957864,8.024668145386407,ok,29.62054037202842,-1.1571349450966137,-0.6959924593784478,29.637105953946072,-1.0031163290327496,-0.7932377529410797,0.01291903960107564,3.0771926160383853,0.00628386715423634,0.0020929155115456295,0.0016248987827169948,0.0003452665318286331,-0.00072347174629428,0.0032955633670423215,1.4967575148211663,0.49851261061110075,0.3870354678354099,0.08223921089457703,-0.17232410336630563,0.7849719152424367,0.01325820275863928,3.157975885039493,2.822261717459507,0.3357141675799861,1.5549127321520633,0.4951261411463042,0.7722228441611393,
140,0.8975866489294773,0.1988249187870385,0.7500721062717728,0.12582821652692341,7,2,2.7627355710220516,3.326666807630582,ok,30.36221063408469,0.8441323352839464,-0.9932690798734283,30.346813656991777,0.7690501595343434,-1.0860108239344288,0.023095256417211996,2.3272490241455013,0.007599614866036837,0.0018639198777267647,0.006758510692362083,5.434077001581376e-08,-1.4957050830665319e-05,0.0068881136911469595,0.7657934582482071,0.1878223665571523,0.6810375745278402,5.4757783029578575e-06,-0.0015071831773999656,0.6940973322113985,0.022537182626119964,2.2710118123219214,1.6065636230182467,0.6644481893036743,0.7402092702694327,0.1977749706792784,0.6685793820695356,
141,1.075050496988018,0.21113910796877056,0.36112317405789796,0.26257504049615105,9,4,4.043211730303774,3.0369917568303695,ok,30.20397168754466,0.22015566009653054,-0.8776472488506479,30.218974650534047,0.12126199564603417,-0.9538716844949392,0.01962518022864794,2.489117524916433,0.007444567304900591,0.0033305987098422984,0.004282493300363677,4.717700453927921e-05,-0.0005096366591536826,0.0050299805681557775,0.9442156825137394,0.42242932398810773,0.5431608270639983,0.005983593903528302,-0.06463866954900774,0.637966766996067,0.019410564666209197,2.4618955252222006,1.9917860529640357,0.47010947225816524,0.9035862084030991,0.41556963736723435,0.672630207193702,
142,1.1286217105513132,0.25758480828814834,0.445626651069461,0.21779932483423742,3,6,0.9635188369600907,7.628473693903406,ok,30.029673554704743,-0.23665369125350458,-1.119156760403395,30.030682806113926,-0.2847805405138031,-1.1264747588351325,0.016756927782353097,2.6907314773332622,0.006931649903978317,0.0030409474069642167,0.0034458515472160084,0.0002289363528348042,-0.0010017794056414453,0.004111321977001197,1.113044636149255,0.48829791565077496,0.5533151031465288,0.03676128815970697,-0.16085999862948175,0.6601725328564787,0.01663479526720111,2.671118297049787,2.2419347916012233,0.4291835054485635,1.0761528945186865,0.4814788757801132,0.6843030213024238,
143,1.7939462912949082,0.25920915437006536,0.4447702583670101,0.2906644705346906,9,5,1.7722660728958892,9.171049262861699,ok,29.424709693351442,-1.0226777965501133,-0.7176431625561775,29.431233948836514,-1.0919115242292794,-0.5030928322656685,0.0137691363663668,3.395446871947809,0.006967371316073535,0.003062075003562137,0.001167651863026172,0.00042422576180881284,-0.0007968195341601285,0.00294463195605627,1.7181425553056042,0.7551027686755399,0.2879410705467793,0.10461339023788688,-0.19649441495689263,0.7261415021388911,0.013742586753546058,3.3888974449540674,3.2085452973175896,0.1803521476364781,1.7213083037373564,0.7520775829672877,0.7351594106129454,
144,1.6422492093409757,0.1545621505308768,0.6494771987138558,0.16333455119418538,6,4,1.9677889861632338,8.389008412000452,ok,30.31630726177683,-0.34304299803386973,0.27689908546073805,30.29778722950087,-0.5097377496201442,0.39043105187801824,0.016680871025698596,2.3835245576623048,0.00837336015515827,0.0019404863833299589,0.0015871664983661093,6.341318598570593e-07,-2.350428979919103e-05,0.004802728146783592,1.1964668708980044,0.2772755056585879,0.22678973538769842,9.0610907454221e-05,-0.0033585207787095862,0.6862603555892696,0.016281640220766943,2.326476986973375,2.1181252681939338,0.20835171877944136,1.1674606937308765,0.2802354520219839,0.6704291224410733,
145,0.8614330594305348,0.2869550090550458,0.7189892398636712,0.09288885936923355,5,7,2.6639696598074725,3.301353466919785,ok,30.090320521548595,0.23922603288703884,-1.476160200003208,30.065156024376982,0.19934565187042136,-1.6402852249446223,0.019442968232247445,2.6653707796739834,0.006660790941930755,0.0022249418944087548,0.006185084012644254,0.00011873579075389188,-0.0008131856163512851,0.005066601208861074,0.9131053105715654,0.3050097619351035,0.8478922559667791,0.016277088117235786,-0.11147686682319675,0.6945632299064963,0.01895476002079466,2.5984421760500243,1.8724123345313743,0.7260298415186497,0.8847543839514791,0.3089904216587657,0.6786675289211296,
146,1.658295378648798,0.3401164095811958,0.7430042952500535,0.09331127391208943,9,1,2.293088622906985,6.225760471671425,ok,29.263052454715996,-1.392022321359204,-0.5712033010588491,29.30876306117081,-1.3066988208481431,-0.5419868450360766,0.011812510970511567,3.494435637026565,0.006332250284945898,0.0022581166266107244,0.000977874478987339,0.0004373902258096839,-0.0006619353956088526,0.0024688147497667727,1.8732377149553903,0.6680072706208877,0.289279682909294,0.12939094796796313,-0.19581701482429853,0.7303370353973281,0.01209666124556054,3.5784919161825033,3.3683511934741848,0.21014072270831866,1.9781560934039455,0.6652026505227504,0.7249924495474888,
147,1.1135142156618312,0.3394896429638886,0.6112215918639915,0.15317500621988622,3,2,4.187092003364413,4.155865481388145,ok,29.738385450873054,-0.7404205105697097,-1.1267937670946817,29.74194906421142,-0.6181947220119134,-1.1419053887060517,0.014436498551207376,2.9561402342729464,0.006300528901246115,0.0026583640277731187,0.0027676526022318553,0.00044280041405623074,-0.0012258856313071434,0.003493038237207201,1.2901498875304125,0.5443492292794756,0.5667280873493769,0.09067157906062125,-0.25102276874616936,0.7152642197992298,0.014740339714959892,3.018355255447913,2.572541319280731,0.44581393616718273,1.309418356110323,0.5416670792883277,0.7214558838820804,
148,1.2549128473957516,0.16637574276511866,0.410097509894949,0.09736523821430351,3,5,0.8384286081471819,4.842916981588573,ok,30.454546078623878,0.12133102656073658,-0.06388481875910511,30.454576562410637,0.011612128791669235,0.0022876795744111306,0.018455709836966615,2.1889945533617445,0.008123979634863743,0.0027843657230805356,0.0029847404317455677,4.604350831258252e-07,3.545047164266252e-05,0.004526713140550982,0.9635688537277819,0.33024800759395756,0.3540140480103848,5.461127737933436e-05,0.004204709004714594,0.5369043237475267,0.018204647854098036,2.1592151096387835,1.8135565823025623,0.34565852733622054,0.9333284745201805,0.3290020565011785,0.5512260512812035,
149,0.8465365350276083,0.18691475014200493,0.5679417337831367,0.2523900536865706,5,1,0.8764616582798952,2.401265474172008,ok,30.32691217102897,1.2157557310146738,-0.98430889213026,30.322207952580786,1.1733039767195217,-0.9942474887223068,0.026240770381197313,2.338989874899404,0.00778277901240486,0.0022659380482146006,0.008174056085146821,1.0853337079518924e-05,0.00025789374189626413,0.007749250156455246,0.6937235852510799,0.2019760119436493,0.7286003475613626,0.000967419979256978,0.02298754351844447,0.6907349666456102,0.025956725287850684,2.313669717642248,1.5648436763509306,0.7488260412913175,0.6794755098145073,0.21106576966971963,0.6743023968667035,
