rank,population_index,objective,score,finite,wing_span,wing_chord,tail_arm,nose_length,ducks_num,pucks_num,banner_length,batt_capacity,prop_diameter_in,prop_pitch_in,motor_kv,motor_max_power,cruise_throttle,mission3_cruise_throttle,battery_cell_count
1,0,-0.0681198910081744,0.0681198910081744,True,1.3149551649860547,0.17985725002410136,0.8867018718633697,0.2702406959349208,69.0,5.0,4.2872429379180605,2.639873632828494,23.37152837611706,12.12335962572872,362.1726336776046,1002.2971950426652,0.5297514963895082,0.9315527421810418,6
2,48,-0.04892367906066536,0.04892367906066536,True,1.3118142101410777,0.1894470979667924,0.8392027510330081,0.23476839853450654,90.0,18.0,4.401203960346908,2.6753481370077927,22.658830026518718,10.657226047478616,279.3708280660212,1063.3279718458652,0.9795903046615422,0.5084843839005758,6
3,39,2.898880563862491,-2.898880563862491,True,1.168489855175004,0.24882821625288365,0.6264373288097611,0.16684476337960025,68.0,21.0,4.2711981839633335,3.037345392602286,23.9097036991924,13.140391178161481,214.83414579341098,1089.5250975724343,0.8301485153093655,0.659621678982233,7
4,28,8.87823856715595,-8.87823856715595,True,1.087727404609615,0.13424766290932894,0.8354357700114954,0.16800690793646839,56.0,11.0,4.463637844641979,3.8383677855555995,17.640398623717086,12.533860610115614,313.2903606630862,2712.4106931556353,0.8386470530983201,0.7324111080855951,7
5,6,9.948024948024948,-9.948024948024948,True,1.44150722792535,0.20553491757036108,0.897105739462062,0.2531741856453045,84.0,18.0,3.09802760835737,1.6760601801797748,17.997379947382477,11.346468718266491,263.65568581968546,1065.9731653098602,0.8797576489124047,0.9350042166188359,7
6,61,9.95748299319728,-9.95748299319728,True,1.285510905985011,0.18743881977325147,0.871917753420063,0.12830163264831204,100.0,27.0,4.0037473355788675,4.406550289131701,14.426420480012894,7.578687164932489,405.0960234799226,2319.405108690262,0.9008536330609112,0.5786953733854181,6
7,19,11.521369462841307,-11.521369462841307,True,1.1664626305154429,0.13812631064719913,0.8438260328024626,0.1662356231045053,80.0,2.0,4.307714554426483,3.335780353497075,17.771160308548083,13.051336217996647,468.74029683505955,1484.4779215708718,0.5101018780339872,0.7269800258800387,8
8,21,12.853317379947708,-12.853317379947708,True,1.0754549065936876,0.22125953438331386,0.7888675934379155,0.2908357356387395,87.0,26.0,1.5302554168856652,2.9461513636633754,22.913002711339004,12.6012840810528,288.15214602904257,1620.8041980862617,0.8210449444155635,0.7909363420502955,7
9,15,1000000.0,-1000000.0,True,1.1535143200016047,0.3275282767787576,0.8380147235394388,0.1631010562643178,98.0,14.0,3.9749878275486163,2.34348933412689,22.848065483772267,10.68958933323168,228.82019691009356,2868.199287661071,0.9740458969794132,0.6945443745433233,6
10,13,1000000.0,-1000000.0,True,1.4563608321886599,0.2889641651150074,0.8183283628738575,0.23713630226571564,106.0,12.0,2.3921314757317305,2.7028119096614267,19.07573909498751,9.955958275195439,400.8562336241066,1123.5250486719308,0.8330025297224517,0.8077491261226333,6
11,22,1000000.0,-1000000.0,True,1.2817062768152254,0.1929227942422712,0.7682605817914009,0.08839767057448628,116.0,23.0,4.307173462061871,1.4722728409043173,19.21505344456451,8.82998507740442,299.0600652356083,1410.4184564203024,0.9968459644901525,0.5333298577847189,8
12,23,1000000.0,-1000000.0,True,1.3846260798637158,0.28636153537780046,0.6649963094355393,0.2808874130204169,116.0,28.0,3.574734173965866,2.278763213711857,22.818938140411074,12.242156321923298,412.1620789004968,1240.0869418954376,0.8035563454031944,0.778070351161183,8
13,17,1000000.0,-1000000.0,True,1.3189931533601464,0.3133328289538622,0.8234487866399173,0.15275110709072998,135.0,37.0,4.9783927936122465,4.020893988383975,16.165980506408243,9.15720450275921,481.1042124405503,1493.7084200521658,0.9328419523547569,0.6264577050474653,7
14,12,1000000.0,-1000000.0,True,1.5168297733329237,0.3445075109887172,0.4866247141733765,0.22161778021603823,131.0,25.0,3.1370022211159307,1.1825270629487932,17.660567834574874,14.001120601780713,339.17471868917346,2176.275439432619,0.6799723697856696,0.565632493795786,7
15,5,1000000.0,-1000000.0,True,1.1622911264487965,0.18044898196128423,0.5502795894212423,0.2040407742875283,99.0,9.0,3.894829311222179,1.0908999766725411,18.066895199908032,8.65860671363771,408.16520361874393,1223.0656296014786,0.601715097669512,0.6137523300439687,6
16,1,1000000.0,-1000000.0,True,1.3059168441346611,0.21196879117638465,0.5052732292227576,0.2193857293693523,99.0,10.0,3.8835047761394703,2.777827491981279,21.25193402450684,11.16359872829104,333.72475203384454,1776.8343065918864,0.9499180438577749,0.5902831677312312,7
17,30,1000000.0,-1000000.0,True,1.143237472203315,0.20013336203992366,0.3756068526244632,0.1657230981139051,44.0,6.0,0.5974949784576893,1.3337295436148866,19.429808286949992,8.116754206678653,354.4395561304209,1921.1488004394014,0.9911537752486765,0.6958006731696195,8
18,29,1000000.0,-1000000.0,True,1.099777547528674,0.17740783310070637,0.6454368005424278,0.25442311715278626,121.0,23.0,4.437401621190949,2.706327969674021,19.59566108517571,8.12685938179493,311.01697651960217,1734.8255515098572,0.7436101865023375,0.6326906015171802,7
19,27,1000000.0,-1000000.0,True,1.2751256701113554,0.29783692240715026,0.49125447180122134,0.2518298902630489,102.0,15.0,4.64091984769675,2.8011389161945957,14.394301329409412,9.736404089257121,305.15361147843066,1465.394261541061,0.9434650583633362,0.6179837571770055,7
20,26,1000000.0,-1000000.0,True,1.0106736367724192,0.16584500820364312,0.45959591957503854,0.22883177580311895,118.0,36.0,4.49607440667777,4.357920695561916,11.027686847373843,8.820409020841002,241.0610857857787,1166.3597577292853,0.8135195345984089,0.7575691492678976,7
21,31,1000000.0,-1000000.0,True,1.4998852912618383,0.244783770665163,0.8786889890471263,0.2333657542517129,127.0,19.0,3.2479723698146334,1.9536613428544567,18.28028951611564,7.775155711751916,221.12756902351975,2448.8223892678416,0.6828030320332046,0.5152566328212675,7
22,16,1000000.0,-1000000.0,True,1.3563273867089303,0.18072395116090775,0.5522190654650331,0.23142226517455303,104.0,14.0,2.671800355426967,2.858670047482188,24.06210507696374,12.568414376587961,261.5706368962387,2427.3828637661745,0.6127533607040456,0.6603218052853876,7
23,25,1000000.0,-1000000.0,True,1.1477932638376223,0.2609848506910567,0.8329777440280315,0.2662239647276977,132.0,7.0,4.877163725729125,3.465625305820125,17.1912834638641,8.981770358292584,351.22916064501936,1963.2433735269249,0.9109412780512659,0.5780160931613882,7
24,47,1000000.0,-1000000.0,True,1.5195127772961032,0.29899069637507925,0.7597884978071894,0.27960633982963656,96.0,22.0,2.178479904492151,3.3899536991876693,19.801262160763144,8.096599002617209,303.1395073980093,1477.9212627869836,0.8532652989961207,0.7649996815873461,7
25,34,1000000.0,-1000000.0,True,1.4186015177828202,0.19136669751256705,0.8647347139123636,0.2488309691287577,120.0,38.0,2.732337817084044,2.857027479728355,20.500508125799985,8.700330132201763,495.375473696756,2618.316400796175,0.8130200509913266,0.5564748351731155,7
26,35,1000000.0,-1000000.0,True,1.3520979874543506,0.33708295140415434,0.5852009585776248,0.1527389629853437,114.0,30.0,2.3865591165432067,3.9246401719497137,15.704071128338546,11.538653409122043,289.13448185020343,1091.7748345584275,0.9987426918181362,0.6097295684739947,7
27,36,1000000.0,-1000000.0,True,1.2714343641862658,0.13896600613942572,0.4413628561422228,0.23345412954658887,85.0,8.0,2.7325738659981647,3.5452084355535485,13.849431779235601,8.967094270726387,498.6058640293777,1474.7138368559117,0.5145332855513655,0.6602554497206347,7
28,37,1000000.0,-1000000.0,True,1.1698507347293199,0.13981897134178123,0.5324882568536464,0.2912658115493468,146.0,21.0,3.582031380190754,3.9139625588431954,18.874340122565627,10.73993111823799,345.7041857042962,2831.113561987877,0.861933827906505,0.6514793104468664,7
29,32,1000000.0,-1000000.0,True,1.1512072369577924,0.12051830552518367,0.845672650162744,0.27416838907954255,129.0,1.0,4.007079128478769,2.4414885838384754,22.254028254393482,11.881716346368194,340.6007009459609,2179.321049916899,0.90916272772225,0.5646554082254356,6
30,11,1000000.0,-1000000.0,True,1.439651266500623,0.1723850973589125,0.8673706820768081,0.18390749964675546,139.0,7.0,1.421746967413294,2.026991465823423,21.030252815439752,9.72948994748215,290.812757933197,2818.8570046651757,0.8267660923302174,0.6027654530480504,7
31,10,1000000.0,-1000000.0,True,1.2101459582671523,0.22372036712563573,0.5685370821489901,0.15476260037235656,148.0,27.0,3.0246140484780804,4.197976905703924,20.9853474554071,14.514661993256986,272.34785425043657,1506.012417649813,0.9332730602518458,0.7705215017650029,6
32,8,1000000.0,-1000000.0,True,1.4546755119842047,0.2903360360971233,0.5599529309861568,0.18772012552201361,85.0,18.0,2.5214919840847747,3.506578449524138,21.4793026016712,10.741568819951851,210.95388428831836,1052.0901926644492,0.6618721798539691,0.9827317538055416,6
33,59,1000000.0,-1000000.0,True,1.454152720551747,0.1678592871405531,0.3354745230873209,0.21851723426952957,135.0,27.0,1.793533329450246,3.8836036914273913,21.177489791962458,9.167577097192407,345.9812578378316,1385.9439734369516,0.8248213004713606,0.5342865258286805,6
34,56,1000000.0,-1000000.0,True,1.2658727336172015,0.15594657227396963,0.3572570426389574,0.17064398953691126,123.0,31.0,2.9343625376932323,3.6080224830657244,12.587470011785626,6.371038698591292,351.9902404397726,1582.7799029648304,0.8694049529731274,0.7656215033493936,7
35,58,1000000.0,-1000000.0,True,1.4691499632442626,0.3267846082119875,0.44719925666553306,0.10156212968751789,122.0,25.0,4.609005538080652,3.5660177156585027,23.581628470720503,17.862026277929544,493.4012383776547,1461.9700783480635,0.7514408716442964,0.593157316783125,6
36,57,1000000.0,-1000000.0,True,1.498220802755199,0.2260829200300178,0.6700285474852574,0.2534103740678658,85.0,14.0,3.9474184835616892,1.8787942448439456,22.023614551944696,14.22443267609924,272.792307637894,1825.0498867569545,0.8594271481856567,0.6230948497787814,8
37,54,1000000.0,-1000000.0,True,1.095552200272123,0.20388368477548993,0.6397668652117998,0.2619196712023667,93.0,17.0,1.358423116387378,2.360334756331496,21.715677179345917,8.844882595376609,252.28838204565363,1050.103692081556,0.9791255416305906,0.6359641616249676,6
38,53,1000000.0,-1000000.0,True,1.306928538232376,0.22467144775415046,0.6333745010197163,0.19396295665184599,103.0,12.0,1.808591763023287,1.1604665000922978,23.916421770118177,10.20392591764642,282.0640196487763,2450.012780725956,0.9926981093162819,0.6519673340405279,6
39,55,1000000.0,-1000000.0,True,1.1115288203484426,0.3577396452426911,0.7881382897501977,0.26340687224220233,104.0,32.0,1.832086308242343,3.491522483308347,22.72316041901353,12.332314462507624,348.13421001883427,2336.517020639628,0.7820054995308313,0.5988156008534133,8
40,52,1000000.0,-1000000.0,True,1.1682893230935667,0.1488861026375422,0.3521223534452693,0.27320805601596687,143.0,19.0,2.6779135296653407,2.8464657027362836,18.85276900624757,10.54024514816104,310.74027716990395,1187.3331785355113,0.7416053363122046,0.6851546938793194,7
41,63,1000000.0,-1000000.0,True,1.2839299815138587,0.32363646160791826,0.5674592691707556,0.21588866441909668,108.0,5.0,4.741016529609251,3.6959006781024053,10.069104387457001,6.437719543618432,272.3142843159426,1949.2694902815424,0.6154350245995135,0.5119266138732518,6
42,43,1000000.0,-1000000.0,True,1.1035938577521152,0.18332228117993188,0.7503776552555514,0.18839338053579152,98.0,10.0,4.615531336562476,3.8870501175155536,21.287822227350194,9.285983294882845,468.9020300284028,2368.869527651469,0.807535846831726,0.9403817774727941,6
43,46,1000000.0,-1000000.0,True,1.0646793733365127,0.25534290336072446,0.3591107002295576,0.21141560821092853,131.0,27.0,3.491785427899968,1.9570329124107957,16.65054066106677,11.54868502609337,423.0846853926778,2323.478797775823,0.8157550478036563,0.7829399170304379,6
44,44,1000000.0,-1000000.0,True,1.4899522602520885,0.18996989954262972,0.6135022882372141,0.09456297621130945,138.0,4.0,0.5170448054559529,2.869511768221855,23.577493424527347,14.652454727329314,249.99180175364017,1561.2914022058249,0.599836615845561,0.7759248809888959,7
45,49,1000000.0,-1000000.0,True,1.386851042518383,0.27990854228968226,0.47031135745164354,0.22794437610431573,140.0,35.0,4.698696737497151,3.463105629714851,19.17101716595788,10.29022862110358,261.617170175511,2101.457126285361,0.5210146783623788,0.9999884684344773,7
46,51,1000000.0,-1000000.0,True,1.4491481123714882,0.21746280996288164,0.3806661279872059,0.2980294815989073,120.0,23.0,3.548019068614458,2.2059072338466787,23.324973225685113,11.86014552489752,417.20103508056934,2075.2477220304877,0.7612049975438491,0.9356448587708888,6
47,38,1000000.0,-1000000.0,True,1.0052076962273568,0.16991130720824005,0.47425086759030816,0.20719181103382756,144.0,47.0,1.1392866526730359,2.454359344236715,23.582313467114936,10.499179760797709,324.4843543507159,1647.589482182264,0.8860876155820026,0.6933781401278296,7
48,40,1000000.0,-1000000.0,True,1.2230400577802212,0.3341965551608612,0.5883923193603512,0.12111379357855384,89.0,13.0,4.386028064953797,2.6798913593228617,17.739308949836143,10.056798434903678,453.09336611942257,2224.735004708555,0.8468737397144993,0.7863356152766333,8
49,60,1000000.0,-1000000.0,True,1.2181614810403225,0.13342182104394987,0.35847247567184326,0.20434430863879197,134.0,15.0,4.9899157312431175,3.4618412085195986,19.937828886965214,12.393933553974138,274.2025917011991,2903.782261840486,0.9052252481916034,0.7882396295288581,7
50,24,inf,-inf,False,1.2925734700504692,0.226757047213614,0.7923278532922268,0.2701453030668199,135.0,9.0,1.588621936738491,1.8086920040659606,17.950974819250405,6.1003772066906095,459.977865498513,2472.291935235262,0.9262109082192183,0.6603669724427164,7
51,18,inf,-inf,False,1.0880990444645287,0.24660935040563345,0.369335626065731,0.2870719176530838,113.0,41.0,0.9444157481193542,1.096409727819264,20.752093982882798,13.33091973979026,384.33194626122713,1829.6989314258099,0.6209227219223976,0.9140726155601442,7
52,3,inf,-inf,False,1.4635484357327224,0.267927053719759,0.7124334057793021,0.2522696714289486,59.0,32.0,0.8803212204948068,2.6215466521680355,11.623050579801202,7.0752057954669,328.2966973260045,2039.358476176858,0.5416627321392298,0.9644350213930011,7
53,7,inf,-inf,False,0.9456497266218227,0.28817781903740464,0.5757522454485297,0.12234038485214115,18.0,25.0,1.8888337966054678,2.0770425771412517,17.21050896920205,10.55881304844172,323.6258016145092,1258.432362686177,0.9607057026883872,0.62363896894734,7
54,4,inf,-inf,False,1.2717530224986022,0.21716288692014074,0.8252063136526238,0.19195234376389272,56.0,22.0,3.718306541258284,4.497391162440181,22.625545508970532,16.74676551669836,313.2392095452458,1792.0601824084424,0.9494480658322573,0.781613876046789,7
55,9,inf,-inf,False,1.0315178535748273,0.2834026598185301,0.45310854567545206,0.27994316872037245,37.0,20.0,4.898320840308556,2.818251557241955,21.572297453948455,11.509321516280554,313.95583608597735,2645.9637003783528,0.796411588992648,0.8368399343767599,7
56,14,inf,-inf,False,1.2219182577169616,0.204145414505744,0.7980364892517147,0.10759730254449035,74.0,43.0,1.7464856670104543,2.9260754090150476,18.227398755506556,9.573167666219765,373.10139268388684,1850.1362292594372,0.9522481237590468,0.5683990778216815,7
57,2,inf,-inf,False,1.441462933865248,0.12037860600668934,0.7710504328743373,0.2074733085404841,26.0,10.0,2.3304963204065605,2.783552124420298,14.052715726153385,9.885234634391963,237.28535566478968,2991.932664066553,0.9580505726645243,0.6948495918194657,6
58,20,inf,-inf,False,1.2984339393111104,0.18449608637413967,0.7166271144524217,0.2817039270415262,14.0,21.0,1.126036947904031,1.4555109268985689,18.48825211636722,12.820735462703714,334.6479419932166,2904.031267389655,0.8789885157955005,0.5656767538067368,7
59,41,inf,-inf,False,1.0572109049428255,0.19009175174269421,0.4953803536638156,0.15045284472405912,91.0,42.0,3.141627205239531,3.013668201421523,22.512913358348595,9.814489892373034,393.35385548466354,1816.9448808806371,0.7598690952084799,0.8714958606287837,7
60,33,inf,-inf,False,0.9791887549553068,0.2624475521594286,0.3458708921447396,0.09042063796892763,78.0,37.0,3.8918564221821725,1.8444248721934855,12.230663737282157,14.762428239919245,394.4050590507686,2412.9306618124247,0.5772004872560501,0.7019306914880872,7
61,45,inf,-inf,False,1.0953730983249843,0.3220650796219707,0.5633771158754826,0.22505313213914632,70.0,49.0,4.370956787373871,1.5428245295770466,12.899933462031186,5.878659843467176,440.19025657325983,2961.7211148142815,0.9396345079876482,0.5887597831897438,6
62,42,inf,-inf,False,1.1832893151566386,0.14529301203787326,0.3974605148658156,0.212069326415658,44.0,33.0,1.4952113297767937,3.3909648270346224,21.30260845646262,16.31196233537048,203.69973070919514,2737.2052036225796,0.5358665571548045,0.6275506871752441,6
63,50,inf,-inf,False,1.0768797174617648,0.20529504952402805,0.7013051362356698,0.1836444309353301,99.0,20.0,3.550172046273573,2.334432216047607,11.646604062989354,10.898953346491629,353.83078296840984,1288.818959288903,0.9133612557651698,0.5037023848854005,7
64,62,inf,-inf,False,0.9595594900529832,0.1287734257802367,0.7224103029817343,0.27262893931940196,75.0,8.0,3.630627754610032,3.086569443810731,10.671529457904398,11.203605770133436,397.10419587790966,2649.3016313761473,0.8054386493749917,0.6483754767104983,6
