test_name,sample_index,prop_diameter_in,prop_pitch_in,battery_capacity_mah,battery_capacity_ah,battery_cells,battery_voltage_v,motor_kv,motor_max_current_a,motor_max_power_w,motor_no_load_current_a,motor_resistance_ohm,commanded_throttle,commanded_throttle_percent,estimated_rpm,measured_static_thrust_g,measured_static_thrust_n,predicted_static_thrust_n,correction_factor,model_calculated_throttle,model_current_a,model_power_w,model_voltage_required_v,model_voltage_sag_v,raw_load_cell_g,zero_throttle_baseline_g
15x6_4500_run1,27,15.0,6.0,4500.0,4.5,6,22.2,520.0,100.0,2000.0,1.4,0.016,0.36,36.0,4015.890625,590.915,5.794897,8.464973078124993,0.6845735888959944,0.35801117665367804,10.131780909547931,223.14621779571334,7.884975081091228,22.024382464234503,1488.47,897.555
15x6_4500_run1,28,15.0,6.0,4500.0,4.5,6,22.2,520.0,100.0,2000.0,1.4,0.016,0.4,40.0,4472.0,288.935,2.833484,10.645631999999996,0.2661640004088063,0.4000350787480933,12.242934772501854,269.1950681175831,8.795886956360029,21.98778913060997,1186.49,897.555
15x6_4500_run1,29,15.0,6.0,4500.0,4.5,6,22.2,520.0,100.0,2000.0,1.4,0.016,0.48,48.0,5341.0,462.305,4.533663,15.182582,0.29860948552756045,0.4808603499414884,16.599439948297693,363.731515804525,10.536744885326609,21.912276374229506,1359.86,897.555
15x6_4500_run1,30,15.0,6.0,4500.0,4.5,6,22.2,520.0,100.0,2000.0,1.4,0.016,0.55,55.0,6072.1796875,825.785,8.098184,19.5818773125,0.41355503717871633,0.5499005434955297,20.779083176998693,453.81162803630934,12.009733960639672,21.83982922493202,1723.34,897.555
15x6_4500_run1,31,15.0,6.0,4500.0,4.5,6,22.2,520.0,100.0,2000.0,1.4,0.016,0.6,60.0,6574.828125,1131.155,11.092841,23.132585874999997,0.4795331166148757,0.5982254781996164,24.145759850469133,525.9302282219683,13.030232397992123,21.7814734959252,2028.71,897.555
15x6_4500_run1,32,15.0,6.0,4500.0,4.5,6,22.2,520.0,100.0,2000.0,1.4,0.016,0.7,70.0,7625.0,1595.915,15.65058,31.306624999999997,0.49991271815470373,0.7009588840197047,31.89439269084492,690.423144794715,15.173771821515057,21.647163860025355,2493.47,897.555
15x6_4500_run1,33,15.0,6.0,4500.0,4.5,6,22.2,520.0,100.0,2000.0,1.4,0.016,0.74,74.0,8037.0,1977.685,19.394465,34.762201999999995,0.5579181951707203,0.7419261002495738,35.16938155729633,759.3209236538519,16.018479335685974,21.590397386340197,2875.24,897.555
15x6_4500_run1,34,15.0,6.0,4500.0,4.5,6,22.2,520.0,100.0,2000.0,1.4,0.016,0.79,79.0,8494.03125,2324.905,22.79953,39.12502231249999,0.5827352587276561,0.7883104762561036,39.30067407153735,845.702886025191,16.96348626591383,21.518788316093353,3222.46,897.555
15x6_4500_run1,35,15.0,6.0,4500.0,4.5,6,22.2,520.0,100.0,2000.0,1.4,0.016,0.87,87.0,9270.8515625,2659.595,26.081717,46.9070111796875,0.5560302467383461,0.8683550473188071,46.66189837041784,998.1537093247351,18.57515107104207,21.391193761579423,3557.15,897.555
15x6_4500_run1,36,15.0,6.0,4500.0,4.5,6,22.2,520.0,100.0,2000.0,1.4,0.016,0.93,93.0,9864.0,3084.365,30.247288,53.371736,0.5667285770880678,0.9308499106459323,52.76649758518438,1123.154989756034,19.81349473059372,21.28538070852347,3981.92,897.555
15x6_4500_run1,37,15.0,6.0,4500.0,4.5,6,22.2,520.0,100.0,2000.0,1.4,0.016,0.99,99.0,10413.0,3327.395,32.630598,59.957027999999994,0.5442330797317039,0.9902351583266898,59.04643657995526,1250.3985430799685,20.969742985279282,21.17652843261411,4224.95,897.555
15x6_4500_run1,38,15.0,6.0,4500.0,4.5,6,22.2,520.0,100.0,2000.0,1.4,0.016,1.0,100.0,10504.0,3348.675,32.839284,61.081424,0.5376312772275905,1.0001918041034112,60.121745102216174,1272.0492545441775,21.16194792163546,21.157889751561587,4246.23,897.555
15x6_4500_run1,39,15.0,6.0,4500.0,4.5,6,22.2,520.0,100.0,2000.0,1.4,0.016,0.99,99.0,10413.0,3288.965,32.253729,59.957027999999994,0.5379474279478963,0.9902351583266898,59.04643657995526,1250.3985430799685,20.969742985279282,21.17652843261411,4186.52,897.555
15x6_4500_run1,40,15.0,6.0,4500.0,4.5,6,22.2,520.0,100.0,2000.0,1.4,0.016,0.94,94.0,9956.0,3229.715,31.672685,54.374444000000004,0.58249211706882,0.9405988495838575,53.71334847823511,1142.4275236012513,20.00556742180561,21.26896862637726,4127.27,897.555
15x6_4500_run1,41,15.0,6.0,4500.0,4.5,6,22.2,520.0,100.0,2000.0,1.4,0.016,0.84,84.0,8996.6796875,2911.305,28.550149,43.923304296874996,0.6500000274804292,0.8396823456382972,43.844319012968995,940.023594052921,18.002816195553656,21.440031803775202,3808.86,897.555
15x6_4500_run1,42,15.0,6.0,4500.0,4.5,6,22.2,520.0,100.0,2000.0,1.4,0.016,0.69,69.0,7534.0,2152.095,21.104842,30.553781999999998,0.6907440132943281,0.6919519061633108,31.180823901879148,675.3620651155837,14.987354720891604,21.65953238570076,3049.65,897.555
15x6_4500_run1,43,15.0,6.0,4500.0,4.5,6,22.2,520.0,100.0,2000.0,1.4,0.016,0.61,61.0,6711.0,1464.995,14.366693,24.094503999999997,0.5962643182030226,0.6113617360825093,25.057822120920797,545.400147294084,13.306694384703963,21.765664416570704,2362.55,897.555
15x6_4500_run1,44,15.0,6.0,4500.0,4.5,6,22.2,520.0,100.0,2000.0,1.4,0.016,0.38,38.0,4244.3671875,747.445,7.329932,9.5573195234375,0.7669443280644477,0.37904452732515537,11.189310537208645,246.23254897419838,8.341273559941492,22.006051950688384,1645.0,897.555
15x6_4500_run2,21,15.0,6.0,4500.0,4.5,6,22.2,520.0,100.0,2000.0,1.4,0.016,0.42,42.0,4701.0,179.61,1.761372,11.740480999999997,0.15002553983946657,0.4211869149560701,13.302887189872031,292.2566709503271,9.253230810422568,21.969416622042218,1077.99,898.38
15x6_4500_run2,22,15.0,6.0,4500.0,4.5,6,22.2,520.0,100.0,2000.0,1.4,0.016,0.46,46.0,5112.578125,433.88,4.254909,13.834436093750002,0.30755926523974797,0.45941238610624585,15.318269600781273,335.9983291555991,10.076973323227886,21.93448332691979,1332.26,898.38
15x6_4500_run2,23,15.0,6.0,4500.0,4.5,6,22.2,520.0,100.0,2000.0,1.4,0.016,0.51,51.0,5660.0,647.39,6.348727,17.06532,0.372025077760042,0.5108861143326114,18.388643985160353,402.36676452526825,11.178833688377951,21.88126350425722,1545.77,898.38
15x6_4500_run2,24,15.0,6.0,4500.0,4.5,6,22.2,520.0,100.0,2000.0,1.4,0.016,0.56,56.0,6163.5703125,811.73,7.960352,20.2274606875,0.39354183518049174,0.5586676774581213,21.391206208538772,466.9533269765861,12.19527913106739,21.829219092385326,1710.11,898.38
15x6_4500_run2,25,15.0,6.0,4500.0,4.5,6,22.2,520.0,100.0,2000.0,1.4,0.016,0.57,57.0,6300.0,949.8,9.314356,21.191200000000002,0.43953886518932384,0.5717712932593325,22.30499527502744,486.5473396591466,12.472264539785055,21.813380081899524,1848.18,898.38
15x6_4500_run2,26,15.0,6.0,4500.0,4.5,6,22.2,520.0,100.0,2000.0,1.4,0.016,0.63,63.0,6894.6953125,1153.56,11.312559,25.3921276875,0.4455144184537529,0.6291127591168847,26.28819046085942,571.6192996308345,13.679640494489135,21.74433803201177,2051.94,898.38
15x6_4500_run2,27,15.0,6.0,4500.0,4.5,6,22.2,520.0,100.0,2000.0,1.4,0.016,0.68,68.0,7397.34375,1459.39,14.311727,29.42322484375,0.4864091912426811,0.6784452805309686,30.10924549729559,652.7114278567442,14.707408985649037,21.67810641138021,2357.77,898.38
15x6_4500_run2,28,15.0,6.0,4500.0,4.5,6,22.2,520.0,100.0,2000.0,1.4,0.016,0.71,71.0,7717.0,1655.52,16.235105,32.067741,0.5062752939160885,0.7100753086041158,32.615802895074054,705.6317872301452,15.3622374617058,21.634659416485384,2553.9,898.38
15x6_4500_run2,29,15.0,6.0,4500.0,4.5,6,22.2,520.0,100.0,2000.0,1.4,0.016,0.8,80.0,8631.0,1854.93,18.190649,40.432525999999996,0.44990137395818414,0.8022716996084023,40.538790658882185,871.4756644603834,17.246697573619038,21.497327628579374,2753.31,898.38
15x6_4500_run2,30,15.0,6.0,4500.0,4.5,6,22.2,520.0,100.0,2000.0,1.4,0.016,0.93,93.0,9864.0,2606.65,25.562504,53.371736,0.4789520805543968,0.9308499106459323,52.76649758518438,1123.154989756034,19.81349473059372,21.28538070852347,3505.03,898.38
15x6_4500_run2,31,15.0,6.0,4500.0,4.5,6,22.2,520.0,100.0,2000.0,1.4,0.016,0.99,99.0,10413.0,3115.61,30.553697,59.957027999999994,0.5095932540218638,0.9902351583266898,59.04643657995526,1250.3985430799685,20.969742985279282,21.17652843261411,4013.99,898.38
15x6_4500_run2,32,15.0,6.0,4500.0,4.5,6,22.2,520.0,100.0,2000.0,1.4,0.016,0.99,99.0,10413.0,3099.58,30.396496,59.957027999999994,0.5069713595543796,0.9902351583266898,59.04643657995526,1250.3985430799685,20.969742985279282,21.17652843261411,3997.96,898.38
15x6_4500_run2,33,15.0,6.0,4500.0,4.5,6,22.2,520.0,100.0,2000.0,1.4,0.016,0.95,95.0,10047.0,3043.99,29.851345,55.434732,0.5384953425949638,0.9503661294458347,54.721569336576174,1162.9150366605907,20.196698955539063,21.251492798166012,3942.37,898.38
15x6_4500_run2,34,15.0,6.0,4500.0,4.5,6,22.2,520.0,100.0,2000.0,1.4,0.016,0.89,89.0,9499.0,3010.83,29.526156,49.393601000000004,0.597772897748435,0.892319743521662,49.009969585580926,1046.3870547410506,19.05146720567699,21.350493860516597,3909.21,898.38
15x6_4500_run2,35,15.0,6.0,4500.0,4.5,6,22.2,520.0,100.0,2000.0,1.4,0.016,0.73,73.0,7899.9921875,2747.46,26.943379,33.581635367187495,0.8023248035837554,0.7282396549090091,34.05072062721221,735.8288372867485,15.737104198304625,21.60978750912832,3645.84,898.38
15x6_4500_run2,36,15.0,6.0,4500.0,4.5,6,22.2,520.0,100.0,2000.0,1.4,0.016,0.53,53.0,5843.703125,2400.47,23.540569,18.149535843749995,1.297034216338181,0.5282157586574172,19.418996251098555,424.5653615741181,11.548594565017577,21.86340406498096,3298.85,898.38
15x6_4500_run2,37,15.0,6.0,4500.0,4.5,6,22.2,520.0,100.0,2000.0,1.4,0.016,0.17,17.0,1913.90625,1265.48,12.410119,1.9474354687499995,6.372544404752823,0.16885827855273375,3.5962003758281806,79.61148228623843,3.738128148320943,22.13766586015231,2163.86,898.38
14x8.5_4200,29,14.0,8.5,4200.0,4.2,6,22.2,520.0,100.0,2000.0,1.4,0.016,0.41,41.0,4564.234375,287.31,2.817549,10.797740203124995,0.26093876561176826,0.4096838965127535,13.453198850227981,295.29979837370536,8.99262497968057,21.950154878495766,1182.9,895.59
14x8.5_4200,30,14.0,8.5,4200.0,4.2,6,22.2,520.0,100.0,2000.0,1.4,0.016,0.44,44.0,4884.1015625,396.93,3.892554,12.282883554687496,0.3169088091301241,0.4394525256810322,15.038249139215914,329.64922205737804,9.633114991035146,21.920718230271703,1292.52,895.59
14x8.5_4200,31,14.0,8.5,4200.0,4.2,6,22.2,520.0,100.0,2000.0,1.4,0.016,0.51,51.0,5615.2265625,592.99,5.815245,16.3370198046875,0.35595506827576107,0.508615437808073,19.36475724298295,422.9334397941706,11.108348736080034,21.840368794058886,1488.58,895.59
14x8.5_4200,32,14.0,8.5,4200.0,4.2,6,22.2,520.0,100.0,2000.0,1.4,0.016,0.46,46.0,5112.0,831.26,8.151876,13.461079999999999,0.6055885560445373,0.4608544764688265,16.29563956111515,356.83159498079175,10.091499463747073,21.897366693865003,1726.85,895.59
14x8.5_4200,33,14.0,8.5,4200.0,4.2,6,22.2,520.0,100.0,2000.0,1.4,0.016,0.54,54.0,5935.09375,841.06,8.247981,18.165060781250006,0.45405744023238137,0.539103662903834,21.31558836789118,464.7680531998958,11.754691240809336,21.804139073167736,1736.65,895.59
14x8.5_4200,34,14.0,8.5,4200.0,4.2,6,22.2,520.0,100.0,2000.0,1.4,0.016,0.6,60.0,6574.0,1149.91,11.276765,22.444366000000002,0.5024318797866689,0.6010868604091216,25.837335034080525,561.1911485256973,13.05570505285298,21.720163777938502,2045.5,895.59
14x8.5_4200,35,14.0,8.5,4200.0,4.2,6,22.2,520.0,100.0,2000.0,1.4,0.016,0.66,66.0,7168.8671875,1481.61,14.529631,26.684623398437502,0.5444945121785294,0.6595680218557621,30.3063252948123,655.7430592771549,14.271184257601611,21.637168244524915,2377.2,895.59
14x8.5_4200,36,14.0,8.5,4200.0,4.2,6,22.2,520.0,100.0,2000.0,1.4,0.016,0.78,78.0,8356.9453125,1943.55,19.059715,36.524417617187495,0.5218348776909989,0.7797365176187819,40.65185814928121,871.7805988813848,16.721478408273114,21.445036920084778,2839.14,895.59
14x8.5_4200,37,14.0,8.5,4200.0,4.2,6,22.2,520.0,100.0,2000.0,1.4,0.016,0.83,83.0,8859.0,2384.26,23.381603,41.090605,0.5690255229875539,0.8318141621801818,45.46352616990831,970.9043970385,17.763954880256996,21.355677371130273,3279.85,895.59
14x8.5_4200,38,14.0,8.5,4200.0,4.2,6,22.2,520.0,100.0,2000.0,1.4,0.016,0.89,89.0,9407.0,2602.13,25.518178,46.563879,0.5480251763389385,0.8899713231520818,51.247441194999006,1088.9190474183301,18.9103436745046,21.24826180637859,3497.72,895.59
14x8.5_4200,39,14.0,8.5,4200.0,4.2,6,22.2,520.0,100.0,2000.0,1.4,0.016,0.93,93.0,9773.5,2802.25,27.480685,50.3377295,0.5459261924000763,0.9293893839371636,55.238939381139964,1169.6367035307467,19.679015337790545,21.174133982921685,3697.84,895.59
14x8.5_4200,40,14.0,8.5,4200.0,4.2,6,22.2,520.0,100.0,2000.0,1.4,0.016,0.99,99.0,10321.84375,2915.6,28.592269,56.388582687500005,0.5070577701598842,0.9896270483508247,61.666541346410575,1298.3744890600701,20.836364180773337,21.05476423213809,3811.19,895.59
14x8.5_4200,41,14.0,8.5,4200.0,4.2,6,22.2,520.0,100.0,2000.0,1.4,0.016,0.99,99.0,10321.84375,2898.14,28.421045,56.388582687500005,0.504021268942095,0.9896270483508247,61.666541346410575,1298.3744890600701,20.836364180773337,21.05476423213809,3793.73,895.59
14x8.5_4200,42,14.0,8.5,4200.0,4.2,6,22.2,520.0,100.0,2000.0,1.4,0.016,0.98,98.0,10230.453125,2917.57,28.611588,55.332655406250005,0.5170832267118746,0.9794533415679537,60.54182748358084,1275.9584738845351,20.642617557044986,21.075651775304927,3813.16,895.59
14x8.5_4200,43,14.0,8.5,4200.0,4.2,6,22.2,520.0,100.0,2000.0,1.4,0.016,0.96,96.0,10047.671875,2884.77,28.28993,53.22080084375,0.531557765976801,0.9591663057388513,58.29239975792135,1230.985488477304,20.255124309588282,21.117426861638602,3780.36,895.59
14x8.5_4200,44,14.0,8.5,4200.0,4.2,6,22.2,520.0,100.0,2000.0,1.4,0.016,0.92,92.0,9682.109375,2844.1,27.891093,49.396680234375,0.5646349687400789,0.9195342686038726,54.24361737863576,1149.5642910312026,19.487338983827403,21.192618534396765,3739.69,895.59
14x8.5_4200,45,14.0,8.5,4200.0,4.2,6,22.2,520.0,100.0,2000.0,1.4,0.016,0.86,86.0,9133.0,2803.33,27.491276,43.742501,0.6284797478772419,0.860681088474525,48.26334705310918,1028.1869350161735,18.335675091311284,21.303680697585115,3698.92,895.59
14x8.5_4200,46,14.0,8.5,4200.0,4.2,6,22.2,520.0,100.0,2000.0,1.4,0.016,0.76,76.0,8174.0,2341.78,22.965017,34.86053,0.6587684409846896,0.760867503209164,38.898519057750704,835.4467913627506,16.34160707415478,21.47759893178463,3237.37,895.59
14x8.5_4200,47,14.0,8.5,4200.0,4.2,6,22.2,520.0,100.0,2000.0,1.4,0.016,0.68,68.0,7351.6484375,2083.03,20.427546,28.1346270546875,0.7260642183133746,0.6778253884564955,31.829167958643723,687.7928899272989,14.64705214406907,21.608886880768043,2978.62,895.59
14x8.5_4200,48,14.0,8.5,4200.0,4.2,6,22.2,520.0,100.0,2000.0,1.4,0.016,0.6,60.0,6574.0,1535.39,15.057032,22.444366000000002,0.6708602060757697,0.6010868604091216,25.837335034080525,561.1911485256973,13.05570505285298,21.720163777938502,2430.98,895.59
14x8.5_4200,49,14.0,8.5,4200.0,4.2,6,22.2,520.0,100.0,2000.0,1.4,0.016,0.46,46.0,5112.0,918.43,9.006722,13.461079999999999,0.6690935645579701,0.4608544764688265,16.29563956111515,356.83159498079175,10.091499463747073,21.897366693865003,1814.02,895.59
14x8.5_4500,15,14.0,8.5,4500.0,4.5,6,22.2,520.0,100.0,2000.0,1.4,0.016,0.44,44.0,4884.1015625,326.78,3.204617,12.282883554687496,0.2609010323782665,0.4390795849703191,15.038249139215914,329.92921597959236,9.633114991035146,21.939337014920255,1221.63,894.85
14x8.5_4500,16,14.0,8.5,4500.0,4.5,6,22.2,520.0,100.0,2000.0,1.4,0.016,0.47,47.0,5203.96875,497.61,4.879887,13.98668140625,0.3488952710268645,0.46911728341431874,16.85654579667238,369.2901689920747,10.27733694428522,21.90781987285768,1392.46,894.85
14x8.5_4500,17,14.0,8.5,4500.0,4.5,6,22.2,520.0,100.0,2000.0,1.4,0.016,0.52,52.0,5752.0,673.68,6.606544,17.118679999999998,0.38592601766024026,0.5210426062088916,20.198921825543298,441.3441261832114,11.384721210747154,21.849885355023915,1568.53,894.85
14x8.5_4500,18,14.0,8.5,4500.0,4.5,6,22.2,520.0,100.0,2000.0,1.4,0.016,0.56,56.0,6163.0,877.1,8.601413,19.645867,0.4378230291389024,0.5603747511373307,22.883081833609598,498.9280691799361,12.21805238626083,21.8033599148841,1771.95,894.85
14x8.5_4500,19,14.0,8.5,4500.0,4.5,6,22.2,520.0,100.0,2000.0,1.4,0.016,0.64,64.0,6986.0,1196.09,11.729636,25.249674000000002,0.46454603730725386,0.6403165883764157,28.798776198542868,624.9570934250665,13.89539580379207,21.70082121255859,2090.94,894.85
14x8.5_4500,20,14.0,8.5,4500.0,4.5,6,22.2,520.0,100.0,2000.0,1.4,0.016,0.72,72.0,7808.0,1664.57,16.323855,31.754863999999998,0.5140584132245063,0.7221389185317316,35.631262698017316,769.0078592840956,15.585484818552892,21.582391446567698,2559.42,894.85
14x8.5_4500,21,14.0,8.5,4500.0,4.5,6,22.2,520.0,100.0,2000.0,1.4,0.016,0.84,84.0,8950.984375,2168.22,21.262975,41.92720289062499,0.5071403178377646,0.8391464914512616,46.34510000360521,991.63150297807,17.9549530904423,21.39668493327084,3063.07,894.85
14x8.5_4500,22,14.0,8.5,4500.0,4.5,6,22.2,520.0,100.0,2000.0,1.4,0.016,0.9,90.0,9545.0,2454.08,24.066304,47.984865,0.5015394749990439,0.9020051626675096,52.75037912047637,1122.8266398537728,19.199775296696853,21.285660095245074,3348.93,894.85
14x8.5_4500,23,14.0,8.5,4500.0,4.5,6,22.2,520.0,100.0,2000.0,1.4,0.016,0.97,97.0,10184.0,2695.4,26.432844,54.795936000000005,0.4823869419805147,0.9708712321471893,59.97014440712455,1268.999290021168,20.54413769512938,21.160517496943175,3590.25,894.85
14x8.5_4500,24,14.0,8.5,4500.0,4.5,6,22.2,520.0,100.0,2000.0,1.4,0.016,0.99,99.0,10367.0,2883.54,28.277868,56.910318000000004,0.49688473011168205,0.9910334854450781,62.22226421588878,1314.226356080765,20.93209468899268,21.12148075359126,3778.39,894.85
14x8.5_4500,25,14.0,8.5,4500.0,4.5,6,22.2,520.0,100.0,2000.0,1.4,0.016,0.99,99.0,10367.0,2876.44,28.20824,56.910318000000004,0.4956612612848165,0.9910334854450781,62.22226421588878,1314.226356080765,20.93209468899268,21.12148075359126,3771.29,894.85
14x8.5_4500,26,14.0,8.5,4500.0,4.5,6,22.2,520.0,100.0,2000.0,1.4,0.016,0.99,99.0,10367.0,2820.38,27.65848,56.910318000000004,0.4860011500902174,0.9910334854450781,62.22226421588878,1314.226356080765,20.93209468899268,21.12148075359126,3715.23,894.85
14x8.5_4500,27,14.0,8.5,4500.0,4.5,6,22.2,520.0,100.0,2000.0,1.4,0.016,0.99,99.0,10367.0,2811.08,27.567278,56.910318000000004,0.4843985935907088,0.9910334854450781,62.22226421588878,1314.226356080765,20.93209468899268,21.12148075359126,3705.93,894.85
14x8.5_4500,28,14.0,8.5,4500.0,4.5,6,22.2,520.0,100.0,2000.0,1.4,0.016,0.94,94.0,9910.0,2817.33,27.628569,51.74327,0.5339548312273267,0.9410156647515462,56.72554102481865,1203.5320360052954,19.965300964089405,21.216757288903143,3712.18,894.85
14x8.5_4500,29,14.0,8.5,4500.0,4.5,6,22.2,520.0,100.0,2000.0,1.4,0.016,0.93,93.0,9819.0,2613.46,25.629288,50.806243,0.5044515493893141,0.9312660671642221,55.73447326236619,1183.4622269207503,19.774443879890168,21.23393579678565,3508.31,894.85
14x8.5_4500,30,14.0,8.5,4500.0,4.5,6,22.2,520.0,100.0,2000.0,1.4,0.016,0.88,88.0,9316.546875,2495.37,24.47122,45.632483171874995,0.5362675510738484,0.8777167773453423,50.26232936861897,1072.0344815883093,18.72063356797483,21.32878629094394,3390.22,894.85
14x8.5_4500,31,14.0,8.5,4500.0,4.5,6,22.2,520.0,100.0,2000.0,1.4,0.016,0.82,82.0,8768.0,2302.86,22.583342,40.26296,0.5608962182611511,0.8202236835932029,44.59138653895015,955.4633241046148,17.575000646161666,21.427082633324865,3197.71,894.85
14x8.5_4500,32,14.0,8.5,4500.0,4.5,6,22.2,520.0,100.0,2000.0,1.4,0.016,0.77,77.0,8265.5546875,2109.32,20.685363,35.69321988281249,0.5795319970547322,0.7685397746242802,39.775974787077516,855.6030853219089,16.53171307255478,21.510549770357322,3004.17,894.85
14x8.5_4500,33,14.0,8.5,4500.0,4.5,6,22.2,520.0,100.0,2000.0,1.4,0.016,0.71,71.0,7671.515625,1928.94,18.916439,30.672133453125,0.61673046085657,0.7084875943949447,34.49414262034871,745.1459710031168,15.304820945387117,21.602101527913955,2823.79,894.85
14x8.5_4500,34,14.0,8.5,4500.0,4.5,6,22.2,520.0,100.0,2000.0,1.4,0.016,0.67,67.0,7305.0,1678.41,16.459579,27.764564999999997,0.5928268280090109,0.6719512500592401,31.44051632820529,680.845357325099,14.551125184328209,21.65503105031111,2573.26,894.85
14x8.5_4500,35,14.0,8.5,4500.0,4.5,6,22.2,520.0,100.0,2000.0,1.4,0.016,0.62,62.0,6757.609375,1459.63,14.314081,23.694562234375,0.6041082700077818,0.6180563035892508,27.157112610066456,590.1044146780009,13.429916445991832,21.729276714758846,2354.48,894.85
14x8.5_4500,36,14.0,8.5,4500.0,4.5,6,22.2,520.0,100.0,2000.0,1.4,0.016,0.57,57.0,6254.9609375,1205.69,11.82378,20.272029023437497,0.5832558737129836,0.5692700123166932,23.54409374097622,513.0705923148848,12.405476533509466,21.79190237515641,2100.54,894.85
14x8.5_4500,37,14.0,8.5,4500.0,4.5,6,22.2,520.0,100.0,2000.0,1.4,0.016,0.47,47.0,5203.96875,825.28,8.093232,13.98668140625,0.5786384750555275,0.46911728341431874,16.85654579667238,369.2901689920747,10.27733694428522,21.90781987285768,1720.13,894.85
14x8.5_4500,38,14.0,8.5,4500.0,4.5,6,22.2,520.0,100.0,2000.0,1.4,0.016,0.28,28.0,3147.6796875,243.44,2.387331,5.117317757812502,0.46651998429359043,0.2795371447115722,7.315527598723241,161.47708566149615,6.170278609848802,22.07319752162213,1138.29,894.85
14x7_4200,12,14.0,7.0,4200.0,4.2,6,22.2,520.0,100.0,2000.0,1.4,0.016,0.31,31.0,3513.0,121.57,1.192194,5.8716659999999985,0.2030418623947616,0.3117970500789124,7.6237421853834615,168.16767825291348,6.877749105735367,22.058416216557163,1021.49,899.92
14x7_4200,14,14.0,7.0,4200.0,4.2,6,22.2,520.0,100.0,2000.0,1.4,0.016,0.38,38.0,4244.3671875,162.74,1.595934,8.507827445312499,0.1875841994044321,0.3783166324302482,10.266041747612693,225.94885398110398,8.326501259307957,22.009344938972905,1062.66,899.92
14x7_4200,15,14.0,7.0,4200.0,4.2,6,22.2,520.0,100.0,2000.0,1.4,0.016,0.43,43.0,4792.7109375,282.08,2.76626,10.8366433515625,0.2552690819709538,0.42873162033044376,12.565235573397386,276.01607703628673,9.417795572058974,21.966645625065475,1182.0,899.92
14x7_4200,16,14.0,7.0,4200.0,4.2,6,22.2,520.0,100.0,2000.0,1.4,0.016,0.47,47.0,5249.0,454.83,4.460359,13.020016999999998,0.3425770488625323,0.47110812580619776,14.722510078176185,322.81432382261704,10.329790930481588,21.926581955691013,1354.75,899.92
14x7_4200,17,14.0,7.0,4200.0,4.2,6,22.2,520.0,100.0,2000.0,1.4,0.016,0.5,50.0,5569.0,606.49,5.947635,14.694576999999999,0.404750337488449,0.5010843516843573,16.37791996710777,358.6082926814541,10.97166210408911,21.895838629182283,1506.41,899.92
14x7_4200,18,14.0,7.0,4200.0,4.2,6,22.2,520.0,100.0,2000.0,1.4,0.016,0.55,55.0,6072.1796875,707.89,6.942029,17.4007621484375,0.39894970925876133,0.5484707764795598,19.04776530824799,416.12235309725503,11.98203287473966,21.846255787132538,1607.81,899.92
14x7_4200,19,14.0,7.0,4200.0,4.2,6,22.2,520.0,100.0,2000.0,1.4,0.016,0.61,61.0,6711.9140625,1015.0,9.95375,21.3959033203125,0.4652175629598339,0.6096648316926626,22.949427558064432,499.6961618916632,13.27471788419826,21.77379634535023,1914.92,899.92
14x7_4200,20,14.0,7.0,4200.0,4.2,6,22.2,520.0,100.0,2000.0,1.4,0.016,0.65,65.0,7123.171875,1281.4,12.566241,24.09292296875,0.5215739500059493,0.6493753187578535,25.578369231955218,555.6893846017473,14.10766135963436,21.72497314283512,2181.32,899.92
14x7_4200,21,14.0,7.0,4200.0,4.2,6,22.2,520.0,100.0,2000.0,1.4,0.016,0.67,67.0,7351.0,1447.89,14.19895,25.753790000000002,0.5513343861233627,0.6716562892049043,27.191177161008717,589.913159402654,14.571597296114602,21.695020995581267,2347.81,899.92
14x7_4200,22,14.0,7.0,4200.0,4.2,6,22.2,520.0,100.0,2000.0,1.4,0.016,0.68,68.0,7443.0,1562.23,15.320243,26.42447,0.5797748450583872,0.6806710863001726,27.842450262048906,603.7057865664418,14.758940742654321,21.682925923704804,2462.15,899.92
14x7_4200,23,14.0,7.0,4200.0,4.2,6,22.2,520.0,100.0,2000.0,1.4,0.016,0.71,71.0,7762.0,1679.18,16.467131,28.749979999999994,0.5727701723618591,0.7120069601968889,30.100668949351295,651.4082027819134,15.408533780112696,21.640987576654904,2579.1,899.92
14x7_4200,24,14.0,7.0,4200.0,4.2,6,22.2,520.0,100.0,2000.0,1.4,0.016,0.72,72.0,7854.0,1768.05,17.338648,29.420659999999998,0.5893357932826796,0.7210668425674982,30.751942050391484,665.1304489210934,15.595877226652417,21.62889250477844,2667.97,899.92
14x7_4200,25,14.0,7.0,4200.0,4.2,6,22.2,520.0,100.0,2000.0,1.4,0.016,0.76,76.0,8265.0,1951.24,19.135128,32.704905000000004,0.5850843474396271,0.7620481193597217,33.93561110158835,731.9832320111225,16.437200546856182,21.569767222399072,2851.16,899.92
14x7_4200,26,14.0,7.0,4200.0,4.2,6,22.2,520.0,100.0,2000.0,1.4,0.016,0.8,80.0,8631.1171875,2164.51,21.226592,35.7718686796875,0.5933878431140834,0.798936595672359,36.90617122960159,794.0214996217655,17.18880102332747,21.51459967716454,3064.43,899.92
14x7_4200,27,14.0,7.0,4200.0,4.2,6,22.2,520.0,100.0,2000.0,1.4,0.016,0.86,86.0,9225.15625,2395.05,23.487417,41.0041365625,0.5728060378542449,0.8595778467680839,41.983493143139334,899.2992934141213,18.412420986444076,21.420306555913125,3294.97,899.92
14x7_4200,28,14.0,7.0,4200.0,4.2,6,22.2,520.0,100.0,2000.0,1.4,0.016,0.93,93.0,9910.0,2783.5,27.29681,47.51974,0.5744309627956719,0.9309142447109887,48.32324675303763,1029.4092632062718,19.83086425574091,21.302568274586445,3683.42,899.92
14x7_4200,29,14.0,7.0,4200.0,4.2,6,22.2,520.0,100.0,2000.0,1.4,0.016,0.96,96.0,10184.0,3061.43,30.022373,50.34756,0.5963024424619584,0.9600274874964739,51.08015766938066,1085.5232536918588,20.401897907325477,21.251368500425787,3961.35,899.92
14x7_4200,30,14.0,7.0,4200.0,4.2,6,22.2,520.0,100.0,2000.0,1.4,0.016,1.0,100.0,10550.3203125,3159.26,30.981757,54.2726821484375,0.5708536186817508,0.9994050455044838,54.910117255669114,1163.009499216701,21.16763940012917,21.180240679537572,4059.18,899.92
14x7_4200,31,14.0,7.0,4200.0,4.2,6,22.2,520.0,100.0,2000.0,1.4,0.016,0.99,99.0,10458.9296875,3119.47,30.59155,53.293431601562496,0.5740210206149138,0.9895562815126161,53.95460813326509,1143.7290196947927,20.976600052247626,21.197985848953646,4019.39,899.92
14x7_4200,32,14.0,7.0,4200.0,4.2,6,22.2,520.0,100.0,2000.0,1.4,0.016,0.99,99.0,10458.9296875,3080.26,30.207032,53.293431601562496,0.5668059100760622,0.9895562815126161,53.95460813326509,1143.7290196947927,20.976600052247626,21.197985848953646,3980.18,899.92
14x7_4200,33,14.0,7.0,4200.0,4.2,6,22.2,520.0,100.0,2000.0,1.4,0.016,0.99,99.0,10458.9296875,3116.91,30.566445,53.293431601562496,0.5735499494294871,0.9895562815126161,53.95460813326509,1143.7290196947927,20.976600052247626,21.197985848953646,4016.83,899.92
14x7_4200,34,14.0,7.0,4200.0,4.2,6,22.2,520.0,100.0,2000.0,1.4,0.016,0.98,98.0,10367.5390625,3126.95,30.664904,52.314181054687495,0.5861680978613416,0.9797239928413886,52.999099010861066,1124.4146288303732,20.785560704366084,21.215731018369723,4026.87,899.92
14x7_4200,35,14.0,7.0,4200.0,4.2,6,22.2,520.0,100.0,2000.0,1.4,0.016,0.92,92.0,9819.0,3006.03,29.479084,46.653966,0.6318666241579548,0.9213898813205844,47.48083915495304,1012.2066419125849,19.642385734171558,21.3182129871223,3905.95,899.92
14x7_4200,36,14.0,7.0,4200.0,4.2,6,22.2,520.0,100.0,2000.0,1.4,0.016,0.86,86.0,9225.15625,2684.4,26.324971,41.0041365625,0.6420076901235201,0.8595778467680839,41.983493143139334,899.2992934141213,18.412420986444076,21.420306555913125,3584.32,899.92
14x7_4200,37,14.0,7.0,4200.0,4.2,6,22.2,520.0,100.0,2000.0,1.4,0.016,0.81,81.0,8722.5078125,2379.11,23.331099,36.5374479453125,0.6385530547979396,0.8081742670030096,37.64768612146722,809.4564497338483,17.3764164635204,21.500828686315607,3279.03,899.92
14x7_4200,38,14.0,7.0,4200.0,4.2,6,22.2,520.0,100.0,2000.0,1.4,0.016,0.74,74.0,8037.078125,2066.6,20.266423,30.795603453124997,0.6580946864979669,0.7391787875504324,32.086324432475024,693.1965183972047,15.969300662073447,21.604111117682606,2966.52,899.92
14x7_4200,39,14.0,7.0,4200.0,4.2,6,22.2,520.0,100.0,2000.0,1.4,0.016,0.67,67.0,7351.0,1724.44,16.91098,25.753790000000002,0.6566404401060969,0.6716562892049043,27.191177161008717,589.913159402654,14.571597296114602,21.695020995581267,2624.36,899.92
14x7_4200,40,14.0,7.0,4200.0,4.2,6,22.2,520.0,100.0,2000.0,1.4,0.016,0.59,59.0,6529.0,1231.63,12.078164,20.253604999999997,0.596346378829843,0.5921265732457482,21.83385690795388,475.8583019320032,12.905110941296494,21.794514085995143,2131.55,899.92
14x7_4200,41,14.0,7.0,4200.0,4.2,6,22.2,520.0,100.0,2000.0,1.4,0.016,0.48,48.0,5341.0546875,861.85,8.451861,13.5017391796875,0.6259831335444016,0.479722797576699,15.198723328207459,333.12163577121106,10.514438587674396,21.91773799533329,1761.77,899.92
14x7_4200,42,14.0,7.0,4200.0,4.2,6,22.2,520.0,100.0,2000.0,1.4,0.016,0.21,21.0,2370.859375,245.0,2.402629,2.7208440625000003,0.8830454611913283,0.20932858243373903,4.4122912449527325,97.59131123453105,4.6299416118423204,22.11805744830802,1144.92,899.92
13x10_4200,12,13.0,10.0,4200.0,4.2,6,22.2,520.0,100.0,2000.0,1.4,0.016,0.53,53.0,5843.703125,178.465,1.750144,15.084990515624998,0.11601889959342068,0.5284211409761346,19.10078164777272,417.2617551888021,11.543503131364364,21.845271197969936,1077.43,898.965
13x10_4200,13,13.0,10.0,4200.0,4.2,6,22.2,520.0,100.0,2000.0,1.4,0.016,0.63,63.0,6894.6953125,498.535,4.888958,21.0182336015625,0.2326055601378678,0.6294527488832685,25.81530487739662,560.7232117683932,13.67207432515373,21.720572909419776,1397.5,898.965
13x10_4200,14,13.0,10.0,4200.0,4.2,6,22.2,520.0,100.0,2000.0,1.4,0.016,0.74,74.0,7991.3828125,885.915,8.687858,28.27719590625,0.30723902146463383,0.7377522380353949,34.00733886513264,733.4850824388824,15.91216129203443,21.56843513536182,1784.88,898.965
13x10_4200,15,13.0,10.0,4200.0,4.2,6,22.2,520.0,100.0,2000.0,1.4,0.016,0.82,82.0,8813.0,1245.115,12.210407,34.552824,0.35338376394357807,0.8213032311208303,41.11170406156144,881.290917679535,17.605864188061904,21.436496924571003,2144.08,898.965
13x10_4200,16,13.0,10.0,4200.0,4.2,6,22.2,520.0,100.0,2000.0,1.4,0.016,0.94,94.0,9956.0,1593.365,15.625573,44.213204,0.35341417464339386,0.9409217675519117,52.04922590567757,1105.1805509261228,19.978941460644688,21.233371518894558,2492.33,898.965
13x10_4200,17,13.0,10.0,4200.0,4.2,6,22.2,520.0,100.0,2000.0,1.4,0.016,0.99,99.0,10413.0,1815.815,17.807062,48.551431,0.366766985714592,0.9902914364236204,56.97603067906487,1204.580045453465,20.936616490865035,21.141873715960223,2714.78,898.965
13x10_4200,18,13.0,10.0,4200.0,4.2,6,22.2,520.0,100.0,2000.0,1.4,0.016,0.99,99.0,10413.0,1791.165,17.565328,48.551431,0.3617880593467987,0.9902914364236204,56.97603067906487,1204.580045453465,20.936616490865035,21.141873715960223,2690.13,898.965
13x10_4200,19,13.0,10.0,4200.0,4.2,6,22.2,520.0,100.0,2000.0,1.4,0.016,0.99,99.0,10413.0,1749.915,17.160804,48.551431,0.3534561937010672,0.9902914364236204,56.97603067906487,1204.580045453465,20.936616490865035,21.141873715960223,2648.88,898.965
13x10_4200,20,13.0,10.0,4200.0,4.2,6,22.2,520.0,100.0,2000.0,1.4,0.016,0.92,92.0,9773.0,1758.245,17.242493,42.63775699999999,0.40439493569044926,0.921565827053401,50.265467296081134,1068.9704830695523,19.598478245968067,21.26649846450135,2657.21,898.965
13x10_4200,21,13.0,10.0,4200.0,4.2,6,22.2,520.0,100.0,2000.0,1.4,0.016,0.78,78.0,8402.640625,1360.505,13.341996,31.414395499999998,0.42470962078515884,0.7794386061402281,37.558718475537276,807.6056282486122,16.75986377445475,21.502480942597163,2259.47,898.965
13x10_4200,22,13.0,10.0,4200.0,4.2,6,22.2,520.0,100.0,2000.0,1.4,0.016,0.45,45.0,5021.0,681.505,6.683281,11.079249,0.603225092242263,0.45089867403873535,14.531212218313797,318.67144028808383,9.888268626262251,21.930134630231315,1580.47,898.965
