case,label,changed_group,percent_change,run_dir,score,ground_score,m1_score,m2_score,m3_score,ducks_num,pucks_num,payload_count,banner_length_m,wing_span_m,wing_chord_m,wing_area_m2,resolved_fuselage_width_m,m1_lap_time_s,m2_lap_time_s,m3_lap_time_s,m1_mass_kg,m2_mass_kg,m3_mass_kg,nfev,nit,success,regime
baseline,baseline,baseline,0.0,data_dump\opt_sensitivity\baseline\run_20260810_101010,5.364358508916554,0.056818181818181816,1.0,2.0,2.3075403270983723,74,21,95,1.3785309928806293,1.4545448973744872,0.3732148951151236,0.5428578213138575,0.23520000000000002,27.083629628903623,32.422060851405995,31.110562437530234,3.8315772113652766,8.73357721136526,4.0621138330005495,6480,40,False,cargo
mission_time_limit_m25,mission_time_limit -25%,mission_time_limit,-0.25,data_dump\opt_sensitivity\mission_time_limit_m25\run_20260810_101059,5.263112190943354,0.045871559633027525,1.0,2.0,2.2172406313103266,92,26,118,0.9792401797532906,1.4884179233321781,0.32249362075203747,0.48000528528762265,0.2882,27.482367176034188,34.158945110911986,32.71459015875365,3.778413283591568,9.854413283591548,3.9938219966816977,5520,40,False,cargo
mission_time_limit_m10,mission_time_limit -10%,mission_time_limit,-0.1,data_dump\opt_sensitivity\mission_time_limit_m10\run_20260810_101200,5.337600302954885,0.0556792873051225,1.0,2.0,2.281921015649763,77,19,96,1.1972904803489666,1.5185375024653969,0.34344529544356817,0.5215345611763663,0.2882,27.723820845150634,32.90328325008411,33.351692580670935,3.6348650866925354,8.250865086692519,3.857900020980803,6233,40,False,cargo
mission_time_limit_p10,mission_time_limit +10%,mission_time_limit,0.1,data_dump\opt_sensitivity\mission_time_limit_p10\run_20260810_101257,5.372068619595446,0.061124694376528114,1.0,1.9853166038750887,2.3256273213438288,72,14,86,1.9334337247847357,1.510244118784537,0.39221808803870994,0.5923450607413775,0.23520000000000002,27.354395873508235,31.354983803248516,40.92888144449772,3.753808546576693,7.429808546576678,4.013877006616379,7354,40,False,cargo
mission_time_limit_p25,mission_time_limit +25%,mission_time_limit,0.25,data_dump\opt_sensitivity\mission_time_limit_p25\run_20260810_101349,5.3484030856336355,0.05868544600938967,1.0,2.0,2.2897176396242456,76,13,89,1.305507558845128,1.4864123601702584,0.3665184509868365,0.5447975557772908,0.2882,27.778903633856274,31.794896758103388,30.758806759268463,3.8663590111796293,7.444359011179613,4.093746152337216,6523,40,False,cargo
ground_best_time_m25,ground_best_time -25%,ground_best_time,-0.25,data_dump\opt_sensitivity\ground_best_time_m25\run_20260810_101445,5.240225621955496,0.043503480278422275,1.0,1.9718830627044035,2.2248390789726704,77,13,90,1.129695510289582,1.43269163380825,0.35553892637097084,0.5093776453048573,0.2882,28.439838324518107,32.773502634130864,36.2209791681717,3.5636166956171187,7.159616695617102,3.7841241013695774,5018,40,False,cargo
ground_best_time_m10,ground_best_time -10%,ground_best_time,-0.1,data_dump\opt_sensitivity\ground_best_time_m10\run_20260810_101544,5.330508387225379,0.06446991404011461,1.0,1.99566431604438,2.2703741571408838,57,19,76,1.564331697972924,1.4782519694666014,0.39660492674091286,0.5862820140549116,0.23520000000000002,27.706244430648646,32.54779154869905,39.20111258470013,3.4174378755081607,7.673437875508148,3.6567607819273955,4728,40,False,cargo
ground_best_time_p10,ground_best_time +10%,ground_best_time,0.1,data_dump\opt_sensitivity\ground_best_time_p10\run_20260810_101625,5.325038836776216,0.05623721881390594,1.0,2.0,2.2906010500583367,82,24,106,1.3171016800346882,1.52164271633661,0.3840067722811191,0.5843211080654961,0.23520000000000002,29.55532504314065,35.364513289412024,33.05821735230221,4.22651729870758,9.782517298707562,4.454393046478834,5520,40,False,cargo
ground_best_time_p25,ground_best_time +25%,ground_best_time,0.25,data_dump\opt_sensitivity\ground_best_time_p25\run_20260810_101743,5.422189384574664,0.06868131868131869,1.0,2.0,2.3646503876389655,80,16,96,1.8541109227220036,1.5046068519224818,0.38816507676010475,0.5840358341702697,0.2882,27.18349016133788,31.612532021492164,36.59407348172361,3.878139039583215,8.038139039583198,4.1333797612456555,5994,40,False,cargo
m2_best_profit_m25,m2_best_profit -25%,m2_best_profit,-0.25,data_dump\opt_sensitivity\m2_best_profit_m25\run_20260810_101819,5.357750361584526,0.0496031746031746,1.0,2.0,2.3081471869813512,91,14,105,1.7825108283025188,1.4770022594362928,0.38873569094094507,0.5741634938433043,0.2882,30.607079498201117,35.36956283844184,42.15097389121346,3.8262182064099686,7.844218206409949,4.077274851289463,6183,40,False,cargo
m2_best_profit_m10,m2_best_profit -10%,m2_best_profit,-0.1,data_dump\opt_sensitivity\m2_best_profit_m10\run_20260810_101908,5.401782396708851,0.06142506142506143,1.0,2.0,2.3403573352837905,71,15,86,1.7271343489957773,1.4924713042525126,0.3730064784106073,0.5567014653281158,0.2882,28.8698086874044,33.22307854422426,36.627687889677716,3.7804778598105537,7.608477859810538,4.028411472421525,7353,40,False,cargo
m2_best_profit_p10,m2_best_profit +10%,m2_best_profit,0.1,data_dump\opt_sensitivity\m2_best_profit_p10\run_20260810_102030,5.244780164966481,0.04734848484848485,1.0,2.0,2.230787261004975,91,22,113,1.3249152525559087,1.431235818315415,0.38680477304181826,0.5536088458728151,0.2882,28.28889367491263,34.551061821185684,39.43339633823271,3.705553156608236,9.083553156608216,3.9337606255298967,6430,40,False,cargo
m2_best_profit_p25,m2_best_profit +25%,m2_best_profit,0.25,data_dump\opt_sensitivity\m2_best_profit_p25\run_20260810_102118,5.30827286724749,0.05165289256198347,1.0,1.9826343812310667,2.2739855934544404,81,24,105,1.237377455243772,1.49996187527013,0.39555572268270167,0.5933185035689768,0.2882,26.281665813714888,31.81930817265663,31.835863452259247,4.016040065275753,9.554040065275736,4.240643306051733,6195,40,False,cargo
m3_best_lap_time_m25,m3_best_lap_time -25%,m3_best_lap_time,-0.25,data_dump\opt_sensitivity\m3_best_lap_time_m25\run_20260810_102217,5.2706244349387354,0.05219206680584551,1.0,2.0,2.2184323681328895,83,19,102,1.4819767050178871,1.5091793960289976,0.390572274552749,0.5894436294151896,0.2882,26.466952194396686,31.392961861539572,34.751166770254805,3.94240503175905,8.666405031759032,4.1776965768854115,7012,40,False,cargo
m3_best_lap_time_m10,m3_best_lap_time -10%,m3_best_lap_time,-0.1,data_dump\opt_sensitivity\m3_best_lap_time_m10\run_20260810_102319,5.283274650247202,0.061274509803921566,1.0,2.0,2.2220001404432805,67,22,89,1.133669388611982,1.3128891191032797,0.3826513559451172,0.5023788016304604,0.23520000000000002,27.000712884477075,32.75184530304024,30.20562936664124,3.762535814437389,8.708535814437374,3.9831877498762496,5179,40,False,cargo
m3_best_lap_time_p10,m3_best_lap_time +10%,m3_best_lap_time,0.1,data_dump\opt_sensitivity\m3_best_lap_time_p10\run_20260810_102402,5.44145070300504,0.04940711462450593,1.0,2.0,2.3920435883805338,86,23,109,1.6643265748744862,1.516183074991683,0.39750609025386535,0.602692006249027,0.2882,31.092810932610362,37.84568914169101,36.48624971853743,3.9362545156188475,9.39425451561883,4.18076527609093,6882,40,False,cargo
m3_best_lap_time_p25,m3_best_lap_time +25%,m3_best_lap_time,0.25,data_dump\opt_sensitivity\m3_best_lap_time_p25\run_20260810_102500,5.435590400903802,0.05186721991701245,1.0,2.0,2.38372318098679,83,20,103,1.6282934608911397,1.5135259348912042,0.3881727034271636,0.5875094538538439,0.2882,27.505088908773267,32.4024300410951,35.17067400410789,4.265863173791879,9.15986317379186,4.508467458314908,6531,40,False,cargo
m3_best_banner_m25,m3_best_banner -25%,m3_best_banner,-0.25,data_dump\opt_sensitivity\m3_best_banner_m25\run_20260810_102558,5.464819600493087,0.047080979284369114,1.0,2.0,2.465221044935589,97,13,110,2.0161441605753736,1.4704164264256812,0.3825512594260298,0.5625096558098664,0.2882,28.33284000050798,32.814019129256344,38.954215347408024,4.0558574788191635,8.011857478819143,4.321175208843974,6359,40,False,cargo
m3_best_banner_m10,m3_best_banner -10%,m3_best_banner,-0.1,data_dump\opt_sensitivity\m3_best_banner_m10\run_20260810_102642,5.365925993936591,0.05197505197505198,1.0,2.0,2.3139509419615387,81,23,104,1.4223934673036192,1.444123103306999,0.3981805330915583,0.5750217071246164,0.2882,29.07120894192612,35.210179503615294,34.23139932968975,3.8836395045836127,9.251639504583595,4.116150286650366,5742,40,False,cargo
m3_best_banner_p10,m3_best_banner +10%,m3_best_banner,0.1,data_dump\opt_sensitivity\m3_best_banner_p10\run_20260810_102721,5.353707532410617,0.06476683937823834,1.0,2.0,2.2889406930323783,65,18,83,1.8491371475535132,1.5118428406532727,0.3934653861312877,0.5948578270674627,0.23520000000000002,27.412300722974145,32.06591973202763,41.369010352535746,3.6343754333331293,7.864375433333115,3.88932017873849,6482,40,False,cargo
m3_best_banner_p25,m3_best_banner +25%,m3_best_banner,0.25,data_dump\opt_sensitivity\m3_best_banner_p25\run_20260810_102809,5.302063589184649,0.054466230936819175,1.0,2.0,2.248267430478746,79,19,98,1.572956590364787,1.4854357504244486,0.38262595471116195,0.568366272168246,0.2882,29.46299539216158,34.52837140342183,35.53382869610639,3.965419905170442,8.617419905170426,4.205177618094241,7363,40,False,cargo
all_refs_m25,all_refs -25%,all_refs,-0.25,data_dump\opt_sensitivity\all_refs_m25\run_20260810_102938,5.319201093993316,0.03964059196617336,1.0,2.0,2.2795605020271426,83,17,100,1.216531941233169,1.4953140111353773,0.31530249302359775,0.4714762355641003,0.2882,29.82715016431789,34.94230102116137,31.739763773403084,3.896924285865045,8.280924285865026,4.1207055508044546,5927,40,False,cargo
all_refs_m10,all_refs -10%,all_refs,-0.1,data_dump\opt_sensitivity\all_refs_m10\run_20260810_103040,5.336893600797838,0.04945054945054945,1.0,2.0,2.2874430513472888,80,16,96,1.4971008769752454,1.4795489932359556,0.3659087189012573,0.5413798766666135,0.2882,25.99999938894942,30.38727338282189,33.890732871278544,3.963389826887285,8.123389826887268,4.19940537663561,7000,40,False,cargo
all_refs_p10,all_refs +10%,all_refs,0.1,data_dump\opt_sensitivity\all_refs_p10\run_20260810_103206,5.218205640252431,1.0,1.0,1.0150983931232869,2.203107247129144,3,1,4,0.8445261107067179,1.0747781797073033,0.32997896935095694,0.3546541960207135,0.0762,32.05574453540796,32.52482805559088,32.15201858000682,2.7231049210340776,2.947104921034077,2.934565698547046,5498,40,False,mixed
all_refs_p25,all_refs +25%,all_refs,0.25,data_dump\opt_sensitivity\all_refs_p25\run_20260810_103249,5.380595615619862,0.06390593047034765,1.0,2.0,2.316689685149515,85,19,104,1.433284577637534,1.3776513370123258,0.39694745040707663,0.546855185776943,0.2882,26.380433456027017,31.529697398133106,31.580813581605966,4.06985420394473,8.829854203944711,4.302864755017488,6263,40,False,cargo
