rank,population_index,objective,score,finite,wing_span,wing_chord,tail_arm,nose_length,ducks_num,pucks_num,banner_length,batt_capacity,prop_diameter_in,prop_pitch_in,motor_kv,motor_max_power,cruise_throttle,mission3_cruise_throttle
1,0,-5.3484030856336355,5.3484030856336355,True,1.4864123601702584,0.3665184509868365,0.7783088911058906,0.2811399134835907,76.0,13.0,1.305507558845128,3.9246097922103527,15.250940270822927,9.738831583343396,409.77056616662776,1623.2097964017914,0.863778225960776,0.9661729921167965
2,249,-5.340258041788125,5.340258041788125,True,1.3664560258059133,0.3646574445591205,0.7544853160648372,0.2667023987595507,83.0,11.0,1.374772903019061,3.1142811945280866,16.471713562987137,10.161345210745285,342.7422324707243,2407.1116748767936,0.8667279666864363,0.9955922896999134
3,57,-5.334588315150364,5.334588315150364,True,1.355014846575812,0.3965601872390354,0.7192221028931138,0.2135594554216406,78.0,12.0,1.464575528220465,3.0203616507840274,16.637530660681094,9.889996718069897,355.332368962382,1281.2353393467279,0.9145403424354817,0.881462542260514
4,170,-5.329356627851173,5.329356627851173,True,1.5206789987072282,0.39081786096163473,0.7570078114832743,0.23328537616465103,61.0,15.0,1.4102143752145926,4.167603853536622,16.066514305077607,10.583628962290367,412.30911690344425,1223.4815564649305,0.8890200848560827,0.7837436267141691
5,251,-5.313640408059298,5.313640408059298,True,1.4308773041597949,0.38873407247420705,0.8134581413446489,0.2660224558034349,84.0,14.0,1.549808371465931,3.098396939283291,14.332368285061326,9.586425826087366,395.6818932891992,1658.9572589087543,0.9787261014757365,0.8536444285628606
6,80,-5.30291174997242,5.30291174997242,True,1.389766545150847,0.3897178341629356,0.6281938161635378,0.24240401533635497,59.0,13.0,1.5306509737891436,2.4353734070629285,13.737389525836537,9.803402097865607,350.8098989192863,1245.8716978810655,0.9364307215102938,0.9302780188259284
7,106,-5.300898400197787,5.300898400197787,True,1.3543611657026227,0.3406145710051857,0.7810655036073382,0.2356091396325262,80.0,11.0,1.173699044755078,2.594250657158741,14.919414942222271,10.985544298047332,330.0311307614905,1424.2456392586082,0.8857267082764422,0.9885352970094928
8,187,-5.297065754707301,5.297065754707301,True,1.4251283779012818,0.37398700236944393,0.7865641266357903,0.2850366888578997,72.0,14.0,1.4032404303404966,3.081961362775339,15.863649359128704,9.693385917288708,344.07413677279123,1001.8936859735016,0.9362310864873393,0.872780512477864
9,114,-5.296680927861247,5.296680927861247,True,1.3843721868121335,0.36408747418656606,0.667986174782276,0.12684835898645241,72.0,11.0,1.169219121103059,3.0184511808948824,18.352205333434394,12.232817733483378,312.5118371999636,1119.8496629401877,0.8916742544046257,0.9472660821952371
10,182,-5.293464069203165,5.293464069203165,True,1.4702004713527483,0.39728980923823554,0.8147818987972484,0.26644065163462277,88.0,12.0,1.4549972591149818,3.570307467785238,15.474662009243064,8.62951902229765,394.21719454530154,2699.367076251476,0.7347194598148428,0.8915963134901079
11,49,-5.2895368897807264,5.2895368897807264,True,1.4892752070652135,0.3768526360533728,0.7334052262437485,0.19603333483999077,75.0,15.0,1.1360284846100894,3.4162784873806666,15.447364485160751,9.507227293966128,344.0522105164342,1404.270817418068,0.9042952642048225,0.9535923672508796
12,208,-5.28674495772165,5.28674495772165,True,1.5110156273538278,0.3464620734117748,0.7298507679325075,0.14394767103663447,76.0,10.0,1.2685791738791037,3.4565452991070544,20.044525967551934,10.788455995813326,321.6488953714372,1211.0208303282602,0.8868763649145907,0.950306046962657
13,162,-5.286739330185924,5.286739330185924,True,1.4349037131493567,0.3935823958413742,0.7767070958209584,0.23562006436140998,71.0,15.0,1.2080000558948134,4.26779132756403,16.907899759944897,11.428788012252145,442.50812825670045,1822.7671277069114,0.7148899146891855,0.6235571453776348
14,180,-5.282775664283685,5.282775664283685,True,1.5110372727295451,0.3982072969839752,0.8747525893224453,0.28948613636935183,84.0,7.0,1.3692317442541682,2.4338727083849805,13.795006398521206,10.39004330682857,322.54055136710934,1853.6735111638166,0.9904495774496821,0.9319154951113338
15,56,-5.280589269353908,5.280589269353908,True,1.5006992249418214,0.3834513888179542,0.8270871475710402,0.12481442641072484,95.0,13.0,1.4008262713616026,3.1077264371739255,14.860110497913034,8.766019354542518,330.1698306905675,1244.1197504558256,0.9350956345085211,0.941000725436169
16,129,-5.280479645300443,5.280479645300443,True,1.409768862175708,0.3557281086759197,0.8674769573448342,0.23837560577170905,87.0,10.0,1.2146882381533843,1.805139109632835,12.760078584244216,9.698879006689113,379.4251718352754,1418.8395934703958,0.9324353809292851,0.9194167815648766
17,199,-5.280249317486104,5.280249317486104,True,1.3154975917901737,0.3913387974858623,0.7690036747273832,0.24861082358086506,65.0,12.0,0.9582159967848631,3.533584092895152,14.867822567746689,9.864981346347207,412.90007798470526,1703.6583569355153,0.9020706637299736,0.9082641534176359
18,250,-5.276919562492022,5.276919562492022,True,1.3570890718643804,0.33977343141074967,0.8514655177759396,0.21425301034669628,94.0,13.0,1.007545144181194,3.341731243842935,13.929097094733677,10.984680096848033,390.9828701085649,2585.406004990628,0.8289693822237696,0.957767479959327
19,127,-5.2717752604692265,5.2717752604692265,True,1.4803240393625599,0.37931205324432904,0.8876204709918514,0.22955355568065278,62.0,10.0,1.426161488228368,2.922787081305375,19.321077058875808,11.076323434208525,328.60234814302703,1514.8603400520337,0.9153819150040459,0.770050837025539
20,75,-5.271700550608868,5.271700550608868,True,1.5027878732597486,0.3857940335332537,0.6759492593622699,0.27430276018322197,67.0,11.0,1.235210255840799,1.8490772129020876,17.617318966210618,10.986599353136175,304.7403271538052,1821.4693287619723,0.8915234564912076,0.7122962167578027
21,245,-5.270075158531701,5.270075158531701,True,1.436575101755618,0.35748540955010466,0.6678077801446839,0.19924983789493486,64.0,14.0,0.9899947292346276,3.234611618641903,14.54027813564062,7.484694606627398,399.82842600614214,1869.2806014880189,0.9667271768212149,0.9553886620378688
22,53,-5.269649045723889,5.269649045723889,True,1.3599074878698674,0.3936150138519803,0.8760638574729658,0.16015129412327073,101.0,11.0,1.3164273863926863,1.7839557439396398,18.456502823323593,9.395097862348855,303.7879310804653,1123.5389583266501,0.9492127603655247,0.8879256643147929
23,48,-5.264175512382448,5.264175512382448,True,1.4909351729627425,0.33104987589307894,0.8729053233111951,0.2988042718281385,89.0,8.0,1.310198265951874,2.5711480935999362,14.935701699317649,11.473910274733548,359.23382261497136,2239.607500422299,0.9275705753825605,0.8431805048901723
24,226,-5.262566651929905,5.262566651929905,True,1.5104683435149506,0.357198681412093,0.8361535202443804,0.23797771999951725,78.0,19.0,1.0240779341860202,3.731930357642916,12.427902559190743,8.973930475345151,377.6317456841347,1855.8346831478736,0.9623322560191363,0.9690642601230518
25,71,-5.261049993543875,5.261049993543875,True,1.372569677803621,0.3570144802263569,0.8408492814041998,0.16686652954084352,63.0,13.0,1.0176367477903963,2.7676880964092,12.813275934726168,8.440636424514402,498.53071582350884,1124.2589811011285,0.9798511322571191,0.7043044157182039
26,99,-5.254633945370233,5.254633945370233,True,1.470752494490212,0.39923105540112896,0.8056278870345852,0.21971509718129034,81.0,11.0,0.8919507509197346,3.7926477157569582,18.22611415168638,11.713039548895036,422.47366026494416,2000.7583160920954,0.7395083467584452,0.677064673542217
27,136,-5.2534905178071725,5.2534905178071725,True,1.4295519537351968,0.3893985253511445,0.744165383943914,0.23661972116611885,72.0,14.0,1.030431554560912,2.6887412301128313,16.140592165055917,8.725106878096309,343.0168115059625,2520.9489092441977,0.9051460425408169,0.9389365049331269
28,206,-5.24920245766072,5.24920245766072,True,1.5139922672760728,0.39432537621933533,0.8709694942965729,0.2812449408173949,74.0,7.0,1.171157892953215,4.21489960413419,18.26740476658509,11.622974942584142,335.08872868870174,2930.3405926957,0.9961090125825837,0.9527944732757894
29,160,-5.246483949588807,5.246483949588807,True,1.3665346532514997,0.3727659206972336,0.8223413925419788,0.22678180077375737,87.0,12.0,0.9356764419021275,2.7799689848440816,19.488961215743608,12.22891447635685,295.0997591792254,1443.3998150893099,0.8430240222730335,0.8545915430840656
30,113,-5.245376498708993,5.245376498708993,True,1.2013162061696172,0.37456545818644066,0.7587456795360796,0.28763929638275143,67.0,16.0,0.8491785839894621,2.674372272736227,15.081399445573993,8.96214272356897,417.21229443727253,1465.6568379982655,0.8768655713337767,0.8771855496825514
31,26,-5.244641383884694,5.244641383884694,True,1.3439816696338847,0.3852400584255553,0.7668280349729484,0.2825655660644969,75.0,12.0,0.9759659902471387,2.418053765926313,14.716126828055806,8.158520388439722,400.9397945365691,2060.812108389697,0.9403932149423917,0.83905180235994
32,45,-5.239354551846706,5.239354551846706,True,1.4808740345868594,0.3730038221135861,0.7683624636268386,0.22826350432099943,68.0,15.0,0.7904602029578929,3.5943948580730956,15.237486259143866,6.10766284129388,487.00254029677143,1137.9259649273686,0.9318598512257243,0.9898522394729641
33,107,-5.234745890057123,5.234745890057123,True,1.4184953977745833,0.3747910941524536,0.8455856992744264,0.21361331959348198,92.0,18.0,0.8321393771207024,4.282693546630504,19.049100281679316,12.550874622076577,325.5612240988462,1685.426523731027,0.926028124824533,0.8900703485880223
34,94,-5.228472966854508,5.228472966854508,True,1.399505686513372,0.376384879682977,0.8083483984642021,0.14054157655948107,73.0,14.0,0.8144268292646137,3.3313099327120876,21.768263028065203,11.393555721689907,312.4420278495345,1947.0613124353174,0.8993219275758381,0.7531621428774069
35,158,-5.226669686894441,5.226669686894441,True,1.376825649676538,0.3821035089973503,0.732027975684009,0.21667597274990386,65.0,13.0,0.8772337209048744,3.226232631922885,18.239458012734403,14.249278958714012,293.0198996066526,1902.1070626392584,0.7690658760191061,0.7872793097696861
36,37,-5.225530802412685,5.225530802412685,True,1.3722023806018593,0.3474347149763604,0.7524290795150618,0.261668522170804,67.0,13.0,0.848415446824913,2.8945159624292076,19.114899816648258,11.588079786856483,328.0684163925549,1168.546435028236,0.8532273106888507,0.7188812260930721
37,190,-5.224372441680616,5.224372441680616,True,1.4672147412691592,0.39068011102413214,0.728326129721681,0.28124756512922405,77.0,13.0,0.8152375961497635,3.0209634201696054,14.258161891671499,9.636269367599432,339.22337518087573,1449.964642119145,0.9105494657695434,0.9619059673101854
38,252,-5.221203826377234,5.221203826377234,True,1.3229127346753515,0.36742166999737286,0.8856431804458539,0.22391398409778443,102.0,15.0,0.8452772925026999,2.8104165064409283,12.900459327153543,8.22619875408205,419.45037575138673,2212.6838607043064,0.9612286129051779,0.9324178347366873
39,246,-5.21883845676428,5.21883845676428,True,1.4570220127636462,0.38119146425445727,0.8119892659159953,0.23011738542702315,64.0,11.0,1.302740889117084,2.4386544459664714,17.02113023935867,9.999964455287365,314.83206228182036,1779.84396007474,0.8654239940282001,0.9903109734917077
40,85,-5.216923572859667,5.216923572859667,True,1.4645828293817977,0.3885685275433937,0.8327733267748162,0.22523668678016195,76.0,20.0,0.7228528762290525,3.18829242266438,19.436335002964505,13.026718310415617,282.0770001697958,2339.0169287957724,0.8950228797010206,0.9158238721769583
41,219,-5.2155557675042346,5.2155557675042346,True,1.3643703830619092,0.397763569096067,0.8825446713824487,0.24637722595677408,55.0,17.0,0.676664725567115,2.111439118721158,13.321401710009997,8.994166534342163,428.3370920735341,1543.6003140780022,0.9425428179107234,0.7906237530914823
42,7,-5.212667050691948,5.212667050691948,True,1.4720456774851316,0.38282821677247836,0.838345919675124,0.2184472640159279,73.0,9.0,0.6712914837749189,2.182284594814564,13.451375890472203,9.885594648791212,381.2272403521523,1786.9456227186013,0.8277415384634845,0.9846939139096444
43,3,-5.211883028426319,5.211883028426319,True,1.4413420631727842,0.3945233591993369,0.7312262250779732,0.2017196422248096,60.0,14.0,1.2600415184026552,3.3505295811349214,14.25856110206018,10.641830342276533,385.3727197179939,1591.291389410824,0.8281871985057201,0.683634019457722
44,239,-5.20265908708528,5.20265908708528,True,1.4462328526693473,0.38481874910168207,0.882613497777947,0.23183091117082877,76.0,18.0,0.8711977695875934,1.4585789819135175,15.92534500514052,9.263348768375469,371.80260897810507,2514.057627646356,0.8031635905797307,0.6710189191140415
45,109,-5.202170995946556,5.202170995946556,True,1.3724641080708369,0.3851806802671587,0.7132577499428107,0.2959945593134656,62.0,13.0,0.8056095300156887,3.229129708608343,14.836862362000385,10.119862495989116,392.03688585228883,2530.2073215286005,0.8291149400614408,0.9301365655618465
46,111,-5.201454482841871,5.201454482841871,True,1.4268759190631526,0.3745451075428955,0.7339094833092938,0.21795191162556193,83.0,3.0,1.4786134638597388,4.007869765599077,15.769861461114932,9.181176577981685,412.09788550588877,1556.2192347589967,0.9776057537462535,0.9795927109608302
47,225,-5.2005503972990095,5.2005503972990095,True,1.3776283054979137,0.3823989272752805,0.68806401415505,0.239375447479997,53.0,14.0,1.2275112343706613,3.3713420595034966,15.16045415096156,9.30431503336828,396.56211445512884,1066.4865362684097,0.8617599111187446,0.8217183068887208
48,179,-5.196189962138934,5.196189962138934,True,1.4808075115680488,0.3334394617557046,0.7934620259301509,0.2600303316406635,77.0,9.0,0.5673482904938623,2.6826018273020584,15.929117569007868,11.982149524232716,331.80998099452876,1809.1320041452934,0.9498411780628765,0.9415911297288744
49,132,-5.196152040196566,5.196152040196566,True,1.3331627886240667,0.36683934889947534,0.82079301442902,0.19649809628255852,65.0,11.0,0.8163367486383482,2.7749759318288367,17.097172211968026,10.165173655090658,369.23583775863693,1410.7096128427434,0.7968611619246847,0.8779429197434461
50,58,-5.19440333200823,5.19440333200823,True,1.317324975875311,0.334655811014654,0.8807408920353496,0.18395733232558262,77.0,9.0,0.8051576673446799,3.406702294655065,18.91362011090711,12.83165789642426,304.5622720681438,2162.1365328796933,0.9055218907579926,0.9361203951004838
51,214,-5.192873034110262,5.192873034110262,True,1.4513106817758894,0.3797735382924213,0.7422381802782669,0.1512389364745256,68.0,9.0,0.9548465451195689,3.6847754928520233,18.920620350113165,10.393799300334656,356.30610281376283,1129.5260753015132,0.9132278695514,0.9551909699769001
52,234,-5.192060584581333,5.192060584581333,True,1.2645728071862004,0.3995388460833738,0.8301031774365137,0.21183335683938012,67.0,9.0,1.3860847967170977,3.2751438814753193,15.412843715954665,8.607897851854087,421.4635466396793,2917.2849461900364,0.9383051114769136,0.9300029306948455
53,60,-5.189625350343238,5.189625350343238,True,1.5028178863417647,0.3301417190635361,0.8684163281623691,0.2545755938511395,72.0,10.0,1.1590416097164546,4.066207882894758,16.35789994107259,10.43416760665905,431.51215467390125,1364.6391163537942,0.7889161644835632,0.6536714302177072
54,168,-5.18862084393364,5.18862084393364,True,1.3662407427066627,0.3485522835477485,0.7188111228571088,0.2677089287642022,53.0,14.0,1.1311171196436962,3.628926594202098,19.088535669883708,10.680332960516322,328.50341020250517,1027.6478088027393,0.9044900935766288,0.9178251762486447
55,93,-5.188616425560921,5.188616425560921,True,1.248941703053189,0.3607175466098791,0.6906630233964572,0.19577043362292776,68.0,13.0,0.7184973206197087,3.6182794916708705,21.626338883077104,12.25286210029295,303.86215079859824,1677.2907789550648,0.8977617848785081,0.9015296453118794
56,230,-5.186958630508512,5.186958630508512,True,1.4647696407450395,0.38374680995990673,0.6570233802153019,0.29503454866539525,53.0,17.0,0.6559010304431792,1.0480958704685326,12.228367578126235,8.252421178708873,380.9902283104962,2639.5247134637066,0.9139403222247169,0.7356629738912965
57,221,-5.183523995574002,5.183523995574002,True,1.4829515865215899,0.38268387282508604,0.7739986530462961,0.18512505513095745,84.0,8.0,0.8383438356826913,2.127095882162176,12.62027745564065,8.165459584872721,385.92585174377916,2518.207594060099,0.9093647939946831,0.7672017942329272
58,143,-5.1833855528382475,5.1833855528382475,True,1.5108500859240248,0.3186091597945958,0.8439734315435895,0.23013000193383376,83.0,10.0,0.9026923913043796,4.253325510264046,12.844562671745976,9.44104232089322,470.57390918096235,2057.7617799008076,0.7138229496565438,0.9759845524661179
59,157,-5.18263665978117,5.18263665978117,True,1.4188373570998913,0.308659311221554,0.8486950224565197,0.1983091276265032,88.0,15.0,0.8199975170777791,3.3112169063876102,18.23162594358553,7.931837204608299,396.4266373481296,2550.441251283891,0.9772163417775128,0.9305308973365471
60,11,-5.180076399128655,5.180076399128655,True,1.4318283896030413,0.34539640054956705,0.7962465928852694,0.21652912615259473,45.0,10.0,1.1131245142412969,3.143072440916411,17.86914986360671,13.024855185648226,348.43355469555786,1041.4454323863215,0.9243261165573737,0.8030480857871269
61,17,-5.179457231174083,5.179457231174083,True,1.3542708703100361,0.39248862960264763,0.7849293087416765,0.24953117600782268,61.0,16.0,1.099095817062047,2.5188926657208297,14.351732561374408,10.02923392605349,387.5330670212627,1868.9726948988875,0.9019541563825945,0.6730376962414204
62,19,-5.173483205303643,5.173483205303643,True,1.3475393994181795,0.38353156887524725,0.826725271597214,0.22685968297102344,69.0,10.0,1.4777744333939187,2.681804878838226,17.526854262364683,10.403035115250287,315.89344661683646,1673.1168174461595,0.7944587886400071,0.7910801181341236
63,112,-5.171611947185585,5.171611947185585,True,1.3868767647544522,0.3811501510617804,0.7341906932875863,0.27930316485736456,64.0,13.0,1.2317251054384835,4.483997939393439,15.091376309931945,9.44025215519335,413.9146941602723,1466.7978694663739,0.8610220995293235,0.8131149072247571
64,118,-5.170123600770115,5.170123600770115,True,1.4536278878630198,0.39432635383243975,0.8740820197034929,0.23140038014064906,81.0,24.0,0.5309570260417078,2.8209084769972694,12.91301218362927,10.136728918152059,379.0940874575437,2632.325233157231,0.9399032009752147,0.9383150080980462
65,119,-5.169400373868928,5.169400373868928,True,1.3584798367088224,0.3728929771086209,0.6469749392558528,0.2846840055465441,54.0,12.0,0.6597639764900016,2.8827895832824484,15.842956678678547,9.723599084421437,382.6249820407244,1794.8443424173706,0.9506959182594584,0.9735174689160014
66,116,-5.160379650897755,5.160379650897755,True,1.4986514588670767,0.3806227014749618,0.8618596431012893,0.24527905269443856,79.0,18.0,0.5199343273331309,2.332934111338079,15.16568152212254,9.283138054238599,358.2490634004789,2727.1056167706447,0.9035290430618137,0.8455037666826273
67,16,-5.158350474732405,5.158350474732405,True,1.480482547257952,0.3196509225735811,0.6963408245928245,0.20375597197554415,63.0,9.0,1.529189425204764,2.0752079928199887,16.385017467080047,10.946947270130032,265.8418789134821,1802.1329593620624,0.9646875039250951,0.9959697601707258
68,78,-5.155247202973745,5.155247202973745,True,1.245947305001886,0.37530631893016747,0.6916204177693961,0.18421442352334752,69.0,9.0,1.0710901557075436,3.996707711729405,20.850790507290856,11.737012828477285,346.21957160474045,1388.581966293266,0.8720925268577078,0.8315558850583784
69,33,-5.1515026948751395,5.1515026948751395,True,1.4246374926361236,0.39638456774297426,0.6997316265012532,0.2689488749270307,72.0,6.0,0.9399430880559385,3.284293670169012,16.95379433803156,12.35136339717561,330.97391855105855,2596.077553914016,0.8953218780992598,0.8514149704860623
70,101,-5.1499688026022135,5.1499688026022135,True,1.409970543090445,0.3879292677780204,0.7935885144356273,0.186602619816964,68.0,10.0,1.2153605108071504,1.2178511122718234,12.245117555844176,7.096906472606425,410.7677319087914,2214.6775920633695,0.8638635299460465,0.8433864730596237
71,222,-5.139188730209761,5.139188730209761,True,1.4332580439244604,0.3618850643220257,0.8435747426284761,0.28038922703354635,83.0,7.0,1.339894103966627,3.1046889629581,17.057940473598894,9.920592185871563,366.08440102071455,2621.740100198832,0.8909160285307609,0.9177453808768206
72,169,-5.138480204128957,5.138480204128957,True,1.4814675512987374,0.34889516980643587,0.6720547424144787,0.16914573341700198,65.0,9.0,0.7885082674176396,3.05547425357125,14.164784562889578,10.326975692002264,357.01986267535864,1475.9555033025956,0.973658727364208,0.7964397419575835
73,236,-5.1299663685450145,5.1299663685450145,True,1.4337073306152348,0.3360527033837182,0.8828874859599904,0.23547522894123926,76.0,4.0,1.2388922537705498,3.5159901416332966,19.22280489983166,11.569752585754001,353.5965058021153,1227.987775276054,0.8754980326960122,0.8323285259478841
74,192,-5.129659633276493,5.129659633276493,True,1.3704139661095487,0.3749803249938773,0.6869399576353803,0.22026128379213727,74.0,10.0,0.6521536939728612,2.8119653757094487,13.604737255280767,7.6557187669810105,481.89243453056224,2353.5245909768237,0.745557076061129,0.9166974041332152
75,155,-5.1142996987258,5.1142996987258,True,1.3743001855752353,0.34735921266907854,0.7906337737518035,0.2759064810066061,66.0,13.0,0.5507892990236609,2.913984017647102,11.57974550211781,7.625023013588146,425.4276658771124,1701.0818395416904,0.9869076987060172,0.9614747097317964
76,64,-5.1082651232129725,5.1082651232129725,True,1.4863765160317548,0.3142911439197691,0.6895901184879322,0.2600344184293432,50.0,8.0,1.430210298380456,2.256583337003276,14.033876296167167,10.473382880807637,420.61707111511873,2645.436514153826,0.7911273068184043,0.7373773949305384
77,98,-5.104697119032821,5.104697119032821,True,1.4756869171943867,0.3311317829793225,0.812521929751479,0.29554181415422637,48.0,7.0,1.2609069666849142,3.449454761328571,13.239272816204844,10.561162508455928,429.6121390277316,2419.060969864625,0.990462739570227,0.8251141041937053
78,86,-5.102693071724705,5.102693071724705,True,1.4720867531580644,0.3807232211089386,0.8004914467751933,0.2811650163613184,60.0,12.0,0.7226640412523428,2.3519093028695464,17.378736616709453,9.813757805030887,289.6743080757791,2786.6402536855862,0.979389502085617,0.9612410812156573
79,97,-5.098750546662084,5.098750546662084,True,1.396847217787753,0.3872368149524903,0.8064605548769337,0.23309423478837477,69.0,10.0,0.7095261913271593,3.555229820079643,15.837516864708327,11.561086494384284,421.7399866840393,2373.5105345033153,0.678767154323435,0.5745450062755254
80,144,-5.095940776779064,5.095940776779064,True,1.2690116168461905,0.39200178120029905,0.7144749136826452,0.19779355620938846,81.0,5.0,1.1200900295488485,1.0363607490801403,15.40488090724861,9.098762039770307,282.2441338211499,1506.968742597261,0.998241362731338,0.9872369471011437
81,238,-5.095248801796941,5.095248801796941,True,1.2254899572199456,0.38431072524963733,0.8074530252167853,0.26933507063938666,58.0,6.0,1.3319163148593094,2.6161502563308723,14.410366304437702,11.301737882130475,338.6309788094141,2929.0408949813173,0.9962857075640886,0.9986503178552131
82,134,-5.0952487394792305,5.0952487394792305,True,1.2976746627402358,0.3742219343760498,0.6294215075229614,0.2799028881174027,66.0,13.0,0.6327705517441808,4.086776817519839,16.49391019940553,9.848762617516043,365.71571223136135,1155.231656723627,0.9875040146229629,0.8354768881097003
83,29,-5.090734925616775,5.090734925616775,True,1.2742413091741345,0.38219484116862923,0.7749383921597013,0.16249332578619854,53.0,11.0,1.0331030567647934,2.8721409110053058,18.348187624383403,10.208690100781649,373.41649769536235,1414.55299234317,0.894383471743988,0.8308702738961253
84,18,-5.084581337360788,5.084581337360788,True,1.4882076028723512,0.3849641070248351,0.7467184075209355,0.2720969309410523,69.0,7.0,1.0076589557917401,3.121370562301392,20.05443260898432,13.861099659311613,219.4078002844276,1778.6213478969057,0.9960276236403574,0.9199728857683487
85,172,-5.079714208556359,5.079714208556359,True,1.3974332629580775,0.39157625026125564,0.8654981267379676,0.20004771521568884,75.0,4.0,1.3067004461776022,3.3458318780345353,19.743269688220312,13.72252414146208,308.69854428697175,1138.113898105954,0.8552589201029954,0.7759651707885378
86,211,-5.0734519476599695,5.0734519476599695,True,1.460959359666209,0.3574339543655515,0.7708108545907467,0.12556314846500755,51.0,17.0,4.528178362175822,2.9329428705804306,21.947422833181918,12.209348971600713,282.178151268918,2311.305056031459,0.9120787023566663,0.6468591408698812
87,69,-5.073192233833626,5.073192233833626,True,1.5217905614016116,0.3581133130060309,0.685142397881077,0.2949596211944818,60.0,7.0,1.6231909314955093,3.042472573743887,20.606405801556768,11.248933482268109,271.9775400733026,1285.4018481271949,0.8161569923382737,0.9615228196791661
88,247,-5.067464790413817,5.067464790413817,True,1.2634349632377233,0.3242984842638872,0.8006742105873883,0.2454955916534772,59.0,19.0,1.1908474546881682,2.5248260435616334,16.757504025912617,12.670804309118822,287.0899315466944,1430.1027792087884,0.9737400651082855,0.6313318891351947
89,220,-5.067395758986553,5.067395758986553,True,1.3760835453597575,0.3614666420499574,0.738001397116976,0.2531194151422985,74.0,6.0,0.8135320566681437,3.3088282814096277,19.125393595503656,9.197039812695321,359.9626093852146,2349.9765943994776,0.8625494733778445,0.8224322135707789
90,191,-5.066844919786096,5.066844919786096,True,1.4742465298881053,0.36854053689633326,0.7591127614303368,0.21789395960694696,62.0,19.0,0.6453522924817867,3.857465953884398,23.499234516257225,12.875239125269035,298.7682301856885,1041.3044881481906,0.9056955210080896,0.5915486942759776
91,209,-5.066489361702128,5.066489361702128,True,1.2802620499760062,0.3522298802501019,0.8178098606034745,0.21491467429008343,66.0,13.0,1.155433819921893,1.7038508465468158,14.932819452486902,10.124218391072912,312.3873169799235,2349.678315517892,0.9751369449489016,0.6653885427200095
92,166,-5.064599483204134,5.064599483204134,True,1.5167979902980695,0.35445314440871445,0.8761131131826653,0.24430133736267245,64.0,20.0,2.480027662451223,1.6563198416752203,17.249212220444278,8.56203634967919,331.2060929855129,1444.422453617337,0.9621722825723475,0.6545878119444442
93,96,-5.063775510204081,5.063775510204081,True,1.4297095145522922,0.3454440599779507,0.8299675537023908,0.13604093827933866,68.0,15.0,2.995553047994938,3.3601529675905883,22.713177828217706,13.968489265047165,245.25442645789713,1955.7441180119597,0.9469953965225396,0.5751567263781118
94,90,-5.063451776649746,5.063451776649746,True,1.4458603263329715,0.38036136069279614,0.655240392384984,0.09557190025700717,66.0,19.0,4.062809436116368,1.5160595984198153,10.719205895544327,7.669115267896401,468.8074558044579,2672.772967888981,0.8679844085040072,0.6641447147368341
95,233,-5.062418559616979,5.062418559616979,True,1.094776344011291,0.38734538978914423,0.87251826451704,0.17318984891291497,63.0,8.0,0.6841900499161095,2.7408743058866434,14.090922404142031,10.859708331851564,355.78547222375505,2183.0627223250303,0.9482782775155865,0.9827099886537587
96,240,-5.0588235294117645,5.0588235294117645,True,1.4440468514443745,0.3247240644046768,0.7489414706166043,0.266766817561549,74.0,16.0,1.1430049307207977,3.203208145434135,16.372671320426388,9.92463957917013,368.79197500798114,1354.588546867962,0.9131638123127517,0.6038314330109027
97,21,-5.0588235294117645,5.0588235294117645,True,1.3875022175789817,0.3726530003802988,0.8654387464147542,0.24397888112620558,77.0,11.0,2.0433499562428743,3.0205208744383403,15.606433948032874,10.090428026011775,360.8577454734841,1757.0300932543064,0.9872714544923842,0.5316444301551712
98,52,-5.058636418270492,5.058636418270492,True,1.4918085371193741,0.30033121259095147,0.7239874428030235,0.2518862470207247,69.0,13.0,1.4355941582586695,3.5249252171653356,14.920542798557744,11.43920306422035,310.73848473338387,2558.8320582771685,0.9657584105312611,0.5803435585807388
99,6,-5.05787037037037,5.05787037037037,True,1.4436059593123605,0.3659919838315303,0.8251494690368464,0.2682977661937878,76.0,15.0,1.2525740109741734,2.2244677864849187,16.209322147307354,11.074730280221694,308.92597249979474,1735.3145335852541,0.9520185034049509,0.593165553519659
100,68,-5.055555555555555,5.055555555555555,True,1.4156467040187806,0.3604918692584143,0.8981111056392223,0.25552148639739924,82.0,11.0,3.2420070864509563,2.531636384367539,14.661126017015999,10.564184241783954,377.4617086750492,2085.702520137882,0.9545450605534329,0.682918273311636
101,197,-5.054112554112554,5.054112554112554,True,1.3460270635685045,0.37771142605964786,0.8346949988580172,0.11972020753366629,85.0,10.0,0.840413603240771,2.1546149250366016,24.27751654633932,9.862779295016686,239.3009111307769,1641.2559129847216,0.9703546386873418,0.7173227110946087
102,44,-5.053533190578158,5.053533190578158,True,1.4618960518665607,0.35290741590408786,0.8582172409588573,0.10142470672546458,89.0,5.0,1.0589154436983947,1.031159073913062,17.98898197402767,9.80178202290277,269.67540960915875,1439.2320447140344,0.929642235745409,0.7832561458136713
103,23,-5.053191489361702,5.053191489361702,True,1.4433957451679291,0.3781978555871564,0.7720865408747417,0.1978026993555263,86.0,11.0,1.572365840268878,1.832268766685699,12.734135918877293,9.0084910607329,343.5675709697469,1871.303230740351,0.9732302226710459,0.6776970171683383
104,5,-5.052631578947368,5.052631578947368,True,1.4876831305407632,0.38157946501962725,0.8395978067794444,0.09886778701007522,87.0,11.0,4.863346542675304,2.8286238904438843,20.441164159126963,11.933797174887257,331.2557798890629,1705.5973590328483,0.7397229575878002,0.6816271640227153
105,224,-5.052192066805846,5.052192066805846,True,1.374484304517334,0.36524919967693614,0.8164795049082296,0.19212920972300623,89.0,9.0,2.484508044648414,3.5210062418561145,17.826845421412372,10.803256891195634,297.24031154896545,1922.6437281526769,0.9584449410491136,0.6249316815696109
106,188,-5.052192066805846,5.052192066805846,True,1.5124058569522372,0.37077254869287796,0.8549728758162987,0.28056688595193857,89.0,9.0,1.327088824511732,3.0244768010017142,16.724498529395795,6.873204998621674,440.87730713113126,2043.8546399812817,0.9989121555671802,0.5463515291696979
107,173,-5.051867219917012,5.051867219917012,True,1.4606903855853235,0.36969372113210425,0.7522866640439257,0.28129003081905257,89.0,10.0,4.445759351136855,1.015238403944932,17.76558799314466,14.135395944032936,214.88611521655187,1360.6928002260065,0.9542636366908317,0.5495734543737172
108,154,-5.05175983436853,5.05175983436853,True,1.4477724840240915,0.3692785451524049,0.8593814097881869,0.2827675253841759,85.0,17.0,0.7630339543514504,3.663939628235979,19.131534728161796,11.976536911287647,244.00161441448586,2890.220868761728,0.9734359774601595,0.7549191453007508
109,213,-5.0513347022587265,5.0513347022587265,True,1.4562832110985746,0.2649103521646175,0.8127864176065518,0.2693638093780635,90.0,10.0,3.291144015796187,2.8836598581101045,19.31652267602879,11.305940919568085,322.2055154971027,1447.087117803281,0.90243788557266,0.5333623741156899
110,41,-5.050813008130081,5.050813008130081,True,1.4597490724990276,0.3824617102577766,0.8414406004417752,0.19685385023517163,91.0,10.0,2.892818443175956,1.6569515999118778,16.0016272467603,9.840266030021116,301.13696136703044,1554.8536151209337,0.9072020984252,0.7142620278976203
111,178,-5.0507099391480725,5.0507099391480725,True,1.4815997344416616,0.3963947881825756,0.8219583494271065,0.10971744773995899,81.0,27.0,4.1512857384081165,2.0042971132616962,12.441089015649553,8.91837768485169,473.34329502874414,2717.989527536977,0.7738716741603685,0.798988525072522
112,110,-5.050100200400801,5.050100200400801,True,1.3546080597326675,0.3692146507474885,0.8614169620805097,0.17920930422283116,90.0,14.0,1.7871519251252148,3.5129326265968475,15.03090396237629,9.460742001301357,425.55531160569893,1368.1603312639336,0.9574068791457016,0.5496942249037964
113,229,-5.047936340217435,5.047936340217435,True,1.310115541474723,0.3928703019426931,0.7476686632532918,0.271078373337389,63.0,12.0,3.5035387893303915,2.4020756985010996,15.209765308815813,9.242339152604778,398.5747979671173,1440.9607601048783,0.8781525415222491,0.565851113279431
114,196,-5.046904315196998,5.046904315196998,True,1.4242811187930682,0.39592446328960934,0.8219083672107754,0.26917393790259575,104.0,2.0,3.6881483155231733,2.5329892715695226,14.61238571548863,10.086256897689275,339.8701255866425,1606.7359652835607,0.9434541693599552,0.8542809417867524
115,189,-5.046040515653775,5.046040515653775,True,1.3839321030405536,0.362028936004963,0.857676528918978,0.2730736061389014,100.0,12.0,4.380472768592853,2.1819448742886687,12.999457978443202,9.493715173642876,409.7954811370019,2902.1915795910136,0.8669121672938236,0.9502267921624159
116,148,-5.043469573735358,5.043469573735358,True,1.4342957204121922,0.3780170429654191,0.8117108449350585,0.2732917297959826,92.0,5.0,1.7646948805005125,2.9468086855822557,12.796304108943394,8.485827678615603,397.3594495499104,2957.787662296305,0.9282844964866286,0.6284447823761965
117,186,-5.042663004397217,5.042663004397217,True,1.3508512897611202,0.35906636560573546,0.8117749422894908,0.27356078374756265,82.0,9.0,1.8043550718278614,2.325534588042393,12.815281466092507,9.626677984889351,319.9565272934979,2020.7776492779597,0.9392790318695663,0.7341765417581148
118,100,-5.0420485258765355,5.0420485258765355,True,1.2750882493375444,0.39492224830006684,0.806282684941557,0.14473122204470948,73.0,12.0,3.5055779471775876,1.475692380734648,11.705863219886712,9.055634990964016,373.5312904419232,2144.630223088787,0.9040303379664643,0.7855419986979404
119,95,-5.034847680759491,5.034847680759491,True,1.5039181552433947,0.34829362236844463,0.8667122284874136,0.29231870787260733,45.0,13.0,0.5372128672916947,3.527431814618021,16.46095824040703,10.71793170789629,343.56262465034496,1446.26225275556,0.9627124773157876,0.7338365105301716
120,31,-5.0296255769482165,5.0296255769482165,True,1.329255076719585,0.36868724366767514,0.6812194953865602,0.11319890913651733,51.0,15.0,0.5824655525791296,3.5501563830717386,16.93203643463082,7.179935007760607,396.4158233500523,1564.6903059161857,0.9326212416555797,0.9199078351611447
121,142,-5.027556726332798,5.027556726332798,True,1.2992270699903383,0.3662294456516394,0.8527458036476634,0.18070501950619575,71.0,9.0,1.176423028113915,2.917307420976363,12.610202658294046,8.182667069391147,384.5886476793866,1543.4525912648992,0.9828218061151581,0.9266874760435112
122,65,-5.025836716644463,5.025836716644463,True,1.323836360896691,0.36172893412816853,0.7255455842896438,0.16746774480055251,53.0,11.0,0.787178126877742,3.6794236047340503,22.598702641521722,12.503736113414048,282.95105964180357,1528.706427442927,0.963094406761229,0.7664828731296298
123,46,-5.018747234203941,5.018747234203941,True,1.5222273685004466,0.3555274443910416,0.7561972213909788,0.2950669821510996,70.0,7.0,0.6104776856138345,1.939980135304198,16.264375071885794,11.45502255595196,247.09124293299521,1191.9860209809601,0.9779300895816504,0.9005731235076174
124,177,-5.0158120866912626,5.0158120866912626,True,1.4864752650074589,0.3123361251886444,0.8217685964362152,0.2624050261315882,92.0,11.0,4.301792395267337,3.111995253537698,22.142143861635407,9.765950460761779,337.46229447612234,1476.077052924105,0.828599494197465,0.5479668655913774
125,128,-5.0121630131270765,5.0121630131270765,True,1.4937692375883334,0.3904606834794213,0.6401594603066618,0.29425778908965566,49.0,8.0,1.012492006200438,1.5221134032824672,12.943761439047709,9.222628792996574,432.35857054121834,2007.728579747219,0.7928244283019168,0.6459646636869354
126,74,-5.005803517396302,5.005803517396302,True,1.399474935869868,0.39225551747160026,0.6691339151566644,0.23630077268594402,45.0,10.0,0.6617896339305354,3.0066435163729612,14.136830648312182,8.041078084253064,435.6044123446984,2724.851544743695,0.9318977489194844,0.9248303740402936
127,217,-5.005062516794532,5.005062516794532,True,1.408229453009427,0.3665211955433323,0.8980522128283952,0.23170877974405818,92.0,5.0,0.5384538456456727,2.397629601822562,13.07562450611882,9.567708553780532,369.9173069470972,1881.3665457536704,0.8332376160959768,0.5621795087751843
128,120,-5.002085443944381,5.002085443944381,True,1.3348926600083786,0.3808692494405393,0.6072440977739221,0.18688673275728634,52.0,6.0,1.2959773467045572,3.009616134179961,15.078321083710577,10.593703292284525,352.15516523022404,1691.5727337066978,0.874160545088255,0.7729140652810003
129,63,-4.999925128604173,4.999925128604173,True,1.2595885487395853,0.3834648131084638,0.8654447334735297,0.15598876142507984,86.0,6.0,2.1310196750923396,2.1258979038719614,11.22095227369346,8.670569789515568,417.99498867552717,2182.308084233541,0.9173096707519528,0.6070582590024169
130,156,-4.999313357369931,4.999313357369931,True,1.4766815554952908,0.2788853776483345,0.7933957788324091,0.13262004273572334,81.0,5.0,2.83442402260246,2.0290924365621024,13.170970437792768,8.218648391950769,399.77729295031395,1673.5184159336768,0.9181864930036352,0.6825936216357635
131,9,-4.995515849331543,4.995515849331543,True,1.5022626556420797,0.36564203223692787,0.6605982235248494,0.2020692576412619,45.0,9.0,1.186578795105403,3.4221333284264737,15.178675609414743,8.099167308357739,408.06876135409004,1378.1190439526426,0.8759744867784136,0.9425917638428589
132,67,-4.995313192351528,4.995313192351528,True,1.3242703024118532,0.384842171426155,0.601742291021201,0.24880428374419492,59.0,2.0,1.5344559284004269,2.8314763491792143,16.165482020328568,10.428632033043321,343.85673007389244,1267.1737962411141,0.9300466975812556,0.9682353648643558
133,175,-4.9931816860633536,4.9931816860633536,True,1.3616445357554943,0.3743870297111437,0.657201600932528,0.12773149249955795,51.0,15.0,3.0906827795201903,2.0191270930685894,19.516021328925618,9.358105424867919,286.93736923078797,1340.5925828161858,0.9160928602517922,0.7154972205203523
134,15,-4.993101722239779,4.993101722239779,True,1.4399236170115077,0.3933695391082658,0.8757823948745289,0.13433478698193832,59.0,17.0,4.637473152601058,4.008591389417493,19.248430970199482,7.85243095540195,348.10710093888935,2880.7148540982494,0.9513905075227621,0.8308658749212932
135,32,-4.988430894275739,4.988430894275739,True,1.3850278506641893,0.36149099450889877,0.6487394132301229,0.20393444713829606,38.0,11.0,1.0103128597423432,2.6367287583626706,14.985609557275996,10.33564229002228,348.95736861822877,2486.064473173648,0.834033018753018,0.8437627644330185
136,4,-4.9847620933600645,4.9847620933600645,True,1.3320823208573747,0.3403486537254261,0.703842084209952,0.16004056071622633,47.0,6.0,1.3018020031405968,3.5815554056430603,15.639431167112068,9.18126157938933,392.47335114975596,1622.9774738849933,0.9484167346407696,0.9078545498862054
137,216,-4.981903262584337,4.981903262584337,True,1.30302921851279,0.3748549107018786,0.7356887275279674,0.15072900586532056,59.0,16.0,1.4128279759319406,3.414229098838234,12.044114305208119,7.251185804578706,423.26470164630746,1421.9491650967266,0.9051558421744865,0.5194099927603797
138,30,-4.975352987840151,4.975352987840151,True,1.214117815931754,0.3837978748741575,0.8950790698676058,0.2718058491161254,67.0,9.0,0.8373164512582427,2.454495020102849,18.250842543947428,11.653977220063865,295.9963397066109,2188.4516068067483,0.8101857541938373,0.793063069559458
139,198,-4.965521659318567,4.965521659318567,True,1.4659728627827864,0.3842307634962445,0.8660833627545301,0.2020418390974863,86.0,8.0,1.4295794031124418,3.7524136581616503,19.624643930949098,9.256689080208655,317.64320360715624,2707.977073138897,0.9008058001529131,0.6757922793806281
140,27,-4.964377755125175,4.964377755125175,True,1.2594947277336772,0.38511161497223445,0.8913022784448111,0.16534678605447448,94.0,9.0,1.3767454872227545,1.8936181704735355,15.95302678887762,12.30049090270976,298.50779299222546,1794.5743248266403,0.9979880335028786,0.8741024252849672
141,20,-4.962701682383093,4.962701682383093,True,1.390506300590969,0.27795504977873425,0.6600211381937937,0.18427207029248474,50.0,12.0,0.9065575319841206,1.9670784044962606,12.12688681808418,9.633816660649249,404.0976886459112,1505.127091169266,0.8988235458051381,0.5576494531705976
142,123,-4.962524347823822,4.962524347823822,True,1.3528375421983567,0.3178651311863449,0.7656379548418655,0.20244896887457967,49.0,16.0,0.8060085112747817,2.8224200984647614,19.734046936548705,12.258859102144978,263.6666112218199,1139.1919269502214,0.8807963445885623,0.5318587498891342
143,201,-4.953763588698584,4.953763588698584,True,1.4759064445852799,0.3364665069327869,0.8597692670497825,0.17514530917724688,64.0,11.0,2.070242968803031,3.5784837995491325,16.378052177912068,9.47956427299425,353.9544501129762,2419.5417011878308,0.9282591430855653,0.6289698972608528
144,244,-4.952621367938324,4.952621367938324,True,1.213106820356929,0.3880823193549918,0.8180501386908204,0.22985456982350544,81.0,11.0,4.202201639452248,2.0184680458693225,15.88647839512278,10.063489811809141,292.81767498531144,1558.184360491516,0.9809744449457403,0.9229676633965578
145,35,-4.952327558643211,4.952327558643211,True,1.374939548331598,0.33640555791175664,0.870818897796722,0.16363217692563303,68.0,10.0,1.0731317127623834,2.4834174502692465,14.305719968611736,11.049576151287917,286.8593169992641,1196.9461450500999,0.9257783138951816,0.5854086951332361
146,203,-4.943916241582161,4.943916241582161,True,1.184558383532507,0.36684853118860455,0.6965217192085037,0.286435109510318,52.0,9.0,0.6219507591613143,3.932148361859129,21.98923170281836,11.362269486678018,355.6959459689516,1602.3286163079467,0.8565551940438367,0.7903383008405247
147,185,-4.943564367767538,4.943564367767538,True,1.3642190194731718,0.35994992605992415,0.859717884982959,0.09967237804798738,93.0,3.0,4.925161342158761,2.5821774258323136,13.849897679256792,8.230910828063097,447.9360533040483,1277.203509105072,0.7921584659916083,0.9211541765575302
148,174,-4.93855618738422,4.93855618738422,True,1.220808564330032,0.3859226738082514,0.7740050637351006,0.17741530017360324,86.0,4.0,2.0364384052613937,3.3098552657276175,16.227792284945995,12.252154543013365,323.11995889643055,1239.6335957619438,0.9212804273429692,0.5015490379421349
149,200,-4.93518461409303,4.93518461409303,True,1.4352322204723524,0.3553101100588567,0.7078793839189691,0.2043229246271657,59.0,14.0,3.828089584572297,3.6053444056647734,17.18712118372845,11.259152920182522,259.4877613582938,2337.0330977782405,0.949065898353544,0.75443561601071
150,108,-4.934117802861156,4.934117802861156,True,1.3520994361420209,0.371481874798922,0.7244185523342143,0.22805312883500045,76.0,3.0,1.694139053884272,1.1080194007334576,11.632214009953763,7.6908909937804,405.06630827376347,2025.7559949268198,0.9935710807683593,0.5970199114895223
151,171,-4.9335295997507655,4.9335295997507655,True,1.5029992495633924,0.386353434806048,0.8418996112574666,0.20186482406356634,72.0,10.0,2.5338052675042038,2.072024716743044,10.152765025585545,6.261417777772952,433.6440623802473,2200.261877919851,0.9362830405685008,0.8999436469828334
152,255,-4.930680742690879,4.930680742690879,True,1.4209209470432524,0.3396149965242272,0.7838219902242103,0.20811202378971988,77.0,9.0,3.162714260572381,3.630956720109612,15.64049284508053,11.26477172363252,257.8528526137244,2272.232821135761,0.9504377291464041,0.6588016483903614
153,193,-4.922691957587755,4.922691957587755,True,1.443329192789634,0.3661992567397996,0.6655006767397527,0.1501765648928752,54.0,7.0,0.7455602093225213,3.2548040069555206,19.43791918646341,13.136142986193654,267.43211703770055,1071.6483960993291,0.8420042517081003,0.8902368976257073
154,76,-4.920645298603689,4.920645298603689,True,1.3515058649191634,0.3172449369994874,0.7138891636307836,0.14762634779658423,45.0,12.0,3.776839001890058,1.9866483641622752,16.12828842562099,11.933180153190785,350.2204024955227,2159.0274440543644,0.8207813566502793,0.5616354990203569
155,10,-4.9168473659839655,4.9168473659839655,True,1.4373554504066706,0.2924614854156971,0.6628562143072486,0.2769878807105124,43.0,13.0,1.777412357274443,1.1168444105423987,16.47896413691342,8.040944981388748,320.0181234627962,1490.941446274519,0.9693103181198239,0.6541972202248871
156,8,-4.9162249581051745,4.9162249581051745,True,1.5049362346947404,0.3938231304098422,0.8473463144228579,0.19065253828696627,98.0,2.0,2.2670728773308757,2.0002141809991882,11.484846959104205,7.5897397045362265,392.4407408659667,1955.5505868630908,0.8298852067118516,0.6479567697417395
157,70,-4.9105151508097,4.9105151508097,True,1.167878516629321,0.38755432447459154,0.5019849267866978,0.1890454742801024,49.0,10.0,0.6263607098173138,2.6343282303252757,14.898375153932546,11.440596987230403,342.1014928364563,1918.2358379220368,0.9825389835508086,0.5141565766169232
158,210,-4.905367777978792,4.905367777978792,True,1.3829907683961418,0.3902074595813783,0.6206847855284813,0.16516896031880982,33.0,5.0,1.7954469645120334,3.835390890031962,13.91211780179957,9.963186653114066,427.77572123344174,1181.8428087079387,0.8910069440402044,0.8506237729090704
159,88,-4.90143355231978,4.90143355231978,True,1.2317470731405762,0.38663591453510926,0.8778240685546358,0.18604331886554482,37.0,8.0,0.6821350845082379,2.6815421956323435,15.97889988380563,8.505312946613651,422.2892978221815,1126.314339127016,0.9615134676662727,0.9142937836895075
160,1,-4.898725155997981,4.898725155997981,True,1.4026823987106611,0.3820018168866496,0.7913495028763852,0.18861837505571108,75.0,6.0,4.761635999808102,3.4614392898593564,18.569550298483062,13.770111372545475,243.5118946582379,1439.0326744684578,0.9430513270163523,0.8663096174966769
161,66,-4.894971067510653,4.894971067510653,True,1.3058215251689276,0.38232483505405307,0.7155578104032334,0.18170588625195805,60.0,8.0,3.294405251842769,3.3971276816745952,24.075489143548705,13.967139456843004,249.87601504090497,1313.7381991953632,0.9630131601520828,0.5447043818448881
162,139,-4.8788910172425615,4.8788910172425615,True,1.4588814089071414,0.38782764400158637,0.8787201718953007,0.2525222013399481,72.0,8.0,1.827752553382044,2.0547110271431457,10.297150818780576,7.699241871951425,364.0646013500049,1895.759618981036,0.9993812280361469,0.57237824543987
163,243,-4.873316803449966,4.873316803449966,True,1.4709999318720772,0.33931696009841017,0.7768686403178727,0.18738740290989991,62.0,10.0,0.9779151776724901,1.7581489418524612,23.120143096319886,13.752601438861424,227.14423282327363,2671.845549794434,0.7667745426079896,0.5679632362287781
164,204,-4.872263004297645,4.872263004297645,True,1.494336491222379,0.3743254773956525,0.7172182938232008,0.17682880360595535,40.0,4.0,1.1643151714472726,1.4696117636911243,16.24553919974856,10.989301257711451,326.797753926481,1415.1144967722648,0.8768175559447526,0.7504579268149478
165,183,-4.8719601978537055,4.8719601978537055,True,1.274878857103266,0.37509502487668644,0.8326717572286155,0.22914095686034294,55.0,13.0,1.381167503442029,3.724712179225819,17.978230753259872,9.610065350292516,369.9181955738125,1514.5837870313621,0.8268568622484008,0.5394657631367297
166,124,-4.87147064093871,4.87147064093871,True,1.3932683539995079,0.27820134176849076,0.6360583994498085,0.1434153439794791,59.0,9.0,3.604399809564689,2.0791495983563766,19.033550742854864,13.305629727983712,287.7120596325509,1577.15169223332,0.7705894037993778,0.630369551154995
167,77,-4.866610417503433,4.866610417503433,True,1.3032896776986498,0.335733932710409,0.5910363144614195,0.29942160893515973,58.0,9.0,4.526362018861872,2.0164955700482023,13.282327755970828,7.867565299622274,367.121247539374,2374.2265390469342,0.9120411619586684,0.9741691479830551
168,151,-4.863559168688653,4.863559168688653,True,1.4258464182153716,0.37325511130501665,0.849742198619905,0.15036233586277048,61.0,8.0,2.045425556330347,3.116113551736155,14.972671972344116,11.201879438675974,324.0742735777776,2024.471161822935,0.8821313715562263,0.6197388924817415
169,133,-4.857153968510575,4.857153968510575,True,1.4893977443895434,0.38351844744974684,0.8046746700134355,0.25555685306835096,57.0,9.0,1.7315481234742942,3.2110430631006865,17.866722244159824,7.3498731947578255,413.2720636188819,1617.5456947096532,0.8270102866727311,0.602642931520468
170,115,-4.855943846336876,4.855943846336876,True,1.40061680518873,0.38308255712921246,0.6229655157452655,0.2610134965106016,61.0,10.0,4.2582552183507545,3.2791862218119894,19.48784019544295,9.772446816212462,268.1381920005881,1176.9357567454022,0.9279295154141023,0.7158706231482382
171,72,-4.855583444754531,4.855583444754531,True,1.4156389350204102,0.3995523623396178,0.6752382966680527,0.23932162898141557,34.0,6.0,1.0279570682439494,1.999203510934726,12.790066436864436,9.005303426645696,421.4236348137285,2086.144099093325,0.8502833963036119,0.7094464409165084
172,253,-4.848133335668605,4.848133335668605,True,1.476237606113619,0.39421903728000307,0.7568736350418104,0.1548007123192791,53.0,11.0,1.9101365829569306,3.920059372426893,23.78780222054477,15.375894552743146,285.0910172548249,1513.6919388499796,0.7469693874273811,0.6147145006942958
173,131,-4.844741653828359,4.844741653828359,True,1.501463189320198,0.3597686904394083,0.78572061424366,0.20536512834776927,69.0,4.0,1.0584555211586717,3.3330068944714917,18.556234428889887,10.088088117422691,314.621615711324,1771.7620096097985,0.9852461450572848,0.5425007497135675
174,104,-4.840443585803635,4.840443585803635,True,1.3416502062995432,0.3922061890220658,0.71501016008137,0.23465803162678678,54.0,9.0,1.3343038106414533,3.0735297350618143,24.888359207702372,12.579733726925708,260.0670347400358,1110.0812303748708,0.9482591159581154,0.6709892498436192
175,50,-4.840418090669218,4.840418090669218,True,1.2853482372569647,0.39293944248897306,0.5356709172503499,0.17247163443537386,41.0,3.0,1.6378381976231022,4.04104653393549,20.84539718999949,9.610991708391744,334.8717495601788,2468.790848056008,0.8350030418941914,0.8674800064657584
176,125,-4.838445757532229,4.838445757532229,True,1.413336474449889,0.31195355727721824,0.6418607453312962,0.1711217085996251,54.0,8.0,2.5996228588694446,1.27628602448899,15.217207141542342,6.8166552189714915,432.1495897609085,1942.804723628545,0.8294099280610681,0.6492419960198544
177,12,-4.838031211884304,4.838031211884304,True,1.5116001047442011,0.3996335186093908,0.727103099084642,0.29969023213105994,83.0,4.0,3.2778617403832087,2.3615453817349863,15.565143394081911,12.19064789664951,227.43591134922,2098.450783532529,0.907265544378661,0.8999887962795636
178,152,-4.833137873064385,4.833137873064385,True,1.3000715046299773,0.35269269462962427,0.6445321078359344,0.2685414374045871,45.0,11.0,0.9786282933301333,3.06201242510671,16.88815307223834,10.1534410271969,350.36623609944303,2627.1673314064374,0.9059165337680244,0.6232232948749199
179,235,-4.82606513944481,4.82606513944481,True,1.471292878765529,0.3552474898638609,0.7354286013461613,0.21748044311046452,51.0,11.0,0.6710122071663762,1.6445355668434694,15.349107080060493,6.778460775912464,361.20352445160984,2230.4855326616,0.9168054924579536,0.7848019823962289
180,62,-4.8215872341416794,4.8215872341416794,True,1.2914915844664656,0.3519327645306736,0.6421577238178842,0.28477226906344855,43.0,12.0,3.0216996717613016,2.4704994043210453,13.25122787094537,9.672391436815099,364.3168752460681,2265.81824569076,0.8466531585355482,0.6081972640394077
181,205,-4.818166310153607,4.818166310153607,True,1.424559123527373,0.399794159634496,0.8843749192966341,0.19169848459625427,81.0,8.0,1.333989778420881,3.555932636183507,20.19654299075079,10.043028790013189,222.2538100727873,1524.6563560989202,0.9659712338283963,0.7351800914850272
182,138,-4.811627491558754,4.811627491558754,True,1.4229344834878044,0.30121712595993866,0.8250618891293493,0.18071425426562424,47.0,11.0,2.365888689741648,2.6683127920008802,17.946153719554005,9.517932162132887,285.6310894975322,1644.926208169875,0.974867144790244,0.6218044126737645
183,102,-4.798240405776239,4.798240405776239,True,1.384220660411867,0.2987027820730445,0.7647977315198599,0.20378109493067695,66.0,9.0,3.216132554080172,3.6627189085402114,12.53753499632041,8.2483142845547,404.3257378526799,2977.0610719910433,0.9373551657236863,0.8311359209882625
184,135,-4.794929458950075,4.794929458950075,True,1.4299504515679093,0.39599051644277183,0.7364708449448613,0.24447151757863697,84.0,17.0,1.3715265702900756,1.9979332726336148,12.540304630603165,9.187549819418246,318.98577072595236,1499.1380644034186,0.968208279445443,0.9843548509812379
185,51,-4.794185462190207,4.794185462190207,True,1.4254136810814906,0.29911041644020353,0.6031388995141652,0.24059915390607228,39.0,12.0,0.9805034462983986,2.0531879596039326,15.91077113135172,7.460783160336672,345.398100639268,2684.6554945200337,0.9525289145088348,0.7613112145195484
186,181,-4.784763075199965,4.784763075199965,True,1.516664637213641,0.3933887684281217,0.7708577275374152,0.19777672182217504,42.0,2.0,1.661215849313993,4.241946977847913,16.4331445548747,11.11883329457107,476.6973672892794,1393.4469560808602,0.7815485383670618,0.5817384511735912
187,223,-4.7812722001682015,4.7812722001682015,True,1.2454257540349238,0.381297534858051,0.8603069168222567,0.17437251388203975,81.0,4.0,1.224768714545701,3.1330703633350563,21.584239458980875,12.124651541504104,247.43949372998415,1156.5252767792272,0.8742845312183968,0.7354665934396591
188,22,-4.776101917193779,4.776101917193779,True,1.5195573092193766,0.3691438821990989,0.7316377053008012,0.28031816050423886,51.0,4.0,0.9131359953724907,2.8211840720505292,12.83057500029226,8.895533749013367,433.34216557456807,2703.18201836689,0.607811985235243,0.810923986544381
189,89,-4.76677338939429,4.76677338939429,True,1.177393931395545,0.3906924417548743,0.7259522386931869,0.11308230481902168,53.0,13.0,1.356306060147055,4.209319896501534,16.088961439241686,7.137933906456607,376.24311955757304,1394.3119308985251,0.9775897345491873,0.7173455140267718
190,117,-4.7637145354267005,4.7637145354267005,True,1.3771237919877874,0.3370300770953741,0.7693256117198358,0.2924741992743379,54.0,2.0,0.8585504823685333,4.02548256602784,18.589834383226755,11.748079275304537,279.21028666990327,2431.197179081993,0.8811159113576669,0.9750572186703593
191,207,-4.745912037544144,4.745912037544144,True,1.4668715123004592,0.3565610901100692,0.6459693062735212,0.2919558947222617,58.0,6.0,0.9880236350467413,2.705465450257039,17.782013670720794,7.312232468895926,325.1618506678868,2724.441132922591,0.9697032260469662,0.7354752454337288
192,184,-4.743830334639734,4.743830334639734,True,1.1603011283030944,0.3364214225392855,0.5685070968594147,0.1216228477332165,50.0,4.0,0.8393410679795612,1.9485927941666694,13.256630418957663,9.169850943077215,405.3145122419931,1918.7469466960101,0.9454374210665815,0.5074546332425809
193,59,-4.740975151161369,4.740975151161369,True,1.3630033601292888,0.35656405423188725,0.606884399697057,0.10728948532921728,68.0,4.0,1.8925171238490313,1.9807857695789801,14.363995405450586,6.421035275014483,355.5536964554189,1685.448260073809,0.9015558566681277,0.8178068586458886
194,91,-4.735545321225802,4.735545321225802,True,1.4715645173803074,0.36452653709692134,0.8391594830572613,0.18899606083115875,69.0,3.0,3.696436579756539,2.8808826537092216,13.126168388046896,8.565146595613264,410.5494262063619,1661.661318241086,0.7396470908833643,0.7843827310653468
195,13,-4.725783542778325,4.725783542778325,True,1.389217902630008,0.39288571977721276,0.7994794672599683,0.24078830274460583,71.0,3.0,1.7840551941218974,4.465588208265855,12.386680010853715,7.281877410418204,390.99905870901785,1928.141657553201,0.9883340979242239,0.6823198061848655
196,122,-4.713202450266316,4.713202450266316,True,1.3742226392054573,0.3834269356464527,0.826518513366983,0.2825861892127921,45.0,9.0,2.892890405360077,3.288039199662774,15.161073340354342,10.9874835896082,276.9874958567111,2064.8381492460016,0.8505192644952017,0.7869020230768915
197,167,-4.7107280851256785,4.7107280851256785,True,1.4764595136391336,0.3984879490018724,0.8399718689684421,0.26045820374209655,55.0,7.0,3.740187266702587,2.453536769512652,13.569370677869141,8.261695180046097,298.0604170928389,1578.6607614537807,0.9558704298868933,0.9403301628766205
198,87,-4.706586870793887,4.706586870793887,True,1.4461375086982715,0.32811115277532005,0.7942003692480488,0.23832706357883585,54.0,4.0,0.5777329635114397,1.4387043933864851,12.624009635694577,6.770869402389322,439.4408191983396,2975.5814080272353,0.8247083299661312,0.5762907442939835
199,82,-4.702128266868485,4.702128266868485,True,1.3472759505249334,0.36004778762922274,0.8333144864699447,0.2602491756966969,73.0,11.0,1.1273346257730257,1.4258412458452405,17.499324683278576,10.400927616587463,279.96886274202336,2700.1130730794134,0.9243576007293173,0.954991886004297
200,237,-4.694679254946324,4.694679254946324,True,1.308892273326107,0.2912034510301366,0.5639883778289665,0.13741243363972402,46.0,6.0,1.2094395341509327,1.7715673414763888,13.39655016368766,7.449572024730028,419.45895222512155,2512.0594604159396,0.8192586608447086,0.614658262713855
201,227,-4.6891415907939535,4.6891415907939535,True,1.387687750443103,0.3893270147590372,0.7991014189575446,0.2638341882640107,86.0,4.0,1.5656878174107935,3.319873351686862,12.748954177908718,8.56738447964179,319.70826896070554,2816.112322383379,0.9231140614783229,0.7024445769008675
202,81,-4.664025034723879,4.664025034723879,True,1.394113825618402,0.36181550047220723,0.7202041719555049,0.2398472768090813,57.0,4.0,4.124189087820352,4.119551686767896,16.69423247547713,11.92567497771842,300.8437763616742,1813.3249183058795,0.8593421324885272,0.5125789070709128
203,147,-4.663626113473497,4.663626113473497,True,1.2890476696171662,0.30920656990265033,0.7053055972109932,0.23642460314566408,31.0,9.0,4.96609569014489,4.276516914575554,19.588784739490293,9.767405005630653,352.8321120475408,1833.483114228515,0.9466064586053237,0.7635864823092415
204,202,-4.613914675095016,4.613914675095016,True,1.216022293677583,0.33907684389861303,0.8614539347370346,0.19296337458265564,51.0,4.0,3.9635652051411263,2.1402055667091835,21.447619194530688,10.960007385706094,288.88217438741935,1795.9094055681899,0.7916632370208856,0.6897540628847509
205,215,-4.601799368794479,4.601799368794479,True,1.4806713831709144,0.2624112294088437,0.8321134789872823,0.2912584482410858,39.0,3.0,4.758798229331239,2.380148518992196,12.177760782463093,7.472278636496289,436.4706206052795,2958.2388301372457,0.9859307095291041,0.8624334080549185
206,126,-4.567977470812217,4.567977470812217,True,1.2449841850509082,0.3266625121745258,0.7982617827347147,0.13712689293448482,33.0,4.0,2.6757904305122793,2.218448203310679,19.65407419142127,10.103952186110416,275.1198982232257,1502.9438907916995,0.9651477506585613,0.7221400736283965
207,242,-4.376183130123562,4.376183130123562,True,1.5151565012891695,0.3860039462557052,0.8583553674908161,0.2511818552820165,83.0,23.0,1.6822707172452682,1.1579518085816334,17.062126051946688,11.624887271588678,279.8329647779496,1647.4413827464612,0.8829511295687021,0.6835320019738143
208,42,-4.312448745284566,4.312448745284566,True,1.2373810209932252,0.3930460161984543,0.8323875763585765,0.14410405000913948,97.0,11.0,4.740995251523432,1.128280452078395,12.102861455515718,6.556438227759099,348.11724335900135,1368.930251689831,0.9770718661489147,0.8619190468288298
209,92,-4.309791613243873,4.309791613243873,True,1.0060862149599874,0.38414242716346025,0.8873215640457373,0.21833286975487118,68.0,2.0,1.707253668921248,2.0464545295035914,14.878658938450778,10.867615480695495,306.497103181323,1072.8615943205962,0.9811189421799688,0.6698350652123366
210,140,-4.300869465301542,4.300869465301542,True,1.1461000401597206,0.348983272056671,0.818845582223932,0.19151157588383566,68.0,22.0,4.306817424945779,1.0483368678741642,10.960564694989987,7.098638181942938,384.05105702482,1573.2102560133153,0.9901883616667775,0.8457418091434135
211,195,-4.269060302006065,4.269060302006065,True,1.3626090234560262,0.39713013543130515,0.758294364410443,0.2812240611298692,56.0,4.0,1.6781676241293728,2.778244650351019,20.38767588657338,11.460787879960781,317.68074970331264,2629.6713895678104,0.9118765570518867,0.5289306190486623
212,38,-4.257148952274635,4.257148952274635,True,1.2675022171499146,0.28753845084034524,0.7426282904158816,0.19603260713899423,59.0,8.0,2.1693212031702362,2.1202991724360176,17.109005459747905,11.154734227768396,285.95734850640787,2988.624342647044,0.9412089969212378,0.6060331250828583
213,105,-4.2376309754962085,4.2376309754962085,True,1.4624310793304898,0.2716958490183827,0.8832356264370512,0.2975725927701465,84.0,13.0,0.8214886985744401,2.5135369625079496,18.394034296533608,12.533632053979021,298.80397822051276,2145.7317858095366,0.8919212791023156,0.9230759097091508
214,149,-4.180948625060023,4.180948625060023,True,1.5034418219696113,0.3464223767724091,0.5984415181094772,0.2797255939837983,70.0,18.0,4.521458098583075,1.0581565564483968,11.260797253311917,7.647187570867063,356.2302339679511,2630.424715367004,0.8070004907269774,0.704905000565043
215,83,-4.050183514106835,4.050183514106835,True,1.160473925846011,0.3310123429369537,0.8547824249390641,0.23779360922359377,76.0,3.0,3.9671037242484912,2.8019711798142617,21.698967973864264,13.694245404220236,298.32195993942236,1182.8826054035462,0.9203557924199445,0.7294985728841007
216,254,-3.995673397928792,3.995673397928792,True,1.4344106437793052,0.37021799808451783,0.6448721260430106,0.1481310425788917,54.0,4.0,1.916240012406625,2.675874601830747,14.054562176503614,10.468900645858897,395.82714657932934,1079.6725879951828,0.9633206993318187,0.9216858756722387
217,14,-3.939560766786705,3.939560766786705,True,0.9429135390445971,0.3915737644418244,0.881475779912942,0.23234838708201297,80.0,20.0,0.7450952101862836,1.1258718469648312,15.153744108300153,8.851392566894003,381.6188605187464,2741.101902938974,0.777664594075434,0.6485162258899755
218,137,-3.820517709195489,3.820517709195489,True,1.2065093864759258,0.34537871768629247,0.48151106111867636,0.15666649059607543,47.0,9.0,0.8202757304770072,2.224706673946801,10.743080848062803,6.097527114380328,347.51046469672946,1953.0511333409202,0.9893392344574314,0.6701351584776407
219,141,-3.725597362442323,3.725597362442323,True,1.3807041158497,0.3409326761101118,0.8392766317163933,0.18664862380190095,50.0,14.0,0.8655698070374911,1.872734473309663,20.356358237569726,10.72448605794854,291.1252869521262,2348.7718552709953,0.941429962677393,0.9116828460152475
220,228,-3.5860270820384175,3.5860270820384175,True,1.352491860079665,0.2236055026760093,0.4485125086989584,0.12295804934080416,45.0,10.0,1.000594505935261,2.4516950911366266,18.386797823188946,7.596023392527984,365.81505594515676,2046.1214522840776,0.8137728024304548,0.6203463259444074
221,121,-3.519501397778012,3.519501397778012,True,1.3008632432934875,0.39798933913219525,0.7239360010622513,0.14788709974321282,84.0,18.0,3.6008933192623127,1.9265389307323768,19.468676489007187,11.142691605007641,301.0209500113047,1431.6247882747737,0.9603488375889627,0.62705550222919
222,43,-3.4856979097318375,3.4856979097318375,True,1.3624122770130778,0.38280423586899937,0.6630613122958597,0.22287831724645485,66.0,11.0,3.3015528609896703,3.7609652649305625,13.201099966807382,8.535560324687625,310.31214172705336,1179.3885100329226,0.9692506660110991,0.9137641899287843
223,79,-3.4553943771449314,3.4553943771449314,True,1.4184736868280827,0.17420535728036793,0.5630988341149042,0.10079515898904008,52.0,9.0,1.6948442104176866,1.6954740138135382,14.750823437136866,7.4376195194576225,375.3466155056123,2989.0898486686597,0.9530428177266557,0.7579534183039107
224,150,-3.3364683319697033,3.3364683319697033,True,1.3182028086929036,0.30573220884667535,0.8164982828072692,0.17735032851015764,94.0,20.0,2.652452381636539,1.624989779992068,12.031761613154478,9.581248879826934,431.72951236361143,2400.0503970700283,0.9366724372627704,0.7273956490787044
225,130,-3.318212938119865,3.318212938119865,True,1.315083423791319,0.2410543595363695,0.5107843438645204,0.14220385120634477,47.0,11.0,3.685999405372204,3.465825803547271,11.229078527575634,8.947761166630857,407.3696705208803,2833.777512412563,0.7855151334326103,0.980433645659859
226,47,-3.0623283346173626,3.0623283346173626,True,1.4988651872369967,0.17175321280518913,0.6086789752831926,0.14869074873768118,46.0,5.0,0.9113153367338256,2.8276052943835084,10.394313794048152,7.529683465980867,380.16155584947865,2538.40541166152,0.9025337657066652,0.6890442464295256
227,24,-3.059095462436272,3.059095462436272,True,1.4448342261744385,0.2751008076355932,0.8098789275272216,0.23855848961456125,76.0,7.0,0.7661715047842685,3.271982647425479,14.697481527021916,11.322055787064338,386.81756959712664,2636.3208020377683,0.9893864052120576,0.809148889756728
228,161,-2.903015210754005,2.903015210754005,True,1.3927386247503184,0.3965595762949613,0.7172769786467479,0.27539037229020386,74.0,1.0,1.864659082881744,3.891514681241127,19.650152673326097,10.8188030088589,327.8319057947544,1467.4753939143056,0.9496652884684065,0.8905112583702759
229,248,-2.8468188794871936,2.8468188794871936,True,1.3102586870263393,0.3323611267958887,0.6847741468502967,0.2764682314565915,84.0,22.0,0.8293279616962521,2.7937798401711147,16.296636711304334,8.457562180780986,387.8492856950496,1110.081747174263,0.9545883983053176,0.5633803783313402
230,176,-2.8396082186860885,2.8396082186860885,True,1.2376057671039578,0.3934970713398207,0.7498011032424301,0.19454337991634552,78.0,17.0,1.4680633494525583,2.7366990101585515,15.990452642991345,8.719012797695608,440.5448673345139,1461.450404826515,0.8696103607835687,0.708520116945868
231,54,-2.814843618179176,2.814843618179176,True,1.499712685223677,0.2554897732057228,0.8643062741579352,0.2899076750539468,88.0,4.0,2.7810197646301638,1.7363621396409283,18.28140554452485,13.076265711349347,255.91340707721133,1652.5415806527408,0.8830636457974643,0.5248648470064231
232,212,-2.7849111567050526,2.7849111567050526,True,1.467633567838353,0.34411064479487447,0.8783448618331569,0.16229355046619567,86.0,12.0,1.341088143026426,3.447155069242477,20.437338784253022,10.67311039570392,328.80732024075695,2129.326896180143,0.8822045131378871,0.9643385783446958
233,194,-2.7805430457910134,2.7805430457910134,True,1.466348461692879,0.3087035027489858,0.6450120800523648,0.21873021375472515,61.0,12.0,1.4398689921257686,1.8957974574338454,17.748066616110187,8.838789141887252,286.59608458781156,1667.735005508021,0.9943024618823761,0.8653014700441919
234,28,-2.764827170585013,2.764827170585013,True,1.2417498590942986,0.3119924436944353,0.6215264955354097,0.28014356783872973,66.0,12.0,1.4681218994960767,1.8735607819169222,13.90828745144522,7.995521262102949,380.72240924737406,1856.993503671788,0.902584520914137,0.5637754187998598
235,73,-2.762062100206271,2.762062100206271,True,1.4312305072010463,0.316865761387578,0.8366625266164661,0.2670283616721492,79.0,11.0,1.8204226488073443,2.1715892098706173,11.29397830786402,7.133573896174264,442.6423426743116,1654.240817337729,0.9193737622487057,0.9596470997964481
236,103,-2.7595341601970045,2.7595341601970045,True,1.3857422555069538,0.26427310419339073,0.6855124628250797,0.2649550942223048,71.0,8.0,3.634677617205261,2.0851821077524764,16.034496109074404,10.36233834320069,278.93499979534727,1271.9277574179318,0.9265885142751371,0.7803896753036945
237,40,-2.727521148778869,2.727521148778869,True,1.1973148654233665,0.39715309258634457,0.7383641052361847,0.2681099106983573,63.0,7.0,1.0937846197172052,2.9508495131239822,19.837986472410893,11.812389161051446,257.7728628752023,2834.4403124535734,0.9703728003938312,0.9363916037438254
238,61,-2.7199290160107195,2.7199290160107195,True,1.4857716976762045,0.16319787554345166,0.6388728745961817,0.21850161212403452,44.0,3.0,1.4460028142619215,3.8734129660041474,18.0960177624975,13.187766092107433,281.56933471666855,1458.0691308816401,0.8580586960849177,0.7073359455398142
239,165,-2.714181903643704,2.714181903643704,True,1.5151533352558646,0.3115245544654537,0.7257932928180444,0.27908823803981453,77.0,16.0,1.4364345636746438,3.7046131350597284,19.98957441776734,12.69846964680504,364.34628901740314,1232.5745560567934,0.8306149145862036,0.5575651057874338
240,36,-2.6862621120970402,2.6862621120970402,True,1.0947333442624876,0.3935996189300617,0.6765115525871525,0.12456438279553741,66.0,8.0,2.502521859693901,1.0632248392615427,14.0315303751933,9.965143160945482,335.752408110138,2063.7075801860165,0.8745803885995171,0.7721134416457616
241,145,-2.636177190483034,2.636177190483034,True,1.3804170334045167,0.34342557734936796,0.8439096319317942,0.22822722359302924,45.0,15.0,4.372869786936719,3.2672792189596325,13.808264660526538,6.7494108086443925,424.3837994466135,2396.075982832746,0.851885303961816,0.6753371783774222
242,153,-2.6201260150623846,2.6201260150623846,True,1.474013282812679,0.39357183450733935,0.5767687764225753,0.25194754597844227,50.0,16.0,1.2225767026914407,3.321126666168132,14.461310496569462,9.439701694761386,325.8902724412926,2749.515827954896,0.8709788092072954,0.8075512711329811
243,34,-2.588928474358169,2.588928474358169,True,1.4858446985035316,0.3580804455264831,0.6687556928200429,0.11314140832493813,70.0,19.0,3.5375569405164393,1.4383888524617536,11.720109050675587,7.93336397277674,367.703845440723,2577.0739393718436,0.9063495229300226,0.771320018035623
244,218,-2.527901418117935,2.527901418117935,True,1.3253599999096466,0.3753190663395113,0.7367233415954916,0.25637394086924986,83.0,8.0,1.7114682652675697,3.168227297898653,18.734216328302963,12.551285815116048,306.66267227164604,1384.5507193816634,0.9050366744794834,0.6620351724699894
245,39,-2.480022707994808,2.480022707994808,True,1.287652850894704,0.3895858779825543,0.7306775589971473,0.2280549049045486,75.0,5.0,2.116903247145591,2.555919917476503,12.245790960288666,7.481969987950031,354.1787311503692,2134.7752554740714,0.894949544037832,0.820686471965566
246,232,-2.3564184798699355,2.3564184798699355,True,1.1876724954463602,0.39499008123498563,0.657154690571038,0.29077109503069604,61.0,9.0,1.0264365996712619,1.4942758337946918,19.04491758922889,13.11503017218157,245.2323750852275,2927.466878389959,0.7560136430287157,0.6622532575754515
247,241,-2.257094226590245,2.257094226590245,True,1.3335469696984097,0.37547402016303083,0.6049166999508675,0.25036069971826486,65.0,11.0,3.4807950496166677,2.62105355777724,11.11441888416223,6.056473418323593,436.56479079720253,1649.4217137537596,0.8852482714951426,0.7122897809379052
248,159,-2.080397250478769,2.080397250478769,True,1.3866979492259406,0.367235042016717,0.6786512015256146,0.20578499285489205,62.0,7.0,2.195955525926511,3.8497411368702217,16.05451117547041,7.804429086488267,356.6674650533632,1951.0122053364282,0.8411013014898022,0.8156466483925249
249,163,-1.8612811631996027,1.8612811631996027,True,1.2854172866418292,0.23805318752087076,0.48778392955959937,0.17215346158129913,41.0,4.0,1.26650409566593,2.1036629821125588,24.22048443571582,14.751127185148924,269.983108239315,2984.369390956805,0.7224688726650988,0.7100658843798568
250,55,-1.1758893998185314,1.1758893998185314,True,1.4071877508934174,0.32460543250223106,0.8174521277242701,0.2681259814163258,94.0,15.0,2.337363671053353,3.0182412466053385,22.611485909068676,9.756449608812288,303.3768212929884,2351.7249253726854,0.9621983826138637,0.5791096196678794
251,84,-1.0603390193156619,1.0603390193156619,True,0.9445346478793823,0.3372486701206446,0.74210497334029,0.2377628074871308,48.0,16.0,2.3415863766235736,4.182638624768305,11.44897135069829,8.42527448942912,438.44847796518457,2369.773933093565,0.812055249870907,0.7650153347042107
252,146,-0.7738406428293878,0.7738406428293878,True,1.3753163042865721,0.3250408793901568,0.5682833439199172,0.2623642193419358,26.0,4.0,1.5977453995932231,4.265079126251977,18.396932317746977,11.010872904472942,325.277330533241,1730.3721368207748,0.7955702843385024,0.8205714806733442
253,2,-0.1371599229623257,0.1371599229623257,True,1.414165774965314,0.23892884411692616,0.7394582583249543,0.29102250943534436,71.0,15.0,0.9519912780960322,1.057867529171276,10.527018782746321,6.866178642481843,486.4581059282602,2521.394730147946,0.8630818473147304,0.5874458972707053
254,164,-0.125,0.125,True,1.2598565198219607,0.36820781579815937,0.8664787276805523,0.14813136709292138,35.0,6.0,3.2685399380691322,1.3375409478269675,11.850410148875829,6.782241841108499,283.00377492074585,2466.537924384119,0.9995482312813568,0.7854946778443891
255,25,-0.06476683937823834,0.06476683937823834,True,1.1490626452259198,0.39452590953139344,0.7233750666481635,0.24637246955943337,74.0,3.0,1.4051787792162431,3.1637006739720235,11.204132434912273,6.4849722796228715,328.79411193273154,1133.8288443388033,0.9034238847585967,0.8967895795467696
256,231,-0.05,0.05,True,1.4058997951261973,0.3759143761894368,0.8853543851327136,0.16018007649939153,86.0,21.0,1.0644132180178227,2.6847130896713667,17.502924359514942,12.53514553663186,292.47920461412974,1773.8937687290024,0.510154748014747,0.9031638885382667
