generation,island,estimated_completed_candidates,elapsed_seconds,estimated_candidates_per_second,eta_seconds,convergence,best_objective,best_score,wing_span,wing_chord,tail_arm,nose_length,extra_shipping_containers,sensor_length_m,sensor_diameter_m,sensor_weight_kg,mission3_sensor_weight_kg,batt_capacity,prop_diameter_in,prop_pitch_in,motor_kv,motor_max_power,cruise_throttle,mission3_cruise_throttle
1,0,1024,0.4487486999714747,2281.9007610831895,62.376069296034984,0.0,1000000.0,-1000000.0,1.1557815402481706,0.14517320815473794,0.3094637643545866,0.16627226868644357,10.0,0.18521889449916779,0.015401131224073467,0.2708632395367445,0.06189847227096834,1.9539893688382328,10.00189823564142,4.0,459.50035182759166,1605.1701996475458,0.8101598797366023,0.6798348375596106
2,0,1536,0.5890088999876752,2607.7704429120513,54.385155098862015,0.0,1000000.0,-1000000.0,1.1557815402481706,0.14517320815473794,0.3094637643545866,0.16627226868644357,10.0,0.18521889449916779,0.015401131224073467,0.2708632395367445,0.06189847227096834,1.9539893688382328,10.00189823564142,4.0,459.50035182759166,1605.1701996475458,0.8101598797366023,0.6798348375596106
3,0,2048,0.6634075000183657,3087.092021032779,45.77511750126723,0.0,1000000.0,-1000000.0,1.1557815402481706,0.14517320815473794,0.3094637643545866,0.16627226868644357,10.0,0.18521889449916779,0.015401131224073467,0.2708632395367445,0.06189847227096834,1.9539893688382328,10.00189823564142,4.0,459.50035182759166,1605.1701996475458,0.8101598797366023,0.6798348375596106
4,0,2560,0.7353293999331072,3481.4329472381805,40.443116996320896,0.0,1000000.0,-1000000.0,1.1557815402481706,0.13059515785346867,0.657149480660172,0.2367849611448547,5.0,0.6009763928542097,0.0950684154994601,16.95087610328679,0.06189847227096834,2.8382591167103817,10.00189823564142,4.0,459.50035182759166,1860.6738415871682,0.6979443508911718,0.9400292798763407
5,0,3072,0.7904881000285968,3886.206509483023,36.098956567972586,0.0,1000000.0,-1000000.0,1.1967121250531483,0.28374664029994096,0.6392326744073128,0.2367849611448547,5.0,0.4725208749453409,0.10101644524602062,17.793787235100115,0.8334443688799382,3.0503862325947493,10.00189823564142,4.0,459.50035182759166,2003.5868264387684,0.7010627685759483,0.6536329899043223
6,0,3584,0.835260699968785,4290.875890765529,32.57516729878262,0.0,1000000.0,-1000000.0,1.1967121250531483,0.28374664029994096,0.6392326744073128,0.2367849611448547,5.0,0.4725208749453409,0.10101644524602062,17.793787235100115,0.8334443688799382,3.0503862325947493,10.00189823564142,4.0,459.50035182759166,2003.5868264387684,0.7010627685759483,0.6536329899043223
7,0,4096,0.8806368999648839,4651.17916381125,29.941654598806053,0.0,1000000.0,-1000000.0,1.1967121250531483,0.28374664029994096,0.6392326744073128,0.2367849611448547,5.0,0.4725208749453409,0.10101644524602062,17.793787235100115,0.8334443688799382,3.0503862325947493,10.00189823564142,4.0,459.50035182759166,2003.5868264387684,0.7010627685759483,0.6536329899043223
8,0,4608,0.9261026999447495,4975.69006145313,27.885981298336347,0.0,1000000.0,-1000000.0,1.1967121250531483,0.28374664029994096,0.6392326744073128,0.2367849611448547,5.0,0.4725208749453409,0.10101644524602062,17.793787235100115,0.8334443688799382,3.0503862325947493,10.00189823564142,4.0,459.50035182759166,2003.5868264387684,0.7010627685759483,0.6536329899043223
9,0,5120,0.9712165999226272,5271.738560078039,26.22284819791094,0.0,1000000.0,-1000000.0,1.1967121250531483,0.28374664029994096,0.6392326744073128,0.2367849611448547,5.0,0.4725208749453409,0.10101644524602062,17.793787235100115,0.8334443688799382,3.0503862325947493,10.00189823564142,4.0,459.50035182759166,2003.5868264387684,0.7010627685759483,0.6536329899043223
10,0,5632,1.0187943999189883,5528.10262840848,24.914153961655263,0.0,1000000.0,-1000000.0,1.1967121250531483,0.28374664029994096,0.6392326744073128,0.2367849611448547,5.0,0.4725208749453409,0.10101644524602062,17.793787235100115,0.8334443688799382,3.0503862325947493,10.00189823564142,4.0,459.50035182759166,2003.5868264387684,0.7010627685759483,0.6536329899043223
11,1,6656,1.581501099979505,4208.659734783781,32.481599514963676,0.0,1000000.0,-1000000.0,1.5169812388826163,0.25129492890089755,0.6060715142637492,0.26305205771699547,2.0,0.19786487113237375,0.01849336362639442,0.417215133267284,0.11794348243390118,1.8059272554677885,10.013293377123773,4.0,232.91278751567006,2717.3475194722414,0.5036164466291666,0.7228041547350585
12,1,7168,1.7055439000250772,4202.764877464958,32.405334100476466,0.0,1000000.0,-1000000.0,1.5169812388826163,0.25129492890089755,0.6060715142637492,0.26305205771699547,2.0,0.19786487113237375,0.01849336362639442,0.417215133267284,0.11794348243390118,1.8059272554677885,10.013293377123773,4.0,232.91278751567006,2717.3475194722414,0.5036164466291666,0.7228041547350585
13,1,7680,1.817336699925363,4225.964291765754,32.106281698681414,0.0,1000000.0,-1000000.0,1.5169812388826163,0.25129492890089755,0.6060715142637492,0.26305205771699547,2.0,0.19786487113237375,0.01849336362639442,0.417215133267284,0.11794348243390118,1.8059272554677885,10.013293377123773,4.0,232.91278751567006,2717.3475194722414,0.5036164466291666,0.7228041547350585
14,1,8192,1.870600500027649,4379.342355505045,30.86490825045621,0.0,1000000.0,-1000000.0,1.5169812388826163,0.25129492890089755,0.6060715142637492,0.26305205771699547,2.0,0.19786487113237375,0.01849336362639442,0.417215133267284,0.11794348243390118,1.8059272554677885,10.013293377123773,4.0,232.91278751567006,2717.3475194722414,0.5036164466291666,0.7228041547350585
15,1,8704,1.929487399989739,4511.042673845026,29.850305070429492,0.0,1000000.0,-1000000.0,1.5169812388826163,0.25129492890089755,0.6060715142637492,0.26305205771699547,2.0,0.19786487113237375,0.01849336362639442,0.417215133267284,0.11794348243390118,1.8059272554677885,10.013293377123773,4.0,232.91278751567006,2717.3475194722414,0.5036164466291666,0.7228041547350585
16,1,9216,1.9829919999465346,4647.522531734107,28.863550221444005,0.0,1000000.0,-1000000.0,1.5169812388826163,0.25129492890089755,0.6060715142637492,0.26305205771699547,2.0,0.19786487113237375,0.01849336362639442,0.417215133267284,0.11794348243390118,1.8059272554677885,10.013293377123773,4.0,232.91278751567006,2717.3475194722414,0.5036164466291666,0.7228041547350585
17,1,9728,2.0253935999935493,4803.017053095746,27.82251208412191,0.0,1000000.0,-1000000.0,1.5169812388826163,0.25129492890089755,0.6060715142637492,0.26305205771699547,2.0,0.19786487113237375,0.01849336362639442,0.417215133267284,0.11794348243390118,1.8059272554677885,10.013293377123773,4.0,232.91278751567006,2717.3475194722414,0.5036164466291666,0.7228041547350585
18,1,10240,2.06517509999685,4958.41732742934,26.84727629995905,0.0,1000000.0,-1000000.0,1.0722817799081787,0.25378544367512396,0.815091454423964,0.10527203755453231,4.0,0.23690011379510936,0.11257032568761924,1.527989918531496,1.0501249455602775,1.9471480851331595,10.00386990413465,4.0,293.3034644462168,2743.4237798778713,0.8704936159774661,0.7417305619695136
19,1,10752,2.1053382999962196,5107.017717779278,25.96583903328671,0.0,1000000.0,-1000000.0,1.0722817799081787,0.25378544367512396,0.815091454423964,0.10527203755453231,4.0,0.23690011379510936,0.11257032568761924,1.527989918531496,1.0501249455602775,1.9471480851331595,10.00386990413465,4.0,293.3034644462168,2743.4237798778713,0.8704936159774661,0.7417305619695136
20,1,11264,2.1446693999459967,5252.091534613041,25.15112296300305,0.0,1000000.0,-1000000.0,1.0722817799081787,0.25378544367512396,0.815091454423964,0.10527203755453231,4.0,0.23690011379510936,0.11257032568761924,1.527989918531496,1.0501249455602775,1.9471480851331595,10.00386990413465,4.0,293.3034644462168,2743.4237798778713,0.8704936159774661,0.7417305619695136
21,2,12288,4.217506899964064,2913.5696257200434,44.986740266283356,0.0,1000000.0,-1000000.0,1.4383301427504556,0.3551552666351199,0.6736185528201929,0.1697229960501628,3.0,0.2792109104921886,0.11607749625708938,9.06700934643736,1.5986334298657994,3.0204195308232205,10.02591451164335,4.0,493.45727900011707,1153.8068461641647,0.7005053039051201,0.6929468930169105
22,2,12800,4.335293099982664,2952.510869461441,44.21998961982317,0.0,1000000.0,-1000000.0,1.1412995427237285,0.13882219027727843,0.38814274296348594,0.19239639066436207,2.0,0.5069080607523513,0.14391479387340117,13.773862826546083,0.19854281362859894,1.9866405730755408,10.001016973085445,4.0,387.6581000164151,2102.481222260562,0.798018554204724,0.7390297516871163
23,2,13312,4.486314099980518,2967.2465421130028,43.82783774596352,0.0,1000000.0,-1000000.0,1.1412995427237285,0.13882219027727843,0.38814274296348594,0.19239639066436207,2.0,0.5069080607523513,0.14391479387340117,13.773862826546083,0.19854281362859894,1.9866405730755408,10.001016973085445,4.0,387.6581000164151,2102.481222260562,0.798018554204724,0.7390297516871163
24,2,13824,4.548297000001185,3039.3793545136564,42.61922744445555,0.0,1000000.0,-1000000.0,1.146105904289085,0.1852256938785965,0.8137556270998914,0.2946886403486252,2.0,0.5627460525967256,0.14703075940350832,13.773862826546083,0.19854281362859894,2.562207166723262,10.001016973085445,4.0,387.6581000164151,2420.3190332189142,0.9141167184585147,0.7073204074149559
25,2,14336,4.5917346000205725,3122.131666742187,41.32561140018515,0.0,1000000.0,-1000000.0,1.146105904289085,0.1852256938785965,0.8137556270998914,0.2946886403486252,2.0,0.5627460525967256,0.14703075940350832,13.773862826546083,0.19854281362859894,2.562207166723262,10.001016973085445,4.0,387.6581000164151,2420.3190332189142,0.9141167184585147,0.7073204074149559
26,2,14848,4.634285199921578,3203.9461016018736,40.1105374200109,0.0,1000000.0,-1000000.0,1.146105904289085,0.1852256938785965,0.8137556270998914,0.2946886403486252,2.0,0.5627460525967256,0.14703075940350832,13.773862826546083,0.19854281362859894,2.562207166723262,10.001016973085445,4.0,387.6581000164151,2420.3190332189142,0.9141167184585147,0.7073204074149559
27,2,15360,4.677652699989267,3283.6982531933686,38.98043916657723,0.0,1000000.0,-1000000.0,1.146105904289085,0.1852256938785965,0.8137556270998914,0.2946886403486252,2.0,0.5627460525967256,0.14703075940350832,13.773862826546083,0.19854281362859894,2.562207166723262,10.001016973085445,4.0,387.6581000164151,2420.3190332189142,0.9141167184585147,0.7073204074149559
28,2,15872,4.72141749993898,3361.702285427021,37.923643789832454,0.0,1000000.0,-1000000.0,1.146105904289085,0.1852256938785965,0.8137556270998914,0.2946886403486252,2.0,0.5627460525967256,0.14703075940350832,13.773862826546083,0.19854281362859894,2.562207166723262,10.001016973085445,4.0,387.6581000164151,2420.3190332189142,0.9141167184585147,0.7073204074149559
29,2,16384,4.764636799925938,3438.6671404323356,36.92593519942602,0.0,1000000.0,-1000000.0,1.146105904289085,0.1852256938785965,0.8137556270998914,0.2946886403486252,2.0,0.5627460525967256,0.14703075940350832,13.773862826546083,0.19854281362859894,2.562207166723262,10.001016973085445,4.0,387.6581000164151,2420.3190332189142,0.9141167184585147,0.7073204074149559
30,2,16896,4.807753799948841,3514.3230504398516,35.98530874507163,0.0,1000000.0,-1000000.0,1.146105904289085,0.1852256938785965,0.8137556270998914,0.2946886403486252,2.0,0.5627460525967256,0.14703075940350832,13.773862826546083,0.19854281362859894,2.562207166723262,10.001016973085445,4.0,387.6581000164151,2420.3190332189142,0.9141167184585147,0.7073204074149559
31,3,17920,6.820734099950641,2627.2831835109478,47.74513869965449,0.0,1000000.0,-1000000.0,1.0500275827944279,0.2939084691554308,0.8165623515844345,0.17516398936510086,8.0,0.31141231186017393,0.1016500599312596,19.838580533731925,7.703359755888883,3.2438803061440185,10.005153082311153,4.0,492.87428567186,1363.9447689056396,0.6062461640685797,0.7443924411199987
32,3,18432,6.936050600023009,2657.420059758338,47.01100962237817,0.0,1000000.0,-1000000.0,1.0500275827944279,0.2939084691554308,0.8165623515844345,0.17516398936510086,8.0,0.31141231186017393,0.1016500599312596,19.838580533731925,7.703359755888883,3.2438803061440185,10.005153082311153,4.0,492.87428567186,1363.9447689056396,0.6062461640685797,0.7443924411199987
33,3,18944,7.037724399939179,2691.779177963223,46.220730518519474,0.0,1000000.0,-1000000.0,1.0500275827944279,0.30288302340490914,0.8165623515844345,0.17941367083254744,10.0,0.4057773697504669,0.06008735669886563,9.01464789590144,8.444221213568092,3.2438803061440185,10.005153082311153,4.0,336.7813772916369,1144.5981272300642,0.5835458604603528,0.7443924411199987
34,3,19456,7.089934299932793,2744.1721145687384,45.151686857466736,0.0,1000000.0,-1000000.0,1.0500275827944279,0.30288302340490914,0.8165623515844345,0.17941367083254744,10.0,0.4057773697504669,0.06008735669886563,9.01464789590144,8.444221213568092,3.2438803061440185,10.005153082311153,4.0,336.7813772916369,1144.5981272300642,0.5835458604603528,0.7443924411199987
35,3,19968,7.13901539996732,2797.024362784174,44.115454138259594,0.0,1000000.0,-1000000.0,1.7906377680490158,0.21768104084001,0.8841686524768086,0.17580615268024863,8.0,0.5527782611969688,0.05234567281155747,8.674908813944157,1.7394419012763365,2.855923345765552,10.002721815219775,4.0,329.4208778777515,1117.161357017917,0.7687800632588138,0.9284604484139446
36,3,20480,7.1801835999358445,2852.2947519312725,43.08110159961507,0.0,1000000.0,-1000000.0,1.7906377680490158,0.21768104084001,0.8841686524768086,0.17580615268024863,8.0,0.5527782611969688,0.05234567281155747,8.674908813944157,1.7394419012763365,2.855923345765552,10.002721815219775,4.0,329.4208778777515,1117.161357017917,0.7687800632588138,0.9284604484139446
37,3,20992,7.219131599995308,2907.8289693477323,42.08225493655801,0.0,1000000.0,-1000000.0,1.7906377680490158,0.21768104084001,0.8841686524768086,0.17580615268024863,8.0,0.5527782611969688,0.05234567281155747,8.674908813944157,1.7394419012763365,2.855923345765552,10.002721815219775,4.0,329.4208778777515,1117.161357017917,0.7687800632588138,0.9284604484139446
38,3,21504,7.259333099937066,2962.2555824289734,41.13622089964338,0.0,1000000.0,-1000000.0,1.7906377680490158,0.21768104084001,0.8841686524768086,0.17580615268024863,8.0,0.5527782611969688,0.05234567281155747,8.674908813944157,1.7394419012763365,2.855923345765552,10.002721815219775,4.0,329.4208778777515,1117.161357017917,0.7687800632588138,0.9284604484139446
39,3,22016,7.300033299950883,3015.87665362405,40.23506725786882,0.0,1000000.0,-1000000.0,1.7906377680490158,0.21768104084001,0.8841686524768086,0.17580615268024863,8.0,0.5527782611969688,0.05234567281155747,8.674908813944157,1.7394419012763365,2.855923345765552,10.002721815219775,4.0,329.4208778777515,1117.161357017917,0.7687800632588138,0.9284604484139446
40,3,22528,7.345505199977197,3066.9095435491536,39.398618799877696,0.0,1000000.0,-1000000.0,1.7906377680490158,0.21768104084001,0.8841686524768086,0.17580615268024863,8.0,0.5527782611969688,0.05234567281155747,8.674908813944157,1.7394419012763365,2.855923345765552,10.002721815219775,4.0,329.4208778777515,1117.161357017917,0.7687800632588138,0.9284604484139446
41,4,23552,8.44563139998354,2788.660655974863,42.96255973035105,0.0,1000000.0,-1000000.0,1.2154427355267108,0.16613493546843527,0.6602373942732811,0.20494185157120226,2.0,0.4702227307531982,0.05200354268085211,1.9055639457461595,0.6647973841962767,2.7811233022728477,10.02908369526267,4.0,536.3321766722947,2527.095038443804,0.9936459246091545,0.627909529954195
42,4,24064,8.539835299947299,2817.8529391718484,42.33577925293022,0.0,1000000.0,-1000000.0,1.5225089164854115,0.1668621478780477,0.7817442000415674,0.2721486143397069,5.0,0.541935059198249,0.05846075661935097,7.962593315356408,0.2235722265028457,2.219274464249161,10.001134905849598,4.0,510.9794232200083,1240.1541086808197,0.7164170288876819,0.7784382611530634
43,4,24576,8.643525999970734,2843.2840949495853,41.777042333191886,0.0,1000000.0,-1000000.0,1.5225089164854115,0.1668621478780477,0.7817442000415674,0.2721486143397069,5.0,0.541935059198249,0.05846075661935097,7.962593315356408,0.2235722265028457,2.219274464249161,10.001134905849598,4.0,510.9794232200083,1240.1541086808197,0.7164170288876819,0.7784382611530634
44,4,25088,8.723499099956825,2875.91019527063,41.12506718551075,0.0,1000000.0,-1000000.0,1.5225089164854115,0.1668621478780477,0.7817442000415674,0.2721486143397069,5.0,0.541935059198249,0.05846075661935097,7.962593315356408,0.2235722265028457,2.219274464249161,10.001134905849598,4.0,510.9794232200083,1240.1541086808197,0.7164170288876819,0.7784382611530634
45,4,25600,8.778169399942271,2916.3255838020573,40.37957923973445,0.0,1000000.0,-1000000.0,1.5225089164854115,0.1668621478780477,0.7817442000415674,0.2721486143397069,5.0,0.541935059198249,0.05846075661935097,7.962593315356408,0.2235722265028457,2.219274464249161,10.001134905849598,4.0,510.9794232200083,1240.1541086808197,0.7164170288876819,0.7784382611530634
46,4,26112,8.838872499996796,2954.222950948717,39.68827063724052,0.0,1000000.0,-1000000.0,1.5225089164854115,0.1668621478780477,0.7817442000415674,0.2721486143397069,5.0,0.541935059198249,0.05846075661935097,7.962593315356408,0.2235722265028457,2.219274464249161,10.001134905849598,4.0,510.9794232200083,1240.1541086808197,0.7164170288876819,0.7784382611530634
47,4,26624,8.895531999995,2992.9632089474762,39.003486461516545,0.0,1000000.0,-1000000.0,1.5225089164854115,0.1668621478780477,0.7817442000415674,0.2721486143397069,5.0,0.541935059198249,0.05846075661935097,7.962593315356408,0.2235722265028457,2.219274464249161,10.001134905849598,4.0,510.9794232200083,1240.1541086808197,0.7164170288876819,0.7784382611530634
48,4,27136,8.965788499917835,3026.616119736561,38.400641310968844,0.0,1000000.0,-1000000.0,1.5225089164854115,0.1668621478780477,0.7817442000415674,0.2721486143397069,5.0,0.541935059198249,0.05846075661935097,7.962593315356408,0.2235722265028457,2.219274464249161,10.001134905849598,4.0,510.9794232200083,1240.1541086808197,0.7164170288876819,0.7784382611530634
49,4,27648,9.059540599933825,3051.8103754843764,37.91585510342675,0.0,1000000.0,-1000000.0,1.5225089164854115,0.1668621478780477,0.7817442000415674,0.2721486143397069,5.0,0.541935059198249,0.05846075661935097,7.962593315356408,0.2235722265028457,2.219274464249161,10.001134905849598,4.0,510.9794232200083,1240.1541086808197,0.7164170288876819,0.7784382611530634
50,4,28160,9.179164099972695,3067.8174715368436,37.55112586352466,0.0,1000000.0,-1000000.0,1.169519000127793,0.1668621478780477,0.7817442000415674,0.2721486143397069,5.0,0.541935059198249,0.08904024869747028,7.962593315356408,6.390747865847501,2.512815714499094,10.001134905849598,4.0,498.1252487049307,1240.1541086808197,0.9194318353243908,0.5675973623576193
51,5,29184,9.487002699985169,3076.208674426289,37.115817580643736,0.0,1000000.0,-1000000.0,1.0667148554649204,0.14588706038892268,0.6915690980851651,0.10990760182961822,5.0,0.3235550653260201,0.10501383815463633,21.998891863560605,20.33422516828258,1.2718773035181532,10.015402026474476,4.0,466.1970490589738,2933.160634711385,0.7244954477064312,0.985460287425667
52,5,29696,9.613189599942416,3089.0891822395643,36.79531191702097,0.0,1000000.0,-1000000.0,1.0667148554649204,0.14588706038892268,0.6915690980851651,0.10990760182961822,5.0,0.3235550653260201,0.10501383815463633,21.998891863560605,20.33422516828258,1.2718773035181532,10.015402026474476,4.0,466.1970490589738,2933.160634711385,0.7244954477064312,0.985460287425667
53,5,30208,9.718896999955177,3108.171637186742,36.404681982882956,0.0,1000000.0,-1000000.0,1.0667148554649204,0.14588706038892268,0.6915690980851651,0.10990760182961822,5.0,0.3235550653260201,0.10501383815463633,21.998891863560605,20.33422516828258,1.2718773035181532,10.015402026474476,4.0,466.1970490589738,2933.160634711385,0.7244954477064312,0.985460287425667
54,5,30720,9.803085000021383,3133.7073992455425,35.94464500007841,0.0,1000000.0,-1000000.0,1.0667148554649204,0.14588706038892268,0.6915690980851651,0.10990760182961822,5.0,0.3235550653260201,0.10501383815463633,21.998891863560605,20.33422516828258,1.2718773035181532,10.015402026474476,4.0,466.1970490589738,2933.160634711385,0.7244954477064312,0.985460287425667
55,5,31232,9.863890899927355,3166.2961722569353,35.41298536203428,0.0,1000000.0,-1000000.0,1.0667148554649204,0.14588706038892268,0.6915690980851651,0.10990760182961822,5.0,0.3235550653260201,0.10501383815463633,21.998891863560605,20.33422516828258,1.2718773035181532,10.015402026474476,4.0,466.1970490589738,2933.160634711385,0.7244954477064312,0.985460287425667
56,5,31744,9.912972699967213,3202.268477961711,34.85529110633633,0.0,1000000.0,-1000000.0,1.0667148554649204,0.14588706038892268,0.8043770834306293,0.10990760182961822,6.0,0.37454539584040525,0.15069502431940524,41.45330906096333,20.33422516828258,1.0293987026363827,10.015402026474476,4.0,466.1970490589738,2904.8840680736225,0.671337633206403,0.985460287425667
57,5,32256,9.95622649998404,3239.7816582468977,34.29366905550058,0.0,1000000.0,-1000000.0,1.0667148554649204,0.14588706038892268,0.8043770834306293,0.10990760182961822,6.0,0.37454539584040525,0.15069502431940524,41.45330906096333,20.33422516828258,1.0293987026363827,10.015402026474476,4.0,466.1970490589738,2904.8840680736225,0.671337633206403,0.985460287425667
58,5,32768,9.99758440000005,3277.5917350595046,33.74184735000017,0.0,1000000.0,-1000000.0,1.0667148554649204,0.14588706038892268,0.8043770834306293,0.10990760182961822,6.0,0.37454539584040525,0.15069502431940524,41.45330906096333,20.33422516828258,1.0293987026363827,10.015402026474476,4.0,466.1970490589738,2904.8840680736225,0.671337633206403,0.985460287425667
59,5,33280,10.036640799953602,3315.850458666793,33.1981195690773,0.0,1000000.0,-1000000.0,1.0667148554649204,0.14588706038892268,0.8043770834306293,0.10990760182961822,6.0,0.37454539584040525,0.15069502431940524,41.45330906096333,20.33422516828258,1.0293987026363827,10.015402026474476,4.0,466.1970490589738,2904.8840680736225,0.671337633206403,0.985460287425667
60,5,33792,10.075680500012822,3353.818136646651,32.669630712162785,0.0,1000000.0,-1000000.0,1.0667148554649204,0.14588706038892268,0.8043770834306293,0.10990760182961822,6.0,0.37454539584040525,0.15069502431940524,41.45330906096333,20.33422516828258,1.0293987026363827,10.015402026474476,4.0,466.1970490589738,2904.8840680736225,0.671337633206403,0.985460287425667
61,0,34816,10.453715599956922,3330.4904526141377,32.590995693983345,0.0,1000000.0,-1000000.0,1.531576980993924,0.3678652772760815,0.6392326744073128,0.2367849611448547,2.0,0.4725208749453409,0.13159880847717526,25.13746268106526,2.642337487661891,3.313735032312665,10.00189823564142,4.0,430.50718904127933,2003.5868264387684,0.7531510569648057,0.7806664373672648
62,0,35328,10.569935799925588,3342.309799104807,32.32255730122173,0.0,1000000.0,-1000000.0,1.531576980993924,0.3678652772760815,0.6392326744073128,0.2367849611448547,2.0,0.4725208749453409,0.13159880847717526,25.13746268106526,2.642337487661891,3.313735032312665,10.00189823564142,4.0,430.50718904127933,2003.5868264387684,0.7531510569648057,0.7806664373672648
63,0,35840,10.680972800008021,3355.4996039286875,32.042918400024064,0.0,1000000.0,-1000000.0,1.531576980993924,0.3678652772760815,0.6392326744073128,0.2367849611448547,2.0,0.4725208749453409,0.13159880847717526,25.13746268106526,2.642337487661891,3.313735032312665,10.00189823564142,4.0,430.50718904127933,2003.5868264387684,0.7531510569648057,0.7806664373672648
64,0,36352,10.74850859993603,3382.0506037662144,31.639976019530007,0.0,1000000.0,-1000000.0,1.3348776377558709,0.22443953383316706,0.6326645745957509,0.12511960829614205,9.0,0.33761213365751847,0.06308347002060206,6.688186515548928,2.461185907601056,2.256525777669509,10.000086087334953,4.0,495.43264597910286,2607.1835712735146,0.6704983991370698,0.8145667890271722
65,0,36864,10.820567399961874,3406.8453748673005,31.25941693322319,0.0,1000000.0,-1000000.0,1.3348776377558709,0.22443953383316706,0.6326645745957509,0.12511960829614205,9.0,0.33761213365751847,0.06308347002060206,6.688186515548928,2.461185907601056,2.256525777669509,10.000086087334953,4.0,495.43264597910286,2607.1835712735146,0.6704983991370698,0.8145667890271722
66,0,37376,10.88264359999448,3434.4596197213473,30.85900308491586,0.0,1000000.0,-1000000.0,1.3348776377558709,0.22443953383316706,0.6326645745957509,0.12511960829614205,9.0,0.33761213365751847,0.06308347002060206,6.688186515548928,2.461185907601056,2.256525777669509,10.000086087334953,4.0,495.43264597910286,2607.1835712735146,0.6704983991370698,0.8145667890271722
67,0,37888,10.929428900009952,3466.6038222697525,30.425166937865544,0.0,1000000.0,-1000000.0,1.3348776377558709,0.22443953383316706,0.6326645745957509,0.12511960829614205,9.0,0.33761213365751847,0.06308347002060206,6.688186515548928,2.461185907601056,2.256525777669509,10.000086087334953,4.0,495.43264597910286,2607.1835712735146,0.6704983991370698,0.8145667890271722
68,0,38400,10.97072029998526,3500.2259605553513,29.98663548662638,0.0,1000000.0,-1000000.0,1.3348776377558709,0.22443953383316706,0.6326645745957509,0.12511960829614205,9.0,0.33761213365751847,0.06308347002060206,6.688186515548928,2.461185907601056,2.256525777669509,10.000086087334953,4.0,495.43264597910286,2607.1835712735146,0.6704983991370698,0.8145667890271722
69,0,38912,11.008860499947332,3534.6074191953076,29.55009923670073,0.0,1000000.0,-1000000.0,1.3348776377558709,0.22443953383316706,0.6326645745957509,0.12511960829614205,9.0,0.33761213365751847,0.06308347002060206,6.688186515548928,2.461185907601056,2.256525777669509,10.000086087334953,4.0,495.43264597910286,2607.1835712735146,0.6704983991370698,0.8145667890271722
70,0,39424,11.047377499984577,3568.6297494636206,29.12490431814116,0.0,1000000.0,-1000000.0,1.3348776377558709,0.22443953383316706,0.6326645745957509,0.12511960829614205,9.0,0.33761213365751847,0.06308347002060206,6.688186515548928,2.461185907601056,2.256525777669509,10.000086087334953,4.0,495.43264597910286,2607.1835712735146,0.6704983991370698,0.8145667890271722
71,1,40448,12.434901800006628,3252.780009889458,31.63816787090294,0.0,1000000.0,-1000000.0,1.0722817799081787,0.25378544367512396,0.815091454423964,0.10527203755453231,4.0,0.23690011379510933,0.11257032568761925,1.527989918531496,1.0501249455602775,1.9471480851331595,10.00386990413465,4.0,293.3034644462168,2743.4237798778713,0.8704936159774661,0.7417305619695136
72,1,40960,12.546645800000988,3264.6175442361478,31.366614500002466,0.0,1000000.0,-1000000.0,1.0722817799081787,0.25378544367512396,0.815091454423964,0.10527203755453231,4.0,0.23690011379510933,0.11257032568761925,1.527989918531496,1.0501249455602775,1.9471480851331595,10.00386990413465,4.0,293.3034644462168,2743.4237798778713,0.8704936159774661,0.7417305619695136
73,1,41472,12.65963989996817,3275.9225639667898,31.102078272761304,0.0,1000000.0,-1000000.0,1.0722817799081787,0.25378544367512396,0.815091454423964,0.10527203755453231,4.0,0.23690011379510933,0.11257032568761925,1.527989918531496,1.0501249455602775,1.9471480851331595,10.00386990413465,4.0,293.3034644462168,2743.4237798778713,0.8704936159774661,0.7417305619695136
74,1,41984,12.73351609997917,3297.1254499037136,30.746782777998483,0.0,1000000.0,-1000000.0,1.635657229944137,0.248771274798879,0.7547628332970624,0.0993869108010288,4.0,0.3479650295619803,0.12226029880751116,2.1244466248338156,1.4141956028442593,3.1497826778035374,10.000951458781742,4.0,275.1986145115639,2602.569078006755,0.8241157457977605,0.9025244543471544
75,1,42496,12.870989399962127,3301.688679824804,30.549215804729386,0.0,1000000.0,-1000000.0,1.635657229944137,0.248771274798879,0.7547628332970624,0.0993869108010288,4.0,0.3479650295619803,0.12226029880751116,2.1244466248338156,1.4141956028442593,3.1497826778035374,10.000951458781742,4.0,275.1986145115639,2602.569078006755,0.8241157457977605,0.9025244543471544
76,1,43008,13.0114718999248,3305.3908374692464,30.360101099824533,0.0,1000000.0,-1000000.0,1.5578635305291968,0.3000757173468165,0.6527331414332374,0.1277342267465939,1.0,0.3207546016645159,0.09033090725978084,13.093094394978664,0.4104905194781594,3.2795812671767033,10.000850555434699,4.0,437.7078650818854,1071.265161848739,0.8945517110489365,0.8217449911414613
77,1,43520,13.125207999954,3315.7569769677193,30.110771294012117,0.0,1000000.0,-1000000.0,1.5578635305291968,0.3000757173468165,0.6527331414332374,0.1277342267465939,1.0,0.3207546016645159,0.09033090725978084,13.093094394978664,0.4104905194781594,3.2795812671767033,10.000850555434699,4.0,437.7078650818854,1071.265161848739,0.8945517110489365,0.8217449911414613
78,1,44032,13.230014399974607,3328.189877108865,29.84445108831481,0.0,1000000.0,-1000000.0,1.5578635305291968,0.3000757173468165,0.6527331414332374,0.1277342267465939,1.0,0.3207546016645159,0.09033090725978084,13.093094394978664,0.4104905194781594,3.2795812671767033,10.000850555434699,4.0,437.7078650818854,1071.265161848739,0.8945517110489365,0.8217449911414613
79,1,44544,13.363310299930163,3333.305820207796,29.645044688350822,0.0,1000000.0,-1000000.0,1.5578635305291968,0.3000757173468165,0.6527331414332374,0.1277342267465939,1.0,0.3207546016645159,0.09033090725978084,13.093094394978664,0.4104905194781594,3.2795812671767033,10.000850555434699,4.0,437.7078650818854,1071.265161848739,0.8945517110489365,0.8217449911414613
80,1,45056,13.505086399964057,3336.2244909532687,29.465643054467034,0.0,1000000.0,-1000000.0,1.4673659018781662,0.30954114382993697,0.8402075576149861,0.12676722926675765,0.0,0.5131961621837331,0.1478058853028552,15.366318520585839,2.289866537696909,2.6627133062777406,10.000367100981933,4.0,560.071144669251,1510.681452565987,0.9279999146773152,0.9153209195330938
81,2,46080,13.878336800029501,3320.282586015786,29.298711022284504,0.0,1000000.0,-1000000.0,1.146105904289085,0.1852256938785965,0.8137556270998914,0.2946886403486252,2.0,0.5627460525967256,0.14703075940350832,13.773862826546079,0.19854281362859894,2.562207166723262,10.001016973085445,4.0,387.6581000164151,2420.3190332189142,0.9141167184585147,0.7073204074149559
82,2,46592,14.005631899926811,3326.661755278851,29.088620099847994,0.0,1000000.0,-1000000.0,1.5026651364609158,0.2691318841777102,0.6283867319642554,0.12250299222298024,4.0,0.3971090770650014,0.14001658201892786,11.37731480219582,10.213686039978647,2.5532662659105214,10.000351950111,4.0,259.4127788848324,1547.7216583881795,0.9038795104368385,0.7023018216323925
83,2,47104,14.132803899934515,3332.9550408760897,28.88007753464879,0.0,1000000.0,-1000000.0,1.180674313079372,0.2035108622456427,0.4783750419803409,0.13778452450056428,6.0,0.2909350224159923,0.13170030734156835,12.456067702465742,0.6186009490599531,2.321814736717224,10.000009011718575,4.0,250.45972863499534,1724.2431003343643,0.6864746054208659,0.6512821905960331
84,2,47616,14.188351799966767,3355.992342966258,28.529266522513826,0.0,1000000.0,-1000000.0,1.180674313079372,0.2035108622456427,0.4783750419803409,0.13778452450056428,6.0,0.2909350224159923,0.13170030734156835,12.456067702465742,0.6186009490599531,2.321814736717224,10.000009011718575,4.0,250.45972863499534,1724.2431003343643,0.6864746054208659,0.6512821905960331
85,2,48128,14.2414848000044,3379.4229096101785,28.17995928511509,0.0,1000000.0,-1000000.0,1.180674313079372,0.2035108622456427,0.4783750419803409,0.13778452450056428,6.0,0.2909350224159923,0.13170030734156835,12.456067702465742,0.6186009490599531,2.321814736717224,10.000009011718575,4.0,250.45972863499534,1724.2431003343643,0.6864746054208659,0.6512821905960331
86,2,48640,14.294896199950017,3402.6130249319385,27.837429442007927,0.0,1000000.0,-1000000.0,1.180674313079372,0.2035108622456427,0.4783750419803409,0.13778452450056428,6.0,0.2909350224159923,0.13170030734156835,12.456067702465742,0.6186009490599531,2.321814736717224,10.000009011718575,4.0,250.45972863499534,1724.2431003343643,0.6864746054208659,0.6512821905960331
87,2,49152,14.338282199925743,3428.025708704112,27.481707549857674,0.0,1000000.0,-1000000.0,1.180674313079372,0.2035108622456427,0.4783750419803409,0.13778452450056428,6.0,0.2909350224159923,0.13170030734156835,12.456067702465742,0.6186009490599531,2.321814736717224,10.000009011718575,4.0,250.45972863499534,1724.2431003343643,0.6864746054208659,0.6512821905960331
88,2,49664,14.379433399997652,3453.8217618510694,27.12820940411928,0.0,1000000.0,-1000000.0,1.180674313079372,0.2035108622456427,0.4783750419803409,0.13778452450056428,6.0,0.2909350224159923,0.13170030734156835,12.456067702465742,0.6186009490599531,2.321814736717224,10.000009011718575,4.0,250.45972863499534,1724.2431003343643,0.6864746054208659,0.6512821905960331
89,2,50176,14.421995099983178,3479.130290375603,26.783705185683043,0.0,1000000.0,-1000000.0,1.180674313079372,0.2035108622456427,0.4783750419803409,0.13778452450056428,6.0,0.2909350224159923,0.13170030734156835,12.456067702465742,0.6186009490599531,2.321814736717224,10.000009011718575,4.0,250.45972863499534,1724.2431003343643,0.6864746054208659,0.6512821905960331
90,2,50688,14.462735299952328,3504.7312246783,26.441970598902742,0.0,1000000.0,-1000000.0,1.180674313079372,0.2035108622456427,0.4783750419803409,0.13778452450056428,6.0,0.2909350224159923,0.13170030734156835,12.456067702465742,0.6186009490599531,2.321814736717224,10.000009011718575,4.0,250.45972863499534,1724.2431003343643,0.6864746054208659,0.6512821905960331
91,3,51712,14.952105399919674,3458.509595597006,26.499275906788334,0.0,1000000.0,-1000000.0,1.7906377680490158,0.21768104084001,0.8841686524768086,0.17580615268024863,8.0,0.5527782611969688,0.05234567281155747,8.67490881394415,1.7394419012763365,2.855923345765552,10.002721815219775,4.0,329.4208778777515,1117.161357017917,0.7687800632588138,0.9284604484139446
92,3,52224,15.067608600016683,3465.978005291575,26.294454223558525,0.0,1000000.0,-1000000.0,1.7906377680490158,0.21768104084001,0.8841686524768086,0.17580615268024863,8.0,0.5527782611969688,0.05234567281155747,8.67490881394415,1.7394419012763365,2.855923345765552,10.002721815219775,4.0,329.4208778777515,1117.161357017917,0.7687800632588138,0.9284604484139446
93,3,52736,15.16445079992991,3477.606983316781,26.05929894745237,0.0,1000000.0,-1000000.0,1.7906377680490158,0.21768104084001,0.8841686524768086,0.17580615268024863,8.0,0.5527782611969688,0.05234567281155747,8.67490881394415,1.7394419012763365,2.855923345765552,10.002721815219775,4.0,329.4208778777515,1117.161357017917,0.7687800632588138,0.9284604484139446
94,3,53248,15.234698300017044,3495.179159533499,25.78179712310577,0.0,1000000.0,-1000000.0,1.7906377680490158,0.21768104084001,0.8841686524768086,0.17580615268024863,8.0,0.5527782611969688,0.05234567281155747,8.67490881394415,1.7394419012763365,2.855923345765552,10.002721815219775,4.0,329.4208778777515,1117.161357017917,0.7687800632588138,0.9284604484139446
95,3,53760,15.321333299973048,3508.8330073789707,25.53555549995508,0.0,1000000.0,-1000000.0,1.7906377680490158,0.21768104084001,0.8841686524768086,0.17580615268024863,8.0,0.5527782611969688,0.05234567281155747,8.67490881394415,1.7394419012763365,2.855923345765552,10.002721815219775,4.0,329.4208778777515,1117.161357017917,0.7687800632588138,0.9284604484139446
96,3,54272,15.447563200024888,3513.3049334222865,25.357320724569156,0.0,1000000.0,-1000000.0,1.7906377680490158,0.21768104084001,0.8841686524768086,0.17580615268024863,8.0,0.5527782611969688,0.05234567281155747,8.67490881394415,1.7394419012763365,2.855923345765552,10.002721815219775,4.0,329.4208778777515,1117.161357017917,0.7687800632588138,0.9284604484139446
97,3,54784,15.589403499965556,3514.1819249287532,25.205297247607863,0.0,1000000.0,-1000000.0,1.7906377680490158,0.21768104084001,0.8841686524768086,0.17580615268024863,8.0,0.5527782611969688,0.05234567281155747,8.67490881394415,1.7394419012763365,2.855923345765552,10.002721815219775,4.0,329.4208778777515,1117.161357017917,0.7687800632588138,0.9284604484139446
98,3,55296,15.7010962999193,3521.7922967763857,25.00544966283444,0.0,1000000.0,-1000000.0,1.7906377680490158,0.21768104084001,0.8841686524768086,0.17580615268024863,8.0,0.5527782611969688,0.05234567281155747,8.67490881394415,1.7394419012763365,2.855923345765552,10.002721815219775,4.0,329.4208778777515,1117.161357017917,0.7687800632588138,0.9284604484139446
99,3,55808,15.788262899965048,3534.7777240347036,24.768742714624064,0.0,1000000.0,-1000000.0,1.7906377680490158,0.21768104084001,0.8841686524768086,0.17580615268024863,8.0,0.5527782611969688,0.05234567281155747,8.67490881394415,1.7394419012763365,2.855923345765552,10.002721815219775,4.0,329.4208778777515,1117.161357017917,0.7687800632588138,0.9284604484139446
100,3,56320,15.894764699973166,3543.305048114055,24.564636354503985,0.0,1000000.0,-1000000.0,1.7906377680490158,0.21768104084001,0.8841686524768086,0.17580615268024863,8.0,0.5527782611969688,0.05234567281155747,8.67490881394415,1.7394419012763365,2.855923345765552,10.002721815219775,4.0,329.4208778777515,1117.161357017917,0.7687800632588138,0.9284604484139446
101,4,57344,16.256935799960047,3527.3559978099274,24.38540369994007,0.0,1000000.0,-1000000.0,1.169519000127793,0.1668621478780477,0.7817442000415674,0.2721486143397069,5.0,0.541935059198249,0.08904024869747028,7.962593315356408,6.390747865847501,2.512815714499094,10.001134905849598,4.0,498.1252487049307,1240.1541086808197,0.9194318353243908,0.5675973623576193
102,4,57856,16.35543599992525,3537.417162114445,24.171308070685985,0.0,1000000.0,-1000000.0,0.9804567696644266,0.21731794468585966,0.6438805058476782,0.24308160884959862,8.0,0.35655524963297464,0.08130253071868852,7.962593315356408,6.390747865847501,2.68776680984334,10.001134905849598,4.0,498.1252487049307,1319.3424141643154,0.7410983641483808,0.6348910307421571
103,4,58368,16.473508900031447,3543.143136911686,23.987741029870353,0.0,1000000.0,-1000000.0,0.9804567696644266,0.21731794468585966,0.6438805058476782,0.24308160884959862,8.0,0.35655524963297464,0.08130253071868852,7.962593315356408,6.390747865847501,2.68776680984334,10.001134905849598,4.0,498.1252487049307,1319.3424141643154,0.7410983641483808,0.6348910307421571
104,4,58880,16.526851000031456,3562.6871688918795,23.712438391349483,0.0,1000000.0,-1000000.0,0.9804567696644266,0.21731794468585966,0.6438805058476782,0.24308160884959862,8.0,0.35655524963297464,0.08130253071868852,7.962593315356408,6.390747865847501,2.68776680984334,10.001134905849598,4.0,498.1252487049307,1319.3424141643154,0.7410983641483808,0.6348910307421571
105,4,59392,16.5877592000179,3580.471556395388,23.451659558645996,0.0,1000000.0,-1000000.0,1.7601234898343823,0.1441662572053528,0.8371425813373912,0.25069862166067386,7.0,0.38518273985334733,0.09542860011617105,10.59407260448421,9.843032717043265,1.346340695418046,10.00070623601253,4.0,437.52350740956007,1543.3943143094727,0.8670348430180643,0.7578860337040305
106,4,59904,16.63569409993943,3600.931806038566,23.17622340418912,0.0,1000000.0,-1000000.0,1.7070739319979351,0.22330918411645123,0.8516101219605974,0.22451354131043166,8.0,0.26183914810708453,0.09542860011617105,12.967481878187819,12.510810785654591,3.019168958393463,10.00070623601253,4.0,514.6984883389754,1543.3943143094727,0.7633436074867779,0.8026656329011197
107,4,60416,16.678872699965723,3622.3071598912175,22.898113367749552,0.0,1000000.0,-1000000.0,1.7070739319979351,0.22330918411645123,0.8516101219605974,0.22451354131043166,8.0,0.26183914810708453,0.09542860011617105,12.967481878187819,12.510810785654591,3.019168958393463,10.00070623601253,4.0,514.6984883389754,1543.3943143094727,0.7633436074867779,0.8026656329011197
108,4,60928,16.72170430002734,3643.6477351115686,22.623482288272285,0.0,1000000.0,-1000000.0,0.9408897566598493,0.20103796343633568,0.7807924300432205,0.21393981456406758,1.0,0.3954458223924793,0.10465602258652656,10.713804541224881,8.217032811504659,3.3143617652810424,10.000348335813134,4.0,243.52645531575953,1244.6514288717644,0.8854667603830957,0.9160737141336348
109,4,61440,16.764101599925198,3664.9742089533834,22.35213546656693,0.0,1000000.0,-1000000.0,0.9408897566598493,0.20103796343633568,0.7807924300432205,0.21393981456406758,1.0,0.3954458223924793,0.10465602258652656,10.713804541224881,8.217032811504659,3.3143617652810424,10.000348335813134,4.0,243.52645531575953,1244.6514288717644,0.8854667603830957,0.9160737141336348
110,4,61952,16.804796800017357,3686.566445119766,22.0823362909319,0.0,1000000.0,-1000000.0,0.9408897566598493,0.20103796343633568,0.7807924300432205,0.21393981456406758,1.0,0.3954458223924793,0.10465602258652656,10.713804541224881,8.217032811504659,3.3143617652810424,10.000348335813134,4.0,243.52645531575953,1244.6514288717644,0.8854667603830957,0.9160737141336348
111,5,62976,17.67236480000429,3563.5298791469445,22.55740872846076,0.0,1000000.0,-1000000.0,1.0667148554649204,0.14588706038892268,0.8043770834306293,0.10990760182961822,6.0,0.37454539584040525,0.15069502431940524,41.45330906096333,20.33422516828258,1.0293987026363827,10.015402026474476,4.0,466.1970490589738,2904.8840680736225,0.671337633206403,0.985460287425667
112,5,63488,17.77391520002857,3571.976083237865,22.360732025842392,0.0,1000000.0,-1000000.0,1.6106875027854077,0.18661842094251646,0.5382971801555408,0.21051895562812614,9.0,0.45077108751720935,0.15153785662396518,40.685878334516545,21.443600407852777,1.318509495200209,10.007668365838592,4.0,496.1245932811024,2852.3449432967172,0.6896326902598277,0.7869269182008977
113,5,64000,17.883018799941055,3578.814109405899,22.17494331192691,0.0,1000000.0,-1000000.0,1.7378677441088894,0.3546882117185135,0.7574801601137426,0.11795430997145168,4.0,0.5670139370407908,0.11735719093223781,19.144947307268957,17.386828489248355,1.1470271844617446,10.005675132918618,4.0,643.5707113340427,2416.0259351028917,0.651367782458145,0.6321714379944723
114,5,64512,18.028969599981792,3578.2410992619984,22.035407288866633,0.0,1000000.0,-1000000.0,1.7378677441088894,0.3546882117185135,0.7574801601137426,0.11795430997145168,4.0,0.5670139370407908,0.11735719093223781,19.144947307268957,17.386828489248355,1.1470271844617446,10.005675132918618,4.0,643.5707113340427,2416.0259351028917,0.651367782458145,0.6321714379944723
115,5,65024,18.17792799999006,3577.0853531841226,21.899393574791176,0.0,1000000.0,-1000000.0,1.7378677441088894,0.3546882117185135,0.7574801601137426,0.11795430997145168,4.0,0.5670139370407908,0.11735719093223781,19.144947307268957,17.386828489248355,1.1470271844617446,10.005675132918618,4.0,643.5707113340427,2416.0259351028917,0.651367782458145,0.6321714379944723
116,5,65536,18.32114409992937,3577.0691853383028,21.756358618666127,0.0,1000000.0,-1000000.0,1.7378677441088894,0.3546882117185135,0.7574801601137426,0.11795430997145168,4.0,0.5670139370407908,0.11735719093223781,19.144947307268957,17.386828489248355,1.1470271844617446,10.005675132918618,4.0,643.5707113340427,2416.0259351028917,0.651367782458145,0.6321714379944723
117,5,66048,18.462701999931596,3577.3745359831246,21.611379860385046,0.0,1000000.0,-1000000.0,1.2600649104594923,0.24725598724275014,0.8591529614170039,0.16479948222783014,2.0,0.31778804133944205,0.12648693145746365,11.471224749381754,5.714106092870061,2.1821095927341565,10.000174881383263,4.0,477.08746337716303,2585.836902567505,0.5160963850096321,0.7238881951197982
118,5,66560,18.569706699927337,3584.3323255213527,21.426584653762312,0.0,1000000.0,-1000000.0,1.4065223981385788,0.22085966035820723,0.7860412083037551,0.19216061848904376,5.0,0.5405850839611187,0.14728768834661893,7.784823199229493,1.9372590782626418,2.7406643149042296,10.000027354764146,4.0,235.76736910528214,2174.5062503086774,0.5460110274556883,0.6524230384344927
119,5,67072,18.666050200001337,3593.2615246044497,21.230850990841216,0.0,1000000.0,-1000000.0,1.4065223981385788,0.22085966035820723,0.7860412083037551,0.19216061848904376,5.0,0.5405850839611187,0.14728768834661893,7.784823199229493,1.9372590782626418,2.7406643149042296,10.000027354764146,4.0,235.76736910528214,2174.5062503086774,0.5460110274556883,0.6524230384344927
120,5,67584,18.77930599998217,3598.8550375644427,21.055585515131526,0.0,1000000.0,-1000000.0,1.4065223981385788,0.22085966035820723,0.7860412083037551,0.19216061848904376,5.0,0.5405850839611187,0.14728768834661893,7.784823199229493,1.9372590782626418,2.7406643149042296,10.000027354764146,4.0,235.76736910528214,2174.5062503086774,0.5460110274556883,0.6524230384344927
121,0,68608,19.13988349994179,3584.5568234628317,20.853902917847023,0.0,1000000.0,-1000000.0,1.3348776377558709,0.22443953383316706,0.6326645745957509,0.12511960829614205,9.0,0.33761213365751847,0.06308347002060206,6.688186515548928,2.461185907601056,2.256525777669509,10.000086087334953,4.0,495.43264597910286,2607.1835712735146,0.6704983991370698,0.8145667890271722
122,0,69120,19.25195679999888,3590.284391247129,20.67802767407287,0.0,1000000.0,-1000000.0,1.3348776377558709,0.22443953383316706,0.6326645745957509,0.12511960829614205,9.0,0.33761213365751847,0.06308347002060206,6.688186515548928,2.461185907601056,2.256525777669509,10.000086087334953,4.0,495.43264597910286,2607.1835712735146,0.6704983991370698,0.8145667890271722
123,0,69632,19.381067399983294,3592.7845749125263,20.521130188217604,0.0,1000000.0,-1000000.0,1.3348776377558709,0.22443953383316706,0.6326645745957509,0.12511960829614205,9.0,0.33761213365751847,0.06308347002060206,6.688186515548928,2.461185907601056,2.256525777669509,10.000086087334953,4.0,495.43264597910286,2607.1835712735146,0.6704983991370698,0.8145667890271722
124,0,70144,19.494930399931036,3598.063627877745,20.34872297219079,0.0,1000000.0,-1000000.0,1.3348776377558709,0.22443953383316706,0.6326645745957509,0.12511960829614205,9.0,0.33761213365751847,0.06308347002060206,6.688186515548928,2.461185907601056,2.256525777669509,10.000086087334953,4.0,495.43264597910286,2607.1835712735146,0.6704983991370698,0.8145667890271722
125,0,70656,19.599380699917674,3605.011866538048,20.167478691219635,0.0,1000000.0,-1000000.0,1.3348776377558709,0.22443953383316706,0.6326645745957509,0.12511960829614205,9.0,0.33761213365751847,0.06308347002060206,6.688186515548928,2.461185907601056,2.256525777669509,10.000086087334953,4.0,495.43264597910286,2607.1835712735146,0.6704983991370698,0.8145667890271722
126,0,71168,19.672959299990907,3617.5543757686164,19.956023462580703,0.0,1000000.0,-1000000.0,1.3348776377558709,0.22443953383316706,0.6326645745957509,0.12511960829614205,9.0,0.33761213365751847,0.06308347002060206,6.688186515548928,2.461185907601056,2.256525777669509,10.000086087334953,4.0,495.43264597910286,2607.1835712735146,0.6704983991370698,0.8145667890271722
127,0,71680,19.750947499996983,3629.19297922345,19.750947499996983,0.0,1000000.0,-1000000.0,1.3348776377558709,0.22443953383316706,0.6326645745957509,0.12511960829614205,9.0,0.33761213365751847,0.06308347002060206,6.688186515548928,2.461185907601056,2.256525777669509,10.000086087334953,4.0,495.43264597910286,2607.1835712735146,0.6704983991370698,0.8145667890271722
128,0,72192,19.860450099920854,3634.9629357235813,19.578741587865238,0.0,1000000.0,-1000000.0,1.3348776377558709,0.22443953383316706,0.6326645745957509,0.12511960829614205,9.0,0.33761213365751847,0.06308347002060206,6.688186515548928,2.461185907601056,2.256525777669509,10.000086087334953,4.0,495.43264597910286,2607.1835712735146,0.6704983991370698,0.8145667890271722
129,0,72704,19.979561500018463,3638.9187019911733,19.416756950722167,0.0,1000000.0,-1000000.0,1.393812221640997,0.22955455459577068,0.47663491263659363,0.19712939221240927,8.0,0.4822585609355484,0.026087015290749638,1.2660929701585744,0.39267311708661623,1.9047828411587284,10.000014933976757,4.0,373.4416071762426,1705.5092696503361,0.840894553976578,0.6021691416993264
130,0,73216,20.090195299941115,3644.364771317808,19.24725004260093,0.0,1000000.0,-1000000.0,1.393812221640997,0.22955455459577068,0.47663491263659363,0.19712939221240927,8.0,0.4822585609355484,0.026087015290749638,1.2660929701585744,0.39267311708661623,1.9047828411587284,10.000014933976757,4.0,373.4416071762426,1705.5092696503361,0.840894553976578,0.6021691416993264
131,1,74240,20.454438799992204,3629.530036288666,19.043787848268604,0.0,1000000.0,-1000000.0,1.4673659018781662,0.30954114382993697,0.8402075576149861,0.12676722926675765,0.0,0.5131961621837331,0.1478058853028552,15.366318520585835,2.289866537696909,2.6627133062777406,10.000367100981933,4.0,560.071144669251,1510.681452565987,0.9279999146773152,0.9153209195330938
132,1,74752,20.551220300025307,3637.3509168167475,18.862078905502678,0.0,1000000.0,-1000000.0,1.4673659018781662,0.30954114382993697,0.8402075576149861,0.12676722926675765,0.0,0.5131961621837331,0.1478058853028552,15.366318520585835,2.289866537696909,2.6627133062777406,10.000367100981933,4.0,560.071144669251,1510.681452565987,0.9279999146773152,0.9153209195330938
133,1,75264,20.656642299960367,3643.5737670756107,18.689343033297476,0.0,1000000.0,-1000000.0,1.4673659018781662,0.30954114382993697,0.8402075576149861,0.12676722926675765,0.0,0.5131961621837331,0.1478058853028552,15.366318520585835,2.289866537696909,2.6627133062777406,10.000367100981933,4.0,560.071144669251,1510.681452565987,0.9279999146773152,0.9153209195330938
134,1,75776,20.733132099965587,3654.826469760725,18.491712413482823,0.0,1000000.0,-1000000.0,1.4673659018781662,0.30954114382993697,0.8402075576149861,0.12676722926675765,0.0,0.5131961621837331,0.1478058853028552,15.366318520585835,2.289866537696909,2.6627133062777406,10.000367100981933,4.0,560.071144669251,1510.681452565987,0.9279999146773152,0.9153209195330938
135,1,76288,20.77868380001746,3671.454878192809,18.2685072335724,0.0,1000000.0,-1000000.0,1.4673659018781662,0.30954114382993697,0.8402075576149861,0.12676722926675765,0.0,0.5131961621837331,0.1478058853028552,15.366318520585835,2.289866537696909,2.6627133062777406,10.000367100981933,4.0,560.071144669251,1510.681452565987,0.9279999146773152,0.9153209195330938
136,1,76800,20.8310384999495,3686.8061090754636,18.053566699956235,0.0,1000000.0,-1000000.0,1.4673659018781662,0.30954114382993697,0.8402075576149861,0.12676722926675765,0.0,0.5131961621837331,0.1478058853028552,15.366318520585835,2.289866537696909,2.6627133062777406,10.000367100981933,4.0,560.071144669251,1510.681452565987,0.9279999146773152,0.9153209195330938
137,1,77312,20.903104300028645,3698.5894004219294,17.857618905322486,0.0,1000000.0,-1000000.0,1.4673659018781662,0.30954114382993697,0.8402075576149861,0.12676722926675765,0.0,0.5131961621837331,0.1478058853028552,15.366318520585835,2.289866537696909,2.6627133062777406,10.000367100981933,4.0,560.071144669251,1510.681452565987,0.9279999146773152,0.9153209195330938
138,1,77824,20.98754659993574,3708.1037380633275,17.673723452577466,0.0,1000000.0,-1000000.0,1.4673659018781662,0.30954114382993697,0.8402075576149861,0.12676722926675765,0.0,0.5131961621837331,0.1478058853028552,15.366318520585835,2.289866537696909,2.6627133062777406,10.000367100981933,4.0,560.071144669251,1510.681452565987,0.9279999146773152,0.9153209195330938
139,1,78336,21.101310599944554,3712.3760455052416,17.51546696858143,0.0,1000000.0,-1000000.0,1.4673659018781662,0.30954114382993697,0.8402075576149861,0.12676722926675765,0.0,0.5131961621837331,0.1478058853028552,15.366318520585835,2.289866537696909,2.6627133062777406,10.000367100981933,4.0,560.071144669251,1510.681452565987,0.9279999146773152,0.9153209195330938
140,1,78848,21.20982250000816,3717.5228599847865,17.353491136370312,0.0,1000000.0,-1000000.0,1.4673659018781662,0.30954114382993697,0.8402075576149861,0.12676722926675765,0.0,0.5131961621837331,0.1478058853028552,15.366318520585835,2.289866537696909,2.6627133062777406,10.000367100981933,4.0,560.071144669251,1510.681452565987,0.9279999146773152,0.9153209195330938
141,2,79872,21.6076678999234,3696.465549634033,17.17532576660578,0.0,1000000.0,-1000000.0,1.180674313079372,0.2035108622456427,0.4783750419803409,0.13778452450056428,6.0,0.2909350224159923,0.13170030734156835,12.456067702465742,0.6186009490599531,2.321814736717224,10.000009011718575,4.0,250.45972863499534,1724.2431003343643,0.6864746054208659,0.6512821905960331
142,2,80384,21.72714580001775,3699.703621445497,17.021904034408813,0.0,1000000.0,-1000000.0,1.180674313079372,0.2035108622456427,0.4783750419803409,0.13778452450056428,6.0,0.2909350224159923,0.13170030734156835,12.456067702465742,0.6186009490599531,2.321814736717224,10.000009011718575,4.0,250.45972863499534,1724.2431003343643,0.6864746054208659,0.6512821905960331
143,2,80896,21.829037299961783,3705.8894942720003,16.855332598704667,0.0,1000000.0,-1000000.0,1.180674313079372,0.2035108622456427,0.4783750419803409,0.13778452450056428,6.0,0.2909350224159923,0.13170030734156835,12.456067702465742,0.6186009490599531,2.321814736717224,10.000009011718575,4.0,250.45972863499534,1724.2431003343643,0.6864746054208659,0.6512821905960331
144,2,81408,21.88473059993703,3719.853878403888,16.654417626367174,0.0,1000000.0,-1000000.0,1.180674313079372,0.2035108622456427,0.4783750419803409,0.13778452450056428,6.0,0.2909350224159923,0.13170030734156835,12.456067702465742,0.6186009490599531,2.321814736717224,10.000009011718575,4.0,250.45972863499534,1724.2431003343643,0.6864746054208659,0.6512821905960331
145,2,81920,21.94573319994379,3732.8440683043495,16.45929989995784,0.0,1000000.0,-1000000.0,1.180674313079372,0.2035108622456427,0.4783750419803409,0.13778452450056428,6.0,0.2909350224159923,0.13170030734156835,12.456067702465742,0.6186009490599531,2.321814736717224,10.000009011718575,4.0,250.45972863499534,1724.2431003343643,0.6864746054208659,0.6512821905960331
146,2,82432,21.993763600010425,3747.9715386211083,16.25626005218162,0.0,1000000.0,-1000000.0,1.180674313079372,0.2035108622456427,0.32014285695366873,0.08350328717616669,6.0,0.25204709021686744,0.1163113336796442,15.76810211498367,0.6186009490599531,2.5969809039835963,10.000009011718575,4.0,362.2107640243131,1364.3282434746172,0.5860108041485331,0.53269097188295
147,2,82944,22.038621600018814,3763.5747600443938,16.052823140754445,0.0,1000000.0,-1000000.0,1.180674313079372,0.2035108622456427,0.32014285695366873,0.08350328717616669,6.0,0.25204709021686744,0.1163113336796442,15.76810211498367,0.6186009490599531,2.5969809039835963,10.000009011718575,4.0,362.2107640243131,1364.3282434746172,0.5860108041485331,0.53269097188295
148,2,83456,22.081501599983312,3779.4531147312496,15.849912191399065,0.0,1000000.0,-1000000.0,1.180674313079372,0.2035108622456427,0.32014285695366873,0.08350328717616669,6.0,0.25204709021686744,0.1163113336796442,15.76810211498367,0.6186009490599531,2.5969809039835963,10.000009011718575,4.0,362.2107640243131,1364.3282434746172,0.5860108041485331,0.53269097188295
149,2,83968,22.124496900010854,3795.250141934699,15.649034392690604,0.0,1000000.0,-1000000.0,0.9391913112031519,0.2152106558399133,0.49164679531953237,0.08350328717616669,9.0,0.1526282673040231,0.1163113336796442,6.046924252765351,0.6186009490599531,2.772040009505415,10.000009011718575,4.0,612.2373061532172,1741.4875970878632,0.7980792115089661,0.53269097188295
150,2,84480,22.167651599971578,3810.958486920117,15.450181418162009,0.0,1000000.0,-1000000.0,0.9391913112031519,0.2152106558399133,0.49164679531953237,0.08350328717616669,9.0,0.1526282673040231,0.1163113336796442,6.046924252765351,0.6186009490599531,2.772040009505415,10.000009011718575,4.0,612.2373061532172,1741.4875970878632,0.7980792115089661,0.53269097188295
151,3,85504,22.65087379992474,3774.865409399089,15.326639158032908,0.0,1000000.0,-1000000.0,1.7906377680490158,0.21768104084001,0.8841686524768086,0.17580615268024863,8.0,0.5527782611969688,0.05234567281155747,8.67490881394415,1.7394419012763365,2.855923345765552,10.002721815219775,4.0,329.4208778777515,1117.161357017917,0.7687800632588138,0.9284604484139446
152,3,86016,22.749580799951218,3780.9927469162176,15.16638719996748,0.0,1000000.0,-1000000.0,1.7906377680490158,0.21768104084001,0.8841686524768086,0.17580615268024863,8.0,0.5527782611969688,0.05234567281155747,8.67490881394415,1.7394419012763365,2.855923345765552,10.002721815219775,4.0,329.4208778777515,1117.161357017917,0.7687800632588138,0.9284604484139446
153,3,86528,22.869122999953106,3783.616888158651,15.02054824257275,0.0,1000000.0,-1000000.0,1.7906377680490158,0.21768104084001,0.8841686524768086,0.17580615268024863,8.0,0.5527782611969688,0.05234567281155747,8.67490881394415,1.7394419012763365,2.855923345765552,10.002721815219775,4.0,329.4208778777515,1117.161357017917,0.7687800632588138,0.9284604484139446
154,3,87040,22.970190500025637,3789.25895281116,14.86306444119306,0.0,1000000.0,-1000000.0,1.6227176983702898,0.33165088311270846,0.5853936316727765,0.19523867603651435,10.0,0.4788518269398791,0.10050477935425854,11.103785277377433,1.5288820371512628,2.9765149717255746,10.001995653475586,4.0,420.37850756177613,1669.2640659679919,0.8986730515669135,0.9001546134264451
155,3,87552,23.087647499982268,3792.1576895206513,14.716687587707996,0.0,1000000.0,-1000000.0,1.781229820782656,0.14796099465340376,0.3302670587168671,0.23079826684668658,5.0,0.36542930072737645,0.13045048808388793,0.7888679394306735,0.4704382884259317,1.3987224423788955,10.001858447014857,4.0,244.0363798632193,1655.3263565568786,0.651148915843319,0.8913365370566623
156,3,88064,23.19086700002663,3797.3569509022186,14.561707186063233,0.0,1000000.0,-1000000.0,1.782651608818692,0.12124348142962599,0.6437218955042695,0.27383601949221115,6.0,0.6076386885521219,0.12036732358343016,35.19812428474318,0.9450289863837114,1.7549884113084424,10.001028977995954,4.0,377.2648230330989,2842.1584807481577,0.728459788443137,0.8949662315475426
157,3,88576,23.285889699938707,3803.8486457415947,14.402255479152842,0.0,1000000.0,-1000000.0,1.782651608818692,0.12124348142962599,0.6437218955042695,0.27383601949221115,6.0,0.6076386885521219,0.12036732358343016,35.19812428474318,0.9450289863837114,1.7549884113084424,10.001028977995954,4.0,377.2648230330989,2842.1584807481577,0.728459788443137,0.8949662315475426
158,3,89088,23.372802500030957,3811.6096689681094,14.23860382185794,0.0,1000000.0,-1000000.0,1.6777094934577836,0.28393124857562413,0.8710560451027196,0.2309856985394454,7.0,0.3078112567171476,0.13772741117814818,10.092221222721946,3.059599723892198,1.6134623369287067,10.000382383642016,4.0,254.48582778261317,2475.137321056718,0.7099532429006724,0.8790983102737759
159,3,89600,23.481050799950026,3815.8428582842935,14.088630479970016,0.0,1000000.0,-1000000.0,1.6777094934577836,0.28393124857562413,0.8710560451027196,0.2309856985394454,7.0,0.3078112567171476,0.13772741117814818,10.092221222721946,3.059599723892198,1.6134623369287067,10.000382383642016,4.0,254.48582778261317,2475.137321056718,0.7099532429006724,0.8790983102737759
160,3,90112,23.580647599999793,3821.438729273949,13.934019036363514,0.0,1000000.0,-1000000.0,1.6777094934577836,0.28393124857562413,0.8710560451027196,0.2309856985394454,7.0,0.3078112567171476,0.13772741117814818,10.092221222721946,3.059599723892198,1.6134623369287067,10.000382383642016,4.0,254.48582778261317,2475.137321056718,0.7099532429006724,0.8790983102737759
161,4,91136,23.911435200017877,3811.398154801342,13.702058373043952,0.0,1000000.0,-1000000.0,0.9408897566598493,0.19585191992545903,0.44526394869251595,0.21393981456406758,1.0,0.5043577128888702,0.10465602258652656,5.319765245618754,2.173890988958405,3.3143617652810424,10.000348335813134,4.0,291.50829369839096,1244.6514288717644,0.8581997879939983,0.8086728978913184
162,4,91648,24.006371599971317,3817.653143389212,13.54549458992795,0.0,1000000.0,-1000000.0,0.9408897566598493,0.19585191992545903,0.44526394869251595,0.21393981456406758,1.0,0.5043577128888702,0.10465602258652656,5.319765245618754,2.173890988958405,3.3143617652810424,10.000348335813134,4.0,291.50829369839096,1244.6514288717644,0.8581997879939983,0.8086728978913184
163,4,92160,24.11269259999972,3822.05345246267,13.395940333333177,0.0,1000000.0,-1000000.0,0.991318286077981,0.17862623638842237,0.8041131025317129,0.18140210466549112,2.0,0.25249179063064486,0.09994605048957472,12.73751328786549,3.991349987994411,2.383935192339252,10.000135638233136,4.0,478.66527812191197,1468.635651982307,0.9675554287216918,0.8339076012950061
164,4,92672,24.210850399918854,3827.7052837561873,13.242398837524677,0.0,1000000.0,-1000000.0,0.991318286077981,0.17862623638842237,0.8041131025317129,0.18140210466549112,2.0,0.25249179063064486,0.09994605048957472,12.73751328786549,3.991349987994411,2.383935192339252,10.000135638233136,4.0,478.66527812191197,1468.635651982307,0.9675554287216918,0.8339076012950061
165,4,93184,24.30660899996292,3833.6898413160866,13.08817407690311,0.0,1000000.0,-1000000.0,0.991318286077981,0.17862623638842237,0.8041131025317129,0.18140210466549112,2.0,0.25249179063064486,0.09994605048957472,12.73751328786549,3.991349987994411,2.383935192339252,10.000135638233136,4.0,478.66527812191197,1468.635651982307,0.9675554287216918,0.8339076012950061
166,4,93696,24.42103109997697,3836.6930379155183,12.944480965561564,0.0,1000000.0,-1000000.0,0.9634588474170109,0.17862623638842237,0.8041131025317129,0.24629929090801783,4.0,0.25249179063064486,0.11437497218289493,17.59411589372229,3.991349987994411,2.942035993654194,10.000135638233136,4.0,478.66527812191197,1543.1850134649183,0.896793300659279,0.8339076012950061
167,4,94208,24.54242279997561,3838.5778277804593,12.804742330422059,0.0,1000000.0,-1000000.0,0.9634588474170109,0.17862623638842237,0.8041131025317129,0.24629929090801783,4.0,0.25249179063064486,0.11437497218289493,17.59411589372229,3.991349987994411,2.942035993654194,10.000135638233136,4.0,478.66527812191197,1543.1850134649183,0.896793300659279,0.8339076012950061
168,4,94720,24.639935399987735,3844.1659226122465,12.652939799993701,0.0,1000000.0,-1000000.0,0.9634588474170109,0.17862623638842237,0.8041131025317129,0.24629929090801783,4.0,0.25249179063064486,0.11437497218289493,17.59411589372229,3.991349987994411,2.942035993654194,10.000135638233136,4.0,478.66527812191197,1543.1850134649183,0.896793300659279,0.8339076012950061
169,4,95232,24.737870499957353,3849.6442125107,12.501934553741888,0.0,1000000.0,-1000000.0,1.1114615322812693,0.17862623638842237,0.8687438734851506,0.24441734339443652,3.0,0.4583437110458626,0.11104288784407004,17.59411589372229,2.3204786482701465,1.8420295601043126,10.000135638233136,4.0,449.1061947415597,2585.5483292520753,0.8270098259219906,0.8339076012950061
170,4,95744,24.844092099927366,3853.7934739132575,12.355617996220563,0.0,1000000.0,-1000000.0,1.1114615322812693,0.17862623638842237,0.8687438734851506,0.24441734339443652,3.0,0.4583437110458626,0.11104288784407004,17.59411589372229,2.3204786482701465,1.8420295601043126,10.000135638233136,4.0,449.1061947415597,2585.5483292520753,0.8270098259219906,0.8339076012950061
171,5,96768,25.16440559993498,3845.4315805595675,12.116195288857583,0.0,1000000.0,-1000000.0,1.4065223981385788,0.22085966035820723,0.7860412083037551,0.20253763146213347,3.0,0.5456681957804421,0.14728768834661893,4.030974217964776,1.9372590782626418,2.7406643149042296,10.000027354764146,4.0,293.3162267001681,2016.0453577434569,0.645541404330189,0.5055296097963284
172,5,97280,25.25873399991542,3851.3410846452457,11.964663473644146,0.0,1000000.0,-1000000.0,1.1480189327538082,0.22085966035820723,0.6716817066619691,0.16951967541205254,2.0,0.2738857525213778,0.15162781719385754,10.914179145375677,7.223499321873497,2.7668643137006743,10.000027354764146,4.0,293.3162267001681,2515.6171866342806,0.5275035584326713,0.7850629758566039
173,5,97792,25.35723889991641,3856.5713083344563,11.815676764882516,0.0,1000000.0,-1000000.0,1.1480189327538082,0.22085966035820723,0.6716817066619691,0.16951967541205254,2.0,0.2738857525213778,0.15162781719385754,10.914179145375677,7.223499321873497,2.7668643137006743,10.000027354764146,4.0,293.3162267001681,2515.6171866342806,0.5275035584326713,0.7850629758566039
174,5,98304,25.440790900029242,3864.0308151696263,11.660362495846735,0.0,1000000.0,-1000000.0,1.1480189327538082,0.22085966035820723,0.6716817066619691,0.16951967541205254,2.0,0.2738857525213778,0.15162781719385754,10.914179145375677,7.223499321873497,2.7668643137006743,10.000027354764146,4.0,293.3162267001681,2515.6171866342806,0.5275035584326713,0.7850629758566039
175,5,98816,25.489732899935916,3876.6981352028383,11.490190478209454,0.0,1000000.0,-1000000.0,1.1480189327538082,0.22085966035820723,0.6716817066619691,0.16951967541205254,2.0,0.2738857525213778,0.15162781719385754,10.914179145375677,7.223499321873497,2.7668643137006743,10.000027354764146,4.0,293.3162267001681,2515.6171866342806,0.5275035584326713,0.7850629758566039
176,5,99328,25.536568099982105,3889.6377779154122,11.320334312363201,0.0,1000000.0,-1000000.0,1.1480189327538082,0.22085966035820723,0.6716817066619691,0.16951967541205254,2.0,0.2738857525213778,0.15162781719385754,10.914179145375677,7.223499321873497,2.7668643137006743,10.000027354764146,4.0,293.3162267001681,2515.6171866342806,0.5275035584326713,0.7850629758566039
177,5,99840,25.5802762999665,3903.007099267757,11.150376848703345,0.0,1000000.0,-1000000.0,1.1480189327538082,0.22085966035820723,0.6716817066619691,0.16951967541205254,2.0,0.2738857525213778,0.15162781719385754,10.914179145375677,7.223499321873497,2.7668643137006743,10.000027354764146,4.0,293.3162267001681,2515.6171866342806,0.5275035584326713,0.7850629758566039
178,5,100352,25.623477599932812,3916.408286448329,10.981490399971205,0.0,1000000.0,-1000000.0,1.1480189327538082,0.22085966035820723,0.6716817066619691,0.16951967541205254,2.0,0.2738857525213778,0.15162781719385754,10.914179145375677,7.223499321873497,2.7668643137006743,10.000027354764146,4.0,293.3162267001681,2515.6171866342806,0.5275035584326713,0.7850629758566039
179,5,100864,25.678837699932046,3927.903637175405,10.819002685758171,0.0,1000000.0,-1000000.0,1.0586232836328655,0.2607842110499675,0.7042384724585493,0.13084547796360033,2.0,0.24469614706774515,0.1512566344150486,10.914179145375677,3.926498274947363,2.042464149277567,10.000027354764146,4.0,293.3162267001681,2515.6171866342806,0.5587030451907078,0.7850629758566039
180,5,101376,25.72852599993348,3940.217951089079,10.655248141386593,0.0,1000000.0,-1000000.0,1.0586232836328655,0.2607842110499675,0.7042384724585493,0.13084547796360033,2.0,0.24469614706774515,0.1512566344150486,10.914179145375677,3.926498274947363,2.042464149277567,10.000027354764146,4.0,293.3162267001681,2515.6171866342806,0.5587030451907078,0.7850629758566039
181,0,102400,26.109544800012372,3921.937390496041,10.443817920004948,0.0,1000000.0,-1000000.0,1.393812221640997,0.22955455459577068,0.47663491263659363,0.19712939221240927,8.0,0.4822585609355484,0.02608701529074963,1.2660929701585744,0.39267311708661623,1.9047828411587284,10.000014933976757,4.0,373.4416071762426,1705.5092696503361,0.840894553976578,0.6021691416993264
182,0,102912,26.211330899968743,3926.2409220175355,10.301965876107118,0.0,1000000.0,-1000000.0,1.393812221640997,0.22955455459577068,0.47663491263659363,0.19712939221240927,8.0,0.4822585609355484,0.02608701529074963,1.2660929701585744,0.39267311708661623,1.9047828411587284,10.000014933976757,4.0,373.4416071762426,1705.5092696503361,0.840894553976578,0.6021691416993264
183,0,103424,26.308253100025468,3931.237836536546,10.158632385158349,0.0,1000000.0,-1000000.0,1.393812221640997,0.22955455459577068,0.47663491263659363,0.19712939221240927,8.0,0.4822585609355484,0.02608701529074963,1.2660929701585744,0.39267311708661623,1.9047828411587284,10.000014933976757,4.0,373.4416071762426,1705.5092696503361,0.840894553976578,0.6021691416993264
184,0,103936,26.368269599974155,3941.707270776004,10.001757434472955,0.0,1000000.0,-1000000.0,1.393812221640997,0.22955455459577068,0.47663491263659363,0.19712939221240927,8.0,0.4822585609355484,0.02608701529074963,1.2660929701585744,0.39267311708661623,1.9047828411587284,10.000014933976757,4.0,373.4416071762426,1705.5092696503361,0.840894553976578,0.6021691416993264
185,0,104448,26.44062779995147,3950.2844179891863,9.850429964687804,0.0,1000000.0,-1000000.0,1.393812221640997,0.22955455459577068,0.47663491263659363,0.19712939221240927,8.0,0.4822585609355484,0.02608701529074963,1.2660929701585744,0.39267311708661623,1.9047828411587284,10.000014933976757,4.0,373.4416071762426,1705.5092696503361,0.840894553976578,0.6021691416993264
186,0,104960,26.51097209996078,3959.11547883811,9.699136134131994,0.0,1000000.0,-1000000.0,1.393812221640997,0.22955455459577068,0.47663491263659363,0.19712939221240927,8.0,0.4822585609355484,0.02608701529074963,1.2660929701585744,0.39267311708661623,1.9047828411587284,10.000014933976757,4.0,373.4416071762426,1705.5092696503361,0.840894553976578,0.6021691416993264
187,0,105472,26.568194299936295,3969.8595549737042,9.54391445725867,0.0,1000000.0,-1000000.0,1.393812221640997,0.22955455459577068,0.47663491263659363,0.19712939221240927,8.0,0.4822585609355484,0.02608701529074963,1.2660929701585744,0.39267311708661623,1.9047828411587284,10.000014933976757,4.0,373.4416071762426,1705.5092696503361,0.840894553976578,0.6021691416993264
188,0,105984,26.616871899925172,3981.83529599126,9.386626322195834,0.0,1000000.0,-1000000.0,1.393812221640997,0.22955455459577068,0.47663491263659363,0.19712939221240927,8.0,0.4822585609355484,0.02608701529074963,1.2660929701585744,0.39267311708661623,1.9047828411587284,10.000014933976757,4.0,373.4416071762426,1705.5092696503361,0.840894553976578,0.6021691416993264
189,0,106496,26.663240000023507,3994.113243548275,9.229583076931213,0.0,1000000.0,-1000000.0,1.393812221640997,0.22955455459577068,0.47663491263659363,0.19712939221240927,8.0,0.4822585609355484,0.02608701529074963,1.2660929701585744,0.39267311708661623,1.9047828411587284,10.000014933976757,4.0,373.4416071762426,1705.5092696503361,0.840894553976578,0.6021691416993264
190,0,107008,26.705589100020006,4006.951488664964,9.072233617710145,0.0,1000000.0,-1000000.0,1.393812221640997,0.22955455459577068,0.47663491263659363,0.19712939221240927,8.0,0.4822585609355484,0.02608701529074963,1.2660929701585744,0.39267311708661623,1.9047828411587284,10.000014933976757,4.0,373.4416071762426,1705.5092696503361,0.840894553976578,0.6021691416993264
191,1,108032,27.955980899976566,3864.3609174912035,9.142003232693758,0.0,1000000.0,-1000000.0,1.4673659018781662,0.30954114382993697,0.8402075576149861,0.12676722926675765,0.0,0.5131961621837331,0.1478058853028552,15.366318520585835,2.289866537696909,2.6627133062777406,10.000367100981933,4.0,560.071144669251,1510.681452565987,0.9279999146773152,0.9153209195330938
192,1,108544,28.058090699953027,3868.54548161332,8.999764941494368,0.0,1000000.0,-1000000.0,1.5675240053568729,0.20881884926695843,0.505221867651714,0.1060243531852102,1.0,0.3780902923165967,0.13994476221837301,18.234293549283432,4.702372478850371,1.939293222940554,10.000040142728135,4.0,441.3464368524653,1307.2806567281066,0.8676801579455933,0.8522967855238076
193,1,109056,28.18656399997417,3869.077479614044,8.866196187785302,0.0,1000000.0,-1000000.0,1.5675240053568729,0.20881884926695843,0.505221867651714,0.1060243531852102,1.0,0.3780902923165967,0.13994476221837301,18.234293549283432,4.702372478850371,1.939293222940554,10.000040142728135,4.0,441.3464368524653,1307.2806567281066,0.8676801579455933,0.8522967855238076
194,1,109568,28.293359000002965,3872.5695312454245,8.72598922429998,0.0,1000000.0,-1000000.0,1.5675240053568729,0.20881884926695843,0.505221867651714,0.1060243531852102,1.0,0.3780902923165967,0.13994476221837301,18.234293549283432,4.702372478850371,1.939293222940554,10.000040142728135,4.0,441.3464368524653,1307.2806567281066,0.8676801579455933,0.8522967855238076
195,1,110080,28.401083100005053,3875.9085212486284,8.586373960466645,0.0,1000000.0,-1000000.0,1.5675240053568729,0.13371356737692372,0.505221867651714,0.263479860318174,3.0,0.522238787078498,0.12497329192714404,4.799473818051204,4.702372478850371,1.4502735490885814,10.000040142728135,4.0,310.24026125986603,1365.0680297355066,0.8676801579455933,0.784704577073763
196,1,110592,28.588681599940173,3868.384053087339,8.470720474056348,0.0,1000000.0,-1000000.0,1.5675240053568729,0.13371356737692372,0.505221867651714,0.263479860318174,3.0,0.522238787078498,0.12497329192714404,4.799473818051204,4.702372478850371,1.4502735490885814,10.000040142728135,4.0,310.24026125986603,1365.0680297355066,0.8676801579455933,0.784704577073763
197,1,111104,28.71779439994134,3868.820789392759,8.337424180628132,0.0,1000000.0,-1000000.0,1.5675240053568729,0.13371356737692372,0.505221867651714,0.263479860318174,3.0,0.522238787078498,0.12497329192714404,4.799473818051204,4.702372478850371,1.4502735490885814,10.000040142728135,4.0,310.24026125986603,1365.0680297355066,0.8676801579455933,0.784704577073763
198,1,111616,28.82405389996711,3872.321373924691,8.197666705495234,0.0,1000000.0,-1000000.0,1.5675240053568729,0.13371356737692372,0.505221867651714,0.263479860318174,3.0,0.522238787078498,0.12497329192714404,4.799473818051204,4.702372478850371,1.4502735490885814,10.000040142728135,4.0,310.24026125986603,1365.0680297355066,0.8676801579455933,0.784704577073763
199,1,112128,28.925200499943458,3876.4813402147097,8.056791006833565,0.0,1000000.0,-1000000.0,1.4892084143398718,0.13371356737692372,0.7189028537983186,0.263479860318174,1.0,0.522238787078498,0.12794243771192237,46.33410262873587,5.508182431786871,1.7419204097887588,10.000040142728135,4.0,313.9834464392237,2526.1661213702646,0.8676801579455933,0.8301348681979169
200,1,112640,29.061382799991407,3875.933942139646,7.925831672724929,0.0,1000000.0,-1000000.0,1.7832605567596547,0.17242280121527515,0.6069570468038782,0.19147550121462578,2.0,0.5851150048185162,0.14781546756812633,43.1956397634896,3.749924340306329,1.5405257866664175,10.000000786744565,4.0,435.6407238558711,2574.0194499224162,0.8510165226722747,0.9809736064496015
201,2,113664,29.416449600015767,3863.9605236363764,7.6853787243284435,0.0,1000000.0,-1000000.0,1.0786252225976356,0.21870598006233594,0.49164679531953237,0.11711698528348763,8.0,0.15262826730402307,0.1163113336796442,6.0469242527653435,1.03053782703185,2.162959444654991,10.000009011718575,4.0,612.2373061532172,1741.4875970878632,0.7980792115089661,0.6243557590624245
202,2,114176,29.52801080001518,3866.7013763060972,7.547518455609262,0.0,1000000.0,-1000000.0,1.0786252225976356,0.21870598006233594,0.49164679531953237,0.11711698528348763,8.0,0.15262826730402307,0.1163113336796442,6.0469242527653435,1.03053782703185,2.162959444654991,10.000009011718575,4.0,612.2373061532172,1741.4875970878632,0.7980792115089661,0.6243557590624245
203,2,114688,29.637074399972335,3869.747683330952,7.409268599993084,0.0,1000000.0,-1000000.0,1.3790317260643108,0.1755274029380858,0.4394756721210332,0.082630083982097,10.0,0.31010120430597676,0.10859749589788287,13.523740238528145,1.68106271628384,2.172400916736416,10.000004447952774,4.0,284.31207188461997,1389.9255333636397,0.7336101258819852,0.532279135319465
204,2,115200,29.718827600008808,3876.3305723394637,7.264602302224375,0.0,1000000.0,-1000000.0,1.3790317260643108,0.1755274029380858,0.4394756721210332,0.082630083982097,10.0,0.31010120430597676,0.10859749589788287,13.523740238528145,1.68106271628384,2.172400916736416,10.000004447952774,4.0,284.31207188461997,1389.9255333636397,0.7336101258819852,0.532279135319465
205,2,115712,29.82910139998421,3879.1647944198967,7.127307414155519,0.0,1000000.0,-1000000.0,1.3790317260643108,0.1755274029380858,0.4394756721210332,0.082630083982097,10.0,0.31010120430597676,0.10859749589788287,13.523740238528145,1.68106271628384,2.172400916736416,10.000004447952774,4.0,284.31207188461997,1389.9255333636397,0.7336101258819852,0.532279135319465
206,2,116224,29.93728589999955,3882.2490585227615,6.9897627872245645,0.0,1000000.0,-1000000.0,1.3278731333090428,0.18492617390908905,0.4592118475466275,0.08244722107825077,6.0,0.24698684667954315,0.13115045885627852,7.717393766212986,5.199768050879321,1.617666829749393,10.000003545969616,4.0,330.1041809426845,1402.6513578030786,0.6658944138340361,0.7360015985831855
207,2,116736,30.003207199973986,3890.7840492499486,6.842836729818629,0.0,1000000.0,-1000000.0,1.6035626300397396,0.24420365289157694,0.49359364460892485,0.14276526556448219,9.0,0.2562479840375412,0.12300783086217158,14.331421652403069,5.5785063064738765,1.4262647305247667,10.000000855175305,4.0,244.38183744533168,1331.4593977929324,0.590188811200536,0.8798142517428044
208,2,117248,30.102919499971904,3894.904612162599,6.704143644098546,0.0,1000000.0,-1000000.0,1.6035626300397396,0.24420365289157694,0.49359364460892485,0.14276526556448219,9.0,0.2562479840375412,0.12300783086217158,14.331421652403069,5.5785063064738765,1.4262647305247667,10.000000855175305,4.0,244.38183744533168,1331.4593977929324,0.590188811200536,0.8798142517428044
209,2,117760,30.219075799919665,3896.8762903170273,6.569364304330362,0.0,1000000.0,-1000000.0,1.6035626300397396,0.24420365289157694,0.49359364460892485,0.14276526556448219,9.0,0.2562479840375412,0.12300783086217158,14.331421652403069,5.5785063064738765,1.4262647305247667,10.000000855175305,4.0,244.38183744533168,1331.4593977929324,0.590188811200536,0.8798142517428044
210,2,118272,30.321646200027317,3900.579777884667,6.4318643454603395,0.0,1000000.0,-1000000.0,1.6035626300397396,0.24420365289157694,0.49359364460892485,0.14276526556448219,9.0,0.2562479840375412,0.12300783086217158,14.331421652403069,5.5785063064738765,1.4262647305247667,10.000000855175305,4.0,244.38183744533168,1331.4593977929324,0.590188811200536,0.8798142517428044
211,3,119296,30.698950999998488,3885.9959742600286,6.19249226180227,0.0,1000000.0,-1000000.0,1.6777094934577836,0.28393124857562413,0.8710560451027196,0.2309856985394454,7.0,0.3078112567171476,0.13772741117814818,10.092221222721946,3.059599723892191,1.6134623369287067,10.000382383642016,4.0,254.48582778261317,2475.137321056718,0.7099532429006724,0.8790983102737759
212,3,119808,30.801521399989724,3889.6779949330676,6.054999933331313,0.0,1000000.0,-1000000.0,1.463638330154786,0.3182653523716618,0.678777158834516,0.27026447069664783,2.0,0.5569020333521715,0.11121776713745239,7.654743359366904,2.3302762208112213,2.4808605023325034,10.00023328359385,4.0,563.5719523590055,2760.703838757623,0.8758291251658954,0.86686977955805
213,3,120320,30.904210799955763,3893.3205827139977,5.917827599991529,0.0,1000000.0,-1000000.0,1.463638330154786,0.3182653523716618,0.678777158834516,0.27026447069664783,2.0,0.5569020333521715,0.11121776713745239,7.654743359366904,2.3302762208112213,2.4808605023325034,10.00023328359385,4.0,563.5719523590055,2760.703838757623,0.8758291251658954,0.86686977955805
214,3,120832,30.96214770001825,3902.5716552579065,5.772603808477979,0.0,1000000.0,-1000000.0,1.463638330154786,0.3182653523716618,0.678777158834516,0.27026447069664783,2.0,0.5569020333521715,0.11121776713745239,7.654743359366904,2.3302762208112213,2.4808605023325034,10.00023328359385,4.0,563.5719523590055,2760.703838757623,0.8758291251658954,0.86686977955805
215,3,121344,31.009580899961293,3913.1131888387263,5.626210880583694,0.0,1000000.0,-1000000.0,1.7992705477139144,0.32035245718905125,0.8280498435459472,0.24830795252869298,1.0,0.3710332771231731,0.09735453512425131,9.253426007608816,0.7964169296950416,1.5509521674579516,10.000079847719986,4.0,418.75312672525797,1576.5925636866414,0.7542575891649845,0.7047382637249675
216,3,121856,31.06490090000443,3922.6263876471153,5.482041335294899,0.0,1000000.0,-1000000.0,1.7992705477139144,0.32035245718905125,0.8280498435459472,0.24830795252869298,1.0,0.3710332771231731,0.09735453512425131,9.253426007608816,0.7964169296950416,1.5509521674579516,10.000079847719986,4.0,418.75312672525797,1576.5925636866414,0.7542575891649845,0.7047382637249675
217,3,122368,31.124778599943966,3931.529974006636,5.339397165680764,0.0,1000000.0,-1000000.0,1.7992705477139144,0.32035245718905125,0.8280498435459472,0.24830795252869298,1.0,0.3710332771231731,0.09735453512425131,9.253426007608816,0.7964169296950416,1.5509521674579516,10.000079847719986,4.0,418.75312672525797,1576.5925636866414,0.7542575891649845,0.7047382637249675
218,3,122880,31.173489399952814,3941.810890127237,5.195581566658802,0.0,1000000.0,-1000000.0,1.7992705477139144,0.32035245718905125,0.8280498435459472,0.24830795252869298,1.0,0.3710332771231731,0.09735453512425131,9.253426007608816,0.7964169296950416,1.5509521674579516,10.000079847719986,4.0,418.75312672525797,1576.5925636866414,0.7542575891649845,0.7047382637249675
219,3,123392,31.220938800019212,3952.219399626896,5.052351092119292,0.0,1000000.0,-1000000.0,1.7992705477139144,0.32035245718905125,0.8280498435459472,0.24830795252869298,1.0,0.3710332771231731,0.09735453512425131,9.253426007608816,0.7964169296950416,1.5509521674579516,10.000079847719986,4.0,418.75312672525797,1576.5925636866414,0.7542575891649845,0.7047382637249675
220,3,123904,31.266981199965812,3962.7746346083286,4.909691262804549,0.0,1000000.0,-1000000.0,1.727589732457469,0.31544494078512053,0.7584965090925022,0.2901721682469567,3.0,0.3062083128123709,0.13638729685274437,6.120360825284102,0.2776966826282177,1.1017385821470491,10.000006858754512,4.0,430.85752214053434,2300.8076234180817,0.6035825073752079,0.6436039392428825
221,4,124928,32.264454199932516,3872.0010332690304,4.760329308186765,0.0,1000000.0,-1000000.0,1.1430009931348575,0.16474563304498754,0.8227751224280732,0.19169686939019143,7.0,0.5685205654745545,0.09797412348463606,20.61466119976264,0.9292671317243943,2.1581751525380746,10.00011846836827,4.0,235.60927881079974,1322.9533244684399,0.867547074194597,0.854710203568313
222,4,125440,32.37159579992294,3875.002047328745,4.624513685703278,0.0,1000000.0,-1000000.0,1.1430009931348575,0.16474563304498754,0.8227751224280732,0.19169686939019143,7.0,0.5685205654745545,0.09797412348463606,20.61466119976264,0.9292671317243943,2.1581751525380746,10.00011846836827,4.0,235.60927881079974,1322.9533244684399,0.867547074194597,0.854710203568313
223,4,125952,32.478724199929275,3877.9848378488423,4.488929360965835,0.0,1000000.0,-1000000.0,1.1430009931348575,0.16474563304498754,0.8227751224280732,0.19169686939019143,7.0,0.5685205654745545,0.09797412348463606,20.61466119976264,0.9292671317243943,2.1581751525380746,10.00011846836827,4.0,235.60927881079974,1322.9533244684399,0.867547074194597,0.854710203568313
224,4,126464,32.60425440000836,3878.757613913342,4.356033988665084,0.0,1000000.0,-1000000.0,1.084543779319361,0.36101006490279636,0.8969016729041752,0.2999144196618896,3.0,0.4085970066673298,0.11995633653959376,11.86651388294197,2.3495128812975494,2.3980460253828784,10.000025434901865,4.0,514.0356536556336,1676.9412591871594,0.880967032983407,0.9972533043602927
225,4,126976,32.722746299928986,3880.3589049698912,4.222289845152127,0.0,1000000.0,-1000000.0,1.084543779319361,0.36101006490279636,0.8969016729041752,0.2999144196618896,3.0,0.4085970066673298,0.11995633653959376,11.86651388294197,2.3495128812975494,2.3980460253828784,10.000025434901865,4.0,514.0356536556336,1676.9412591871594,0.880967032983407,0.9972533043602927
226,4,127488,32.83733319991734,3882.410280513307,4.088182044969629,0.0,1000000.0,-1000000.0,1.084543779319361,0.36101006490279636,0.8969016729041752,0.2999144196618896,3.0,0.4085970066673298,0.11995633653959376,11.86651388294197,2.3495128812975494,2.3980460253828784,10.000025434901865,4.0,514.0356536556336,1676.9412591871594,0.880967032983407,0.9972533043602927
227,4,128000,32.962744700023904,3883.1717796821445,3.9555293640028686,0.0,1000000.0,-1000000.0,1.0225501222953883,0.19676112188326253,0.408142443447308,0.09700879405117381,8.0,0.3269078732408205,0.1198917131739623,12.995483104197525,6.09618492272255,2.6141971489816997,10.000014712297268,4.0,441.75284174039484,1979.001713229033,0.6530306011326925,0.8612410377448652
228,4,128512,33.08257430000231,3884.582827038071,3.822289460956442,0.0,1000000.0,-1000000.0,1.0225501222953883,0.19676112188326253,0.408142443447308,0.09700879405117381,8.0,0.3269078732408205,0.1198917131739623,12.995483104197525,6.09618492272255,2.6141971489816997,10.000014712297268,4.0,441.75284174039484,1979.001713229033,0.6530306011326925,0.8612410377448652
229,4,129024,33.1796130000148,3888.652950832864,3.6866236666683108,0.0,1000000.0,-1000000.0,0.9263359895999761,0.14975789951674182,0.8412546555510844,0.18534241630621884,9.0,0.27528875632204075,0.13332960952980005,12.210327417900135,1.625306257573321,2.7799996661546946,10.0000102845747,4.0,444.19655901653584,2505.344034067081,0.6907014882909335,0.7663539140840762
230,4,129536,33.271708699990995,3893.2776542382708,3.5507357110662325,0.0,1000000.0,-1000000.0,0.9263359895999761,0.14975789951674182,0.8412546555510844,0.18534241630621884,9.0,0.27528875632204075,0.13332960952980005,12.210327417900135,1.625306257573321,2.7799996661546946,10.0000102845747,4.0,444.19655901653584,2505.344034067081,0.6907014882909335,0.7663539140840762
231,5,130560,33.5723924000049,3888.9096268272183,3.2914110196083235,0.0,1000000.0,-1000000.0,1.0586232836328655,0.2607842110499675,0.7042384724585493,0.13084547796360033,2.0,0.24469614706774512,0.1512566344150486,10.91417914537567,3.926498274947363,2.042464149277567,10.000027354764146,4.0,293.3162267001681,2515.6171866342806,0.5587030451907078,0.7850629758566039
232,5,131072,33.68131839996204,3891.5341271245406,3.157623599996441,0.0,1000000.0,-1000000.0,1.0586232836328655,0.2607842110499675,0.7042384724585493,0.13084547796360033,2.0,0.24469614706774512,0.1512566344150486,10.91417914537567,3.926498274947363,2.042464149277567,10.000027354764146,4.0,293.3162267001681,2515.6171866342806,0.5587030451907078,0.7850629758566039
233,5,131584,33.776734399958514,3895.6992834737043,3.0228205883231354,0.0,1000000.0,-1000000.0,1.0586232836328655,0.2607842110499675,0.7042384724585493,0.13084547796360033,2.0,0.24469614706774512,0.1512566344150486,10.91417914537567,3.926498274947363,2.042464149277567,10.000027354764146,4.0,293.3162267001681,2515.6171866342806,0.5587030451907078,0.7850629758566039
234,5,132096,33.90331049996894,3896.2566797163076,2.89097996511363,0.0,1000000.0,-1000000.0,1.0586232836328655,0.2607842110499675,0.7042384724585493,0.13084547796360033,2.0,0.24469614706774512,0.1512566344150486,10.91417914537567,3.926498274947363,2.042464149277567,10.000027354764146,4.0,293.3162267001681,2515.6171866342806,0.5587030451907078,0.7850629758566039
235,5,132608,34.02872810000554,3896.942595394226,2.759086062162611,0.0,1000000.0,-1000000.0,1.0586232836328655,0.2607842110499675,0.7042384724585493,0.13084547796360033,2.0,0.24469614706774512,0.1512566344150486,10.91417914537567,3.926498274947363,2.042464149277567,10.000027354764146,4.0,293.3162267001681,2515.6171866342806,0.5587030451907078,0.7850629758566039
236,5,133120,34.16421469999477,3896.474751987212,2.628016515384213,0.0,1000000.0,-1000000.0,1.0586232836328655,0.2607842110499675,0.7042384724585493,0.13084547796360033,2.0,0.24469614706774512,0.1512566344150486,10.91417914537567,3.926498274947363,2.042464149277567,10.000027354764146,4.0,293.3162267001681,2515.6171866342806,0.5587030451907078,0.7850629758566039
237,5,133632,34.29870809998829,3896.1234227957884,2.4968408195393774,0.0,1000000.0,-1000000.0,1.0586232836328655,0.2607842110499675,0.7042384724585493,0.13084547796360033,2.0,0.24469614706774512,0.1512566344150486,10.91417914537567,3.926498274947363,2.042464149277567,10.000027354764146,4.0,293.3162267001681,2515.6171866342806,0.5587030451907078,0.7850629758566039
238,5,134144,34.412355199921876,3898.134818749765,2.364207609154938,0.0,1000000.0,-1000000.0,1.0586232836328655,0.2607842110499675,0.7042384724585493,0.13084547796360033,2.0,0.24469614706774512,0.1512566344150486,10.91417914537567,3.926498274947363,2.042464149277567,10.000027354764146,4.0,293.3162267001681,2515.6171866342806,0.5587030451907078,0.7850629758566039
239,5,134656,34.542172299930826,3898.3072295157785,2.232763988968913,0.0,1000000.0,-1000000.0,1.0586232836328655,0.2607842110499675,0.7042384724585493,0.13084547796360033,2.0,0.24469614706774512,0.1512566344150486,10.91417914537567,3.926498274947363,2.042464149277567,10.000027354764146,4.0,293.3162267001681,2515.6171866342806,0.5587030451907078,0.7850629758566039
240,5,135168,34.65511139994487,3900.3770162520677,2.1003097818148406,0.0,1000000.0,-1000000.0,1.0586232836328655,0.2607842110499675,0.7042384724585493,0.13084547796360033,2.0,0.24469614706774512,0.1512566344150486,10.91417914537567,3.926498274947363,2.042464149277567,10.000027354764146,4.0,293.3162267001681,2515.6171866342806,0.5587030451907078,0.7850629758566039
241,0,136192,35.05256879993249,3885.3643160173274,1.84487204210171,0.0,1000000.0,-1000000.0,1.393812221640997,0.22955455459577068,0.47663491263659363,0.19712939221240927,8.0,0.4822585609355484,0.02608701529074963,1.2660929701585744,0.39267311708661623,1.9047828411587284,10.000014933976757,4.0,373.4416071762426,1705.5092696503361,0.840894553976578,0.6021691416993264
242,0,136704,35.18176159996074,3885.6496600259084,1.7129696659156914,0.0,1000000.0,-1000000.0,1.393812221640997,0.22955455459577068,0.47663491263659363,0.19712939221240927,8.0,0.4822585609355484,0.02608701529074963,1.2660929701585744,0.39267311708661623,1.9047828411587284,10.000014933976757,4.0,373.4416071762426,1705.5092696503361,0.840894553976578,0.6021691416993264
243,1,137728,35.58327019994613,3870.582979756833,1.4550779635665703,0.0,1000000.0,-1000000.0,1.7832605567596547,0.17242280121527515,0.6069570468038782,0.19147550121462578,2.0,0.5851150048185162,0.14781546756812633,43.1956397634896,3.749924340306329,1.5405257866664175,10.000000786744565,4.0,435.6407238558711,2574.0194499224162,0.8510165226722747,0.9809736064496015
244,1,138240,35.71135190001223,3871.037993382509,1.322642662963416,0.0,1000000.0,-1000000.0,1.7832605567596547,0.17242280121527515,0.6069570468038782,0.19147550121462578,2.0,0.5851150048185162,0.14781546756812633,43.1956397634896,3.749924340306329,1.5405257866664175,10.000000786744565,4.0,435.6407238558711,2574.0194499224162,0.8510165226722747,0.9809736064496015
245,2,139264,36.075949499965645,3860.30033665871,1.0610573382342836,0.0,1000000.0,-1000000.0,1.6035626300397396,0.24420365289157694,0.49359364460892485,0.14276526556448219,9.0,0.2562479840375412,0.12300783086217158,14.331421652403069,5.5785063064738765,1.4262647305247667,10.000000855175305,4.0,244.38183744533168,1331.4593977929324,0.590188811200536,0.8798142517428044
246,2,139776,36.200475199962966,3861.1647838297713,0.9282173128195632,0.0,1000000.0,-1000000.0,1.6035626300397396,0.24420365289157694,0.49359364460892485,0.14276526556448219,9.0,0.2562479840375412,0.12300783086217158,14.331421652403069,5.5785063064738765,1.4262647305247667,10.000000855175305,4.0,244.38183744533168,1331.4593977929324,0.590188811200536,0.8798142517428044
247,3,140800,36.5938997999765,3847.635829185126,0.6653436327268455,0.0,1000000.0,-1000000.0,1.727589732457469,0.31544494078512053,0.7584965090925022,0.2901721682469567,3.0,0.3062083128123709,0.13638729685274437,6.120360825284102,0.2776966826282177,1.1017385821470491,10.000006858754512,4.0,430.85752214053434,2300.8076234180817,0.6035825073752079,0.6436039392428825
248,3,141312,36.71783009998035,3848.593438534257,0.5321424652171064,0.0,1000000.0,-1000000.0,1.727589732457469,0.31544494078512053,0.7584965090925022,0.2901721682469567,3.0,0.3062083128123709,0.13638729685274437,6.120360825284102,0.2776966826282177,1.1017385821470491,10.000006858754512,4.0,430.85752214053434,2300.8076234180817,0.6035825073752079,0.6436039392428825
249,4,142336,37.081967199919745,3838.4155628158815,0.2667767424454658,0.0,1000000.0,-1000000.0,0.9263359895999761,0.14975789951674182,0.8412546555510844,0.18534241630621884,9.0,0.27528875632204075,0.13332960952980005,12.210327417900135,1.625306257573321,2.7799996661546946,10.0000102845747,4.0,444.19655901653584,2505.344034067081,0.6907014882909335,0.7663539140840762
250,5,143360,37.435933899949305,3829.475721993251,0.0,0.0,1000000.0,-1000000.0,1.0586232836328655,0.2607842110499675,0.7042384724585493,0.13084547796360033,2.0,0.2446961470677451,0.1512566344150486,10.91417914537567,3.926498274947363,2.042464149277567,10.000027354764146,4.0,293.3162267001681,2515.6171866342806,0.5587030451907078,0.7850629758566039
