case_id,design_wing_span,design_wing_chord,design_tail_arm,design_nose_length,design_ducks_num,design_pucks_num,design_banner_length,design_batt_capacity,coarse_status,coarse_velocity,coarse_alpha,coarse_elevator_deflection,coarse_elapsed_seconds,full_status,full_velocity,full_alpha,full_elevator_deflection,full_elapsed_seconds,full_error
0,0.8715402700129861,0.3181621972489185,0.7977672647345363,0.2259469548546263,8,9,4.03236563626821,5.275465240880569,ok,30.017322575209583,-0.03536993923816515,-1.5371612013922067,0.15454500005580485,ok,29.917781342601465,-0.046411849509582964,-1.4156081762339014,1.1215016001369804,
1,1.5216835716455137,0.23981233604375757,0.5163277216260798,0.20009386017368375,8,3,1.681891111091934,7.238435240264451,ok,29.817178569459813,-0.8473890635474196,-0.570815532394048,0.012378899846225977,ok,29.8833843267229,-0.7819265615304016,-0.6465805223794727,1.0455726999789476,
2,1.7144713439969608,0.258478355845525,0.44901266266069617,0.11076963094344668,9,9,4.224621597021677,1.6314154273117378,ok,29.41473817067356,-1.0280597312463917,-0.5378735332353285,0.014421400148421526,ok,29.591634372097687,-0.9823050570638827,-0.7180114857917509,1.0677202001679689,
3,1.3592799124713257,0.15566101149139105,0.41005465421717213,0.1625617006328319,6,10,2.476167112055384,2.673622259725164,ok,30.39131588370829,-0.07943298726251465,0.31833476361237706,0.010958000086247921,ok,30.427710372714024,0.030507567988525237,0.19653602243244955,1.0149425000417978,
4,1.2055795710558828,0.26550443226819975,0.31768609422567623,0.27047299037629424,4,2,4.061396506276465,9.490302282516907,ok,29.635053167793608,-0.2934867892822586,-1.2013491086146222,0.012294499902054667,ok,29.797263470884516,-0.2597347091906567,-1.284669070494321,0.9826231000479311,
5,1.7167737840109059,0.3229131523835297,0.8924179656516358,0.23039434244141982,7,6,4.348021868416848,8.256870077578226,ok,29.38849216367936,-1.3723327044253177,-0.45019216331294265,0.01400720002129674,ok,29.27210088300952,-1.4264292400069785,-0.4446599374134336,0.9704410000704229,
6,1.3008472564461542,0.14901117258071933,0.5444485595811379,0.17946382174859163,5,4,4.38972390074183,1.9865410517471127,ok,30.508060512864645,0.1199565267509684,0.47225594780079716,0.011966800084337592,ok,30.48806265675428,0.20090283662994202,0.2492917485538065,1.0476341999601573,
7,0.9745212671180152,0.27345178468333686,0.49147258583589437,0.1871609236514737,5,3,0.6297493843992703,2.842675842797416,ok,30.001313426780488,0.005069730970218666,-1.4501487040799805,0.011538299964740872,ok,30.056560252152643,0.03804724464703071,-1.3821517944224107,1.0133051997981966,
8,0.8338205267907275,0.2218235601745025,0.8266636365608011,0.0925679855868219,5,1,1.3397178167498054,4.03995001754308,ok,30.37501119652475,0.7825856052619045,-1.4780125762104506,0.012080400018021464,ok,30.271123587897684,0.9143931711700508,-1.331321291407706,1.0864818000700325,
9,1.1511269950763343,0.27386953846478734,0.3264614132461098,0.1782925492483824,5,5,2.9493185704490403,9.03586029906277,ok,29.641019502005808,-0.22467724297448688,-1.303025691514248,0.012408299837261438,ok,29.841921367849235,-0.20616290233072837,-1.3733943186764814,1.0260007998440415,
10,1.2948041585198693,0.13774775956154192,0.6509154794523571,0.2288867041947248,5,9,1.1614951040259713,1.3379312680220181,ok,30.585266481654823,0.3044028508315593,0.9077954482390284,0.012354600010439754,ok,30.502679354971896,0.3444922270816332,0.44750373097159546,1.0292772999964654,
11,1.4888388083746373,0.29262459283568154,0.4105842354752078,0.14759284174028153,6,3,4.595336357124165,1.9540864740109596,ok,29.31668737094369,-0.8396601011226461,-0.8560347992532038,0.013135300017893314,ok,29.53531603862632,-0.8572778120931891,-0.9935077909318952,1.0264812998939306,
12,1.5381951434269334,0.1549543544455761,0.8399480053984831,0.2542095398816081,7,5,3.0155674219564554,7.021063339834435,ok,30.425980830122256,-0.3821338005181132,0.3475887164440996,0.011905600083991885,ok,30.305360328357146,-0.21665116854212077,0.2271028961159794,0.9992733001708984,
13,1.6000570498768356,0.343154712441707,0.8452300849333112,0.24533331032880845,5,2,4.82206397139591,8.610010947607975,ok,29.35954244353869,-1.3078159376731966,-0.5442458319807021,0.01617650012485683,ok,29.265524883297815,-1.4083496284555257,-0.5262036691860652,0.9880515998229384,
14,1.0546321714288351,0.30758034150698066,0.8926310493002316,0.22900534327386168,9,8,1.4361366916857512,3.20685065224166,ok,30.027569563362192,-0.527997061987508,-1.098738153731937,0.010902399895712733,ok,29.90582290727026,-0.5966614571860656,-0.9097323719890655,0.9897924000397325,
15,0.8639517599292535,0.20595261598656328,0.7754225936198919,0.17272513605287293,8,4,1.0844289085002328,7.626207413337567,ok,30.427348316839286,0.8127971019802392,-1.2238006841115125,0.013600799953565001,ok,30.300407044476213,0.9298245305283321,-1.1360096320828985,1.0041688000783324,
16,0.8479207647816376,0.18721422687055467,0.3885325963029985,0.2916781758004612,5,3,4.318943064317676,3.2794050722878896,ok,30.400403453960717,1.1300846755540652,-0.9978979635603829,0.012194900074973702,ok,30.2855523381743,1.19877377225141,-0.897113160178969,0.9884428000077605,
17,1.66657949407796,0.28902203839971335,0.6020506207116973,0.14277929984447713,4,9,4.568886478595567,9.060981445883492,ok,29.42828294929152,-1.151480032286048,-0.5595748873936156,0.015291200019419193,ok,29.504072294717897,-1.1609203695351598,-0.6574954844965984,0.995123399887234,
18,1.7355304323243126,0.2935251473626891,0.8163141985915743,0.12733846496673804,9,4,3.5864713514904194,1.6101689051657833,ok,29.500888868594014,-1.303628388452707,-0.4350691240129945,0.013525899965316057,ok,29.46407073673944,-1.3168777878480582,-0.4545522552061054,0.9985370000358671,
19,1.067519579053534,0.3340875124499607,0.30740028821262455,0.20473359765266458,5,9,1.8072320849589907,9.325869460253701,ok,29.172283118513846,-0.06518472002625667,-1.7179742857852722,0.012426499975845218,ok,29.50544736866071,-0.10691628121705558,-1.8163131198837814,1.01690570008941,
20,1.6407371464147502,0.3005772266735949,0.7821745449363879,0.2018166284913803,6,10,3.4183151413074464,1.8161685938781993,ok,29.527909946167902,-1.2371181762595913,-0.515168441348652,0.014420699793845415,ok,29.478103658687196,-1.2683292750656285,-0.530365066374615,0.9947112998925149,
21,0.8361404483864212,0.3321158704629278,0.573002400943162,0.29631397731781095,6,9,1.2654749099475828,4.200044644614978,ok,29.82212617895851,0.16418624009548477,-1.7916630709973518,0.011833499884232879,error,,,,,RuntimeError: Cruise trim did not converge.
22,1.4064853357718659,0.12513662876409273,0.8672926965045493,0.19100825337815125,7,10,2.5865268164949486,4.311711367772977,ok,30.62578113240173,0.28883484901100015,1.5190172916943412,0.0128842000849545,ok,30.49948286762377,0.30519400626525117,0.7521483022597932,1.009086900157854,
23,1.3167939382813652,0.2065691274134987,0.35988187424956186,0.22422657452570588,4,4,2.893636502799721,8.746351701210424,ok,30.05073985855659,-0.3479001461598063,-0.6027570746298683,0.011032500071451068,ok,30.13043101364019,-0.24018944010475274,-0.6369913463155462,0.9889309001155198,
24,0.9606135019511808,0.16200967111910225,0.5277695650666822,0.1944361109741276,3,7,4.173209522303061,3.380201422846807,ok,30.548807415363672,0.9605376517048771,-0.1501133103214061,0.013600300066173077,ok,30.4768330764394,0.9717233003521946,-0.3403196654915868,0.9477562999818474,
25,1.4737091636010042,0.3055709209066577,0.4579876559030416,0.28194699285879954,8,8,3.608983828511818,4.821636724632616,ok,29.320288621407418,-0.8922281350631698,-0.8588778540901066,0.013415999943390489,ok,29.450831888288747,-0.9288332040219676,-0.9750363280561692,0.9335670999716967,
26,0.9555912244767238,0.25468521042928094,0.4650353365373976,0.28841233442093644,7,3,3.0646940301214265,3.5235981082672905,ok,30.08753703826533,0.16638750998481472,-1.4486238958625928,0.011381600052118301,ok,30.07978663057489,0.2410369514862873,-1.352936682439598,1.1268926998600364,
27,1.2742410630579681,0.24080217287722705,0.5558355762245347,0.2054375432434346,9,10,3.2401642373402813,6.689329041381115,ok,30.041007206502385,-0.5410115663791456,-0.7999491192175228,0.01239540008828044,ok,30.070336545353182,-0.48382569755272337,-0.761241997493826,1.0240364999044687,
28,1.1200358395137064,0.13048912841617902,0.6649187896620483,0.1503320012982517,4,6,0.8776943398821495,2.520117166681318,ok,30.66561741498049,0.9431202607460458,1.3536690631338388,0.010691799921914935,ok,30.59589986399152,0.8537733091175568,0.5330775362625859,0.9845318000297993,
29,1.6433117989792878,0.24885481116357233,0.5119355034532085,0.11806408407969515,8,5,3.1004492133801773,6.760423337583728,ok,29.63990041864553,-0.9916381555439179,-0.5116435098577593,0.01260819984599948,ok,29.758083263953417,-0.93877755669243,-0.6359437834657269,1.0454136999323964,
30,0.9461267663216743,0.2398343713140414,0.864835857024288,0.2401204945654083,8,5,1.3332771393522922,8.959869142285925,ok,30.32165062036064,0.1540309919078018,-1.2406313246527303,0.009961299831047654,ok,30.174699362710825,0.2600400686085087,-1.0301053053888394,0.9966376000083983,
31,1.2545844279627967,0.19096651986140695,0.6165021678371154,0.1097527321150227,10,3,2.0375061654571844,8.666109366889383,ok,30.34529476379194,-0.22009734861625707,-0.4353514448534488,0.011087100021541119,ok,30.365534976999523,-0.1042585465277269,-0.36436569956370113,1.0478491999674588,
32,1.230085529233759,0.2869654274523763,0.7639118956597089,0.22573166668948969,10,1,4.024296237857154,1.0485969502558046,ok,29.950447026453947,-0.7360345912717179,-0.8805004951156101,0.011052900226786733,ok,29.893403567715943,-0.7725578723616465,-0.7716102241803957,1.0267757999245077,
33,0.9940411955577518,0.22254871674677842,0.8408493694914241,0.2078805172395075,9,8,0.5754702240322056,7.856666131593483,ok,30.37101382120966,0.1398245831849308,-1.060766227385178,0.00974579993635416,ok,30.25013543095168,0.24966429483496994,-0.866226910424538,0.9425974001642317,
34,1.2706060014709135,0.31621409653749016,0.7295555332605732,0.25922909011731426,6,2,2.5525224573708445,7.987760169229734,ok,29.750394111424512,-0.8702577791644963,-0.8644412281923133,0.01282500009983778,ok,29.70396474456985,-0.9605014121254223,-0.8102677887620101,0.9762118000071496,
35,1.1654204499007186,0.1499779632907666,0.33060884565157245,0.19143847088436938,6,10,1.045545984610042,8.923822561057285,ok,30.475731548549415,0.4042103320213102,0.4691913736019344,0.012057199841365218,ok,30.47811569657831,0.4461643809970348,0.3189865192292253,0.997630099998787,
36,1.519635316452548,0.22139329477384545,0.8049213613766208,0.17057267336841375,8,9,0.9876749230926334,2.022821036784549,ok,30.087158747447887,-0.8588226195537356,-0.4200707560332484,0.012352999998256564,ok,30.036923700383262,-0.7626924876320057,-0.32382976345593495,0.9734835000708699,
37,1.3984545627893976,0.16441101020407256,0.3037155229992335,0.27178516345555737,7,8,2.420661915906365,2.564970839555504,ok,30.224888529873052,-0.21168983686358495,0.11125369707712135,0.011627200059592724,ok,30.254092652642804,-0.0839763558583022,0.05658511791879824,1.0141429998911917,
38,1.0539373389937783,0.32058538095244354,0.47391701497202104,0.28756689080784836,7,7,2.0540237688268324,2.1128703294539966,ok,29.659899945110716,-0.32081573982269096,-1.390365864694099,0.011370599968358874,ok,29.746200818075373,-0.37847459274984707,-1.4202824204492268,0.9834941001608968,
39,0.9854490663268253,0.24435446015817283,0.5880971411727625,0.12551307755084729,9,10,1.8164064648352531,5.113746591310805,ok,30.2048841008299,0.06924829577189633,-1.2713466229740575,0.012033000122755766,ok,30.225951478711025,0.13715262997824873,-1.1179350504624361,0.9948439998552203,
40,0.9721990711003974,0.1694015411004398,0.4529026812479918,0.08487364954932287,7,2,3.2642883542088232,7.715469857529972,ok,30.49697757647383,0.8048998007029804,-0.36505995942470915,0.013280499959364533,ok,30.508366852329477,0.8362630662158465,-0.4426570789903763,0.990112999919802,
41,1.269371898894717,0.3454721170867479,0.8925002581829862,0.1412541364741185,8,10,2.1868247915063694,8.92599633752307,ok,29.701962814177342,-1.007668961478082,-0.7847402813503074,0.01288709999062121,ok,29.62772705978343,-1.1672527857864403,-0.6592741304400245,0.98451800015755,
42,1.0395724669381083,0.12249854071797198,0.5218851278798544,0.1743307528614404,6,1,3.269428833964043,3.440067060993653,ok,30.684944625811973,1.3902107516960573,2.0790963546244607,0.012356800027191639,ok,30.62710886181375,1.2014635473920612,0.9588217929949499,0.9921806999482214,
43,1.5433368653996176,0.25723380818867303,0.31111909025929074,0.19065511243994177,6,5,0.5671942394521928,9.382885148621579,ok,29.327578928557585,-0.7170017648015747,-0.7947504300233736,0.013184000039473176,ok,29.581078894711336,-0.665647255445079,-0.9903916311474403,1.010974199976772,
44,1.111833468153565,0.28447619724605444,0.7371590606437998,0.1338376144884591,3,6,4.19896773224232,2.613806961442637,ok,30.02972011814904,-0.5039720729616242,-1.0576880815328664,0.013555499957874417,ok,30.02020864534309,-0.5347066189112525,-0.9154757266853162,0.9817717999685556,
45,1.7520113518580938,0.2585264808623764,0.40550514651597236,0.08676722958045979,6,3,2.3937074371812117,5.247514271202548,ok,29.299753949977525,-1.0178555312458217,-0.5451540671553358,0.014237300027161837,ok,29.527075015566055,-0.9676512993246964,-0.7542161167706524,0.9895341000519693,
46,0.8473227881391517,0.22049644657881948,0.5004813709924653,0.1260858008645962,4,8,1.7642587026714085,1.5018750916567507,ok,30.295413264997045,0.7916565357176202,-1.512181100468555,0.010300100082531571,ok,30.283754576072983,0.9005503092198894,-1.3637805883424894,0.9844515000004321,
47,1.2444914587995464,0.1422722968706814,0.5659428264915405,0.19985284276936735,8,1,3.1100385283651666,9.615382265708604,ok,30.567698476262276,0.348410375388684,0.7156638734098713,0.012184000108391047,ok,30.520571680054406,0.3867932753032858,0.3511939708635604,1.0433207000605762,
48,1.640685697440419,0.21688214554201102,0.4540452473047385,0.16216739318437426,6,6,2.7360595098948854,3.7828516112471435,ok,29.813388145946146,-0.8567969544006051,-0.3830976988706624,0.011074499925598502,ok,29.91960531796017,-0.7484016528854041,-0.509307637805986,1.0793316999915987,
49,1.0979833205178449,0.24664195269606365,0.8180591252549092,0.09027778199440568,5,4,2.5516449958811167,4.544990489098962,ok,30.233009037264186,-0.30898981004142023,-0.9936135105671287,0.011678500100970268,ok,30.201116678259282,-0.260961628163705,-0.7753173347974787,1.346814899938181,
50,1.1785211448434199,0.252753490471441,0.45249449412753895,0.18505256514529797,9,10,1.6271158745325647,6.6805692671547146,ok,29.95564658323552,-0.3609567351003143,-1.0324018195614664,0.020382999908179045,ok,30.044265475237104,-0.3213824227539771,-1.0253941942845335,2.141952499980107,
51,1.6252078919032646,0.3058225382604974,0.5009784013815787,0.26429335919808405,10,7,1.009593404487648,3.4068782232782997,ok,29.219093452412817,-1.069375991643249,-0.7004050252857001,0.02782979980111122,ok,29.330503680759954,-1.0968315512943594,-0.8307519193862573,2.016198300058022,
52,1.4458263465888328,0.27079401171096507,0.8044374664249394,0.1293983781205911,6,10,2.2267669427360417,4.479583670258513,ok,29.88281327762374,-0.9817338276417469,-0.6165057750823784,0.022857999894768,ok,29.85209981326848,-0.9859704910593782,-0.5376562965178412,2.056085600052029,
53,1.579180656965878,0.2935686526153788,0.5136699458616307,0.09638008062854653,3,6,3.0192423679543627,8.370033765093385,ok,29.38206588262024,-1.0282782548435645,-0.6831973432713294,0.024762999964877963,ok,29.540954878260703,-1.0512823561684714,-0.7970823822574982,1.396855500061065,
54,0.9948622256775601,0.28543468133637545,0.5961104534900703,0.1597462413174478,6,8,4.164083438435066,9.479803714419324,ok,30.01049404437895,-0.16978031108643946,-1.3517251336735916,0.01279039983637631,ok,30.041660828472118,-0.17195971509273322,-1.2550847703617718,1.867742900038138,
55,0.9007026640341289,0.2664855389354166,0.553831616456907,0.1823193008142231,4,4,3.229044912368004,9.258962996643339,ok,30.107747429816474,0.23462482813622815,-1.5747019573711374,0.019156099995598197,ok,30.112387078940827,0.30353948120344176,-1.4523424936552545,1.9914936001878232,
56,1.7926262489470504,0.3282646067542967,0.6605406210357109,0.2598768601722886,6,3,1.7982663234767637,4.691026809110559,ok,29.078239898419472,-1.3255587958645116,-0.5212274776379195,0.024877000134438276,ok,29.091148464445375,-1.3718273329361688,-0.6129943835216953,2.2208241999614984,
57,1.1167127887395663,0.12294647131255605,0.30388093217534906,0.132321839603581,10,6,3.114986467155572,1.5231966733329245,ok,30.610542257602983,0.9324791797020843,2.09663367874115,0.023216899950057268,ok,30.62367864273067,0.8241338901281893,1.3500457804307566,3.224286000011489,
58,1.1262254385480372,0.12863746807770543,0.5579452497639492,0.17016720477058822,5,8,3.729392094599114,5.154896168595541,ok,30.656950764350043,0.9361899290778459,1.4873559176599873,0.03088380000554025,ok,30.605702169519926,0.840805965852683,0.6773320672527372,2.2069600000977516,
59,1.3444063858357151,0.15903441131421822,0.6831197645903312,0.09766267517156559,4,4,4.554771069353696,3.0281065047688287,ok,30.472709386814472,-0.09195481535153092,0.1828165860600003,0.026469399919733405,ok,30.465815247221247,0.02244385334735165,0.07566207571346037,1.9357590000145137,
60,1.1200860673947355,0.12051821113583024,0.6768324617598674,0.256000616080893,10,10,2.841807475264613,6.657619239096672,ok,30.70088436748973,1.169037115328291,2.2230274245252506,0.011791599914431572,ok,30.57214702789956,1.0134453653183462,0.992738074318902,1.1288058999925852,
61,1.6495584570973858,0.2618231232980291,0.5172706124974045,0.2230883521725282,7,2,1.906103524074867,4.948769189388544,ok,29.54537603673801,-1.030280044380867,-0.5586650609399958,0.010992800118401647,ok,29.622926452890614,-0.9923971671109786,-0.6911177924115957,1.4778380000498146,
62,1.416096559028324,0.13013128007480132,0.6711912212307236,0.2732473178195343,7,4,2.2891388300501756,8.992703059982228,ok,30.575969448008458,0.16369331952454058,1.2482556480923452,0.0785616000648588,ok,30.47016406798011,0.21594804923738892,0.6811552017912248,2.123744999989867,
63,1.3563222226167393,0.1375085434429208,0.5300587401282153,0.1250351726032849,7,9,2.0539314738596786,3.802365048543349,ok,30.536409010040913,0.15826552861604518,0.9192073157187945,0.026976200053468347,ok,30.544662716823847,0.21288047739898885,0.5307057505395043,1.8825707999058068,
64,1.105140905620612,0.2607977278697609,0.5736165379520801,0.11501426167778528,6,10,2.0337510822378073,7.533527389681508,ok,30.0586516232994,-0.3185292991995179,-1.0995909227255154,0.02350780018605292,ok,30.120778901308714,-0.29726194300336556,-1.009780161048185,2.2669742999132723,
65,1.016830461958723,0.23726759785457618,0.6030703571408425,0.16662964269225153,10,9,3.5762567497600477,7.909421889387507,ok,30.23289278709357,0.01605784830760708,-1.1662430850300716,0.024494900135323405,ok,30.228592980045402,0.09199332266563348,-1.0095424747685802,5.350961900083348,
66,0.8077972555813339,0.27735525751253387,0.31559696431709516,0.13453997342350646,6,10,1.008410190688996,7.796455766698738,ok,29.80724033711235,0.7906605986856603,-2.1735063589924626,0.02874869992956519,error,,,,,RuntimeError: Cruise trim did not converge.
67,0.9667700003962402,0.12095907824588309,0.3931738773494078,0.15804087843029058,6,8,1.5410433473712122,7.917233153289105,ok,30.668616181694084,1.6725734898514104,2.4005655754337236,0.018128100084140897,error,,,,,RuntimeError: Cruise trim did not converge.
68,1.7347105727103673,0.3316582562965953,0.4012408201129648,0.18058432934062363,6,2,3.8646349691103445,4.37273750363981,ok,28.642826891493844,-1.042494325834799,-0.8002482078389503,0.034873400116339326,ok,28.9511121360383,-1.0896862507356233,-0.9397355419587855,2.3058896001894027,
69,1.5068138589082034,0.27738665417305935,0.7223965805489412,0.1395650077088281,6,3,4.939792819011492,7.144993682115699,ok,29.75117252329229,-1.0401598757519899,-0.6003343755820694,0.025628700153902173,ok,29.754571814379315,-1.0499412868082172,-0.5895578789796264,2.159884699853137,
70,1.6127547644678648,0.33024350486988957,0.5370597681753257,0.11397167000459993,10,5,2.672692271359676,4.811767300278741,ok,29.10597090812044,-1.1182239253150308,-0.7116682734773383,0.0317868001293391,ok,29.27424458878916,-1.192010049765569,-0.8014647000040143,1.4919201000593603,
71,1.0923010619308924,0.2695212957777199,0.6960851839538766,0.1588493446843225,3,8,0.6916993782371033,4.498999047521609,ok,30.090810338032266,-0.3821876340839589,-1.0889112837423727,0.013503799913451076,ok,30.081183822838117,-0.37543151453249846,-0.9452542373015889,1.1079490999691188,
72,1.5254119005116873,0.18924030744958334,0.8134554126496696,0.11778612853522319,8,3,1.9488329358167233,3.5725858810205184,ok,30.253632142240903,-0.6702680178014435,-0.1924976339508709,0.013321799924597144,ok,30.2205470170832,-0.5236989800208961,-0.10961183225369267,1.0810372999403626,
73,1.1329264949450704,0.3466626386726483,0.8332175743748333,0.2868610803618798,5,9,2.283070689378265,5.111374756650234,ok,29.778243108164503,-0.7854705120986414,-0.9771954778018975,0.015010299859568477,ok,29.66787724949896,-0.941120851891251,-0.8676218075036785,1.0853309000376612,
74,1.0701887451276098,0.23841434740764467,0.44485318191358886,0.09934720833025312,9,7,1.4306280554113135,4.250592687896261,ok,30.10491743941509,-0.06014796939732553,-1.1350129128208455,0.011432900093495846,ok,30.206459235914025,0.001765932471675188,-1.0705118616796454,1.0763217001222074,
75,1.103923084516297,0.27042509907312406,0.5989247832176172,0.0821085894119336,5,3,4.115780864097531,4.459181857506103,ok,30.026526205094804,-0.3701845684682512,-1.1104329181909316,0.0135345000308007,ok,30.098839282530456,-0.37074004168696084,-1.0186594021086148,1.0350084998644888,
76,0.8175641646933959,0.15389567918420763,0.7909642128576746,0.12515129037993114,10,9,0.7772149269593001,5.061663618831,ok,30.581588681820687,1.8914251859034146,0.0910877020282136,0.012593500083312392,ok,30.422815422976672,1.8168112080954733,-0.6330550226842171,1.0613629999570549,
77,0.9578373940619953,0.16722200999682987,0.40756707796981567,0.12297818731033042,6,1,3.952424318240564,7.263952664847168,ok,30.493482734342493,0.8837397753273256,-0.3087133263367904,0.011071099899709225,ok,30.486260225201235,0.9072309118479156,-0.38639331489446177,1.0581596998963505,
78,0.8907387541512712,0.2551262945961752,0.7580507257359492,0.10044863710034531,10,8,4.5524388398385085,8.640747687144493,ok,30.244037163434776,0.26579097300379506,-1.4878198654091854,0.011730500031262636,ok,30.197668579648838,0.3510693866567651,-1.2787996785817881,0.9103418998420238,
79,1.7443272100266605,0.14943431334119514,0.6200797511070293,0.09870354114245165,10,9,2.7834812252804495,5.753591442610647,ok,30.293397407005905,-0.5862178050471418,0.5410541071221844,0.011919999960809946,ok,30.319406231889268,-0.4065060659736233,0.3859073284507348,0.9845136001240462,
80,1.225997211625364,0.272105821045055,0.8672367731561348,0.2888958753565824,6,1,1.3572155885445414,8.669885213059665,ok,30.065205045876606,-0.7022316569104592,-0.8382205674740483,0.012290999991819263,ok,29.933922200786903,-0.7027892833776794,-0.672959026461834,0.9865021000150591,
81,0.9106623874061545,0.3119660368808371,0.8790328215544683,0.09859394883433281,4,8,1.5722310615029815,2.5679367458770113,ok,30.064322630719403,-0.1632788305037505,-1.4111708344718377,0.010616600047796965,ok,29.99429928792376,-0.20295522716839,-1.2167178746941905,1.0189899001270533,
82,0.8002304272867174,0.1704152447138786,0.5687466748167305,0.08555458880435533,8,9,3.787096656158564,8.49297342075237,ok,30.501845153108583,1.6572237889962824,-0.7235153569080811,0.012806899845600128,ok,30.426591493905185,1.6524656060249034,-0.9714629180536877,1.1350957998074591,
83,1.2604794747544696,0.2942292077121137,0.8066835660720169,0.17992893784062652,4,5,1.5946884079337744,1.62028427518459,ok,29.913003899836895,-0.8224283269222804,-0.8313615229839204,0.011507799848914146,ok,29.859230317877913,-0.878059778775485,-0.7140744139425093,1.1430903000291437,
84,1.0194546695460072,0.2705032863287191,0.32525409601722516,0.2762097571944014,6,3,4.3275533738522105,3.6093088576144026,ok,29.773130695970806,0.07666677455203139,-1.5354736244610176,0.014586100121960044,ok,29.887011373171177,0.12067734715087464,-1.5486923235535883,1.1257114000618458,
85,0.8408887209204187,0.29419722657240654,0.4839408968959107,0.14071591653062976,5,4,2.6220585882401846,6.649308124861816,ok,29.927567129965706,0.37463836175344,-1.8687615801837056,0.012872799998149276,error,,,,,RuntimeError: Cruise trim did not converge.
86,1.6085325491044655,0.24184742318391145,0.3880823056967712,0.24002277033459413,3,9,4.913787010519416,3.924109939654732,ok,29.55981607239574,-0.8488376337106249,-0.594480352120131,0.01850349991582334,ok,29.698634070968353,-0.7748177421147974,-0.7704623100618582,1.4014391999226063,
87,1.3416271698219848,0.12422510768524868,0.3677029040728769,0.2513169126855348,9,4,2.5899735472957985,8.395002202861535,ok,30.553125264671564,0.35237604638910797,1.7144926775595657,0.013646600069478154,ok,30.524213337530615,0.3500458420486621,1.1489950594067697,1.1735106001142412,
88,1.026569463302428,0.15994743805532385,0.3279042577662588,0.20901610295100614,4,6,0.8370735225980817,8.357226395788977,ok,30.47536899571093,0.7017772703930781,0.03178253560428732,0.014570300001651049,ok,30.444946231118468,0.7293748994188876,-0.024818992105497817,1.2226121998392045,
89,0.8710303265677257,0.15516629536870735,0.49126136019836286,0.23543096167370148,7,1,3.660744294979262,6.622961730424588,ok,30.56502231110295,1.4863328757381342,0.054825262757146255,0.017864800058305264,ok,30.44538114124125,1.438884830196514,-0.3157887533907902,1.2559648000169545,
90,0.9257221633306942,0.33723177331926624,0.7843801343525142,0.10706982155982817,8,3,2.6514146860938688,6.257120162571583,ok,29.918766532765012,-0.2773309263429562,-1.3882350901186868,0.012951100012287498,ok,29.89775079535142,-0.37905047417163307,-1.270142009514895,1.1371569999027997,
91,0.9799799272104017,0.3202848824256345,0.5535125393592637,0.16617630797754862,4,6,1.0265758253257562,5.974287606387358,ok,29.806388277503775,-0.2246938120839253,-1.4451337206490962,0.011932499939575791,ok,29.883280270607937,-0.2845426342014067,-1.4221266856712318,1.7739024001639336,
92,1.4690323544643857,0.26679798447406655,0.8425260656227445,0.08722121397257508,5,4,0.8005958204750911,6.71916207635905,ok,29.90158011558784,-1.004268105674003,-0.5787048768844781,0.015638699987903237,ok,29.873504557988536,-1.0022979585176102,-0.482584287684205,1.3903405000455678,
93,0.8900770422990986,0.14676413655364454,0.34011368564326544,0.23764223555753183,3,4,3.6450488974959403,2.8391266523556586,ok,30.563516450661304,1.4593278736160888,0.5460825203929344,0.016451000003144145,ok,30.459964501796968,1.3833831207894718,0.20467726790563565,1.2308167999144644,
94,0.9882932693761615,0.32522264944493995,0.7095557993702838,0.11381057167948566,9,1,2.1202209753290635,2.6686526870033225,ok,29.899560854631396,-0.36520918935903446,-1.304558124011851,0.011885100044310093,ok,29.916030644255027,-0.45972894459890495,-1.2026929991623418,1.3708758000284433,
95,1.4683848012265948,0.1518378006627898,0.42427078585965333,0.13397384019079056,4,5,1.2962529033025925,3.4262321970581846,ok,30.359448464191495,-0.2299742099825176,0.45952835467669073,0.02522269985638559,ok,30.41384036093346,-0.10234418696285887,0.3035515832286064,1.7026388000231236,
96,1.4530380326706873,0.27375861354023023,0.35675833393307277,0.18599687088377387,7,9,3.509568689108998,3.1242539817243906,ok,29.39735205467395,-0.7088482753743514,-0.8919113991965145,0.02012640004977584,ok,29.619591619310306,-0.6917420964745579,-1.0459778960440578,1.5636267999652773,
97,1.4958871554918929,0.3376617087934902,0.4667127252206018,0.22633971592768148,5,2,1.5489761779531845,7.1103425078774976,ok,29.06198491429844,-0.9512359534937993,-0.8931505270646002,0.018261600052937865,ok,29.253350539925535,-1.0379983548273088,-0.9838618075793358,1.4914466000627726,
98,0.8871007306289505,0.29897780583833644,0.5354125566350298,0.23171497980391131,9,1,2.955544045502728,8.038249910122524,ok,29.940269295845603,0.14048987854988604,-1.67906366960905,0.024046099977567792,ok,29.95763897108906,0.172331050407318,-1.6339659649817802,1.9757371000014246,
99,0.9300073104250001,0.19914926870530616,0.46568431614443184,0.15465598782441398,10,1,1.3875730737915601,2.0419732853764865,ok,30.373135480085033,0.6416264407406509,-1.0474193987656406,0.05712749995291233,ok,30.361916124710024,0.7270017677281948,-0.9333092381082622,2.015928199980408,
100,0.8835950111554547,0.20279507455984053,0.386531975242702,0.14026544439648453,3,3,3.865291362235674,4.7610583740987344,ok,30.321055055221166,0.8160878257017907,-1.2232538645492734,0.018775900127366185,ok,30.32210673002067,0.9008546676480773,-1.0971635244808882,1.7127306000329554,
101,1.3908188663871994,0.29403194531832133,0.7323022576847911,0.19164851139754566,3,9,3.80054846031386,4.079876015655662,ok,29.766036845009687,-0.9648299679865595,-0.7218902903693097,0.02496400009840727,ok,29.74396205257865,-1.0106221214746451,-0.6833577892848868,1.5586294999811798,
102,0.9560612945379239,0.31735463329028035,0.7127668470720707,0.09100715175240567,4,7,0.7889225156837216,2.7928561421295717,ok,29.95232106340905,-0.25404220820807744,-1.3767928372599967,0.019358000019565225,ok,29.970949570853428,-0.3222730238936505,-1.2608398472368734,1.6843314000871032,
103,0.8764448596442322,0.30615875502270073,0.815217331171467,0.1797822263865258,8,3,1.450909612892917,7.083988728413591,ok,30.06986898983008,-0.0011999162707302699,-1.5300110831064777,0.012339900014922023,ok,29.9808000736363,0.0052277412233808305,-1.3732349021289978,1.8884765000548214,
104,1.6473498747424302,0.29693303669123916,0.7675498773861431,0.17783052713787312,3,3,3.936767053105098,5.394738684571124,ok,29.533885908284464,-1.229166449980682,-0.511177261805811,0.017766099888831377,ok,29.501299475702215,-1.254997069125309,-0.5322236404456298,1.4274526999797672,
105,1.4965860140789777,0.31407703694373595,0.7465737403054356,0.22681651322489277,5,1,3.86198862480715,4.850228930337615,ok,29.56415310712606,-1.1285564187995432,-0.6433817491033702,0.015723699936643243,ok,29.525363334956975,-1.1965517091752143,-0.6394806036380836,1.2439484000205994,
106,1.5504837361710289,0.24591633455300588,0.3529911304010262,0.22518176677121626,5,6,2.348190830000653,3.0955311870532087,ok,29.520347718952916,-0.7641865606397512,-0.6876334473232305,0.01327649992890656,ok,29.695059115912862,-0.6979902065622018,-0.8647905504660596,1.389132000040263,
107,1.4579640630730393,0.1458571538283369,0.7256214716518858,0.23966436373183858,7,9,4.245267060250576,3.3501277638233407,ok,30.491343140116996,-0.14224614775062314,0.5859010465734805,0.015013399999588728,ok,30.400675531710316,-0.01693859953639884,0.3383625537451432,1.205752900103107,
108,1.3980976171182946,0.27366892468055454,0.8580976929611281,0.15019445193437903,7,8,2.7933727667653265,1.2778798560980875,ok,29.929055943988885,-0.9505083904973746,-0.6518463901399181,0.013650600099936128,ok,29.86614625017548,-0.9620995007933502,-0.5343123402855501,1.5389796998351812,
109,1.7215204266039539,0.2734940452041295,0.31043369622514555,0.239022338750365,7,9,3.893250103147248,6.306812742183097,ok,28.948410546871006,-0.8785906725349047,-0.7435194003006411,0.02221530000679195,ok,29.244339564616098,-0.836049605034147,-0.9730953377148353,1.87222780007869,
110,1.45376049493921,0.20311541389417417,0.6887142078624174,0.13977925264311497,8,1,4.469034362635265,3.624717448079852,ok,30.189313680829084,-0.6501633582334303,-0.3704245656390075,0.012896700063720345,ok,30.19013555089249,-0.5285415699357422,-0.3031486092700002,1.1673854999244213,
111,1.2669191228850343,0.3141920206453003,0.6795759303828238,0.25192495032608436,8,6,4.434142503290166,5.018339495973488,ok,29.728834654585473,-0.8350696629406307,-0.8951455564659562,0.01485299994237721,ok,29.712059856727606,-0.9196012418394435,-0.8618144102311827,1.79721220000647,
112,0.9133413882089301,0.15802325007169876,0.6675392295291394,0.1751863539988497,8,3,3.6321183952197504,3.758153018155854,ok,30.58441213031606,1.25458797403244,-0.04476914357952494,0.020009599858894944,ok,30.471020835425435,1.2335488887512833,-0.42984533260183877,1.7461703000590205,
113,1.3976425354025057,0.239533367729651,0.33010973507589125,0.1598049759461838,8,5,1.858059624539956,6.50142611446025,ok,29.684015927205646,-0.5505415344678256,-0.8005778095227118,0.012338400119915605,ok,29.876758345291666,-0.48408060391081276,-0.9321770432873149,1.6569813000969589,
114,1.5719882023071166,0.2540114959077384,0.37429417914424296,0.09500860327610301,4,10,1.5635315032815051,1.5328363671651597,ok,29.47245398405832,-0.826378447527193,-0.676437344807579,0.020941799972206354,ok,29.702137419878014,-0.7789472737173995,-0.8546930912467475,1.8861731998622417,
115,1.6730643436889623,0.22411638452599902,0.3229378180853109,0.19847951650100765,6,9,2.525731975624103,7.549727669523304,ok,29.52213768838312,-0.8049055234186343,-0.48931171996562134,0.019600100116804242,ok,29.71510249953821,-0.7004841277694962,-0.7022258327141045,1.8582772000227123,
116,0.8690469518279702,0.1854995299153549,0.3912627727253759,0.23432845049924017,6,7,4.2373512595390554,5.889470750001875,ok,30.40984341929315,1.049186637195708,-0.9274902293379351,0.024278099881485105,ok,30.332497626669586,1.1108941475667675,-0.8426896645026494,1.8297884999774396,
117,1.7719702357114238,0.28065315982731276,0.35383916881148064,0.12198987758012131,7,4,4.551354483410619,4.460995656903521,ok,28.94974022022497,-0.9893760367333321,-0.6746042224744236,0.019485800061374903,ok,29.255856843179156,-0.9622266292431091,-0.8939623822579036,2.008474500151351,
118,1.3995841965661184,0.244368601145886,0.8204221812870358,0.24708617423359075,10,3,4.154012821115692,8.229661141487899,ok,30.059752582294163,-0.8247151150679164,-0.6062482974371587,0.02067849994637072,ok,29.968242514020954,-0.7712737488473982,-0.4874336511693645,1.2780585000291467,
119,1.2337511798748257,0.32279168042195583,0.3048607695840264,0.20912860730956212,3,9,4.208056999851623,3.214066417738306,ok,29.070891187562857,-0.35238518916601136,-1.418969169366116,0.016291100066155195,ok,29.416020167197992,-0.39873206955407164,-1.5277314417178234,1.2103831998538226,
120,1.1199738630770055,0.12418298932362189,0.41715349985588807,0.14502671285920524,3,8,4.0519613743541285,9.514871160575701,ok,30.64623933333785,0.9928932145006336,1.873432157039684,0.013913400005549192,ok,30.638017431403405,0.8717348222306336,1.0192561871257675,1.115082599921152,
121,1.790010278911371,0.19090144121830865,0.5772631577278531,0.17053291945019652,9,6,2.2531282647405098,2.638302486690426,ok,29.97350834784522,-0.9255170366542356,-0.07530464876624099,0.015757400076836348,ok,30.007578071871865,-0.7681448683248927,-0.1498003200509611,1.2101912999060005,
122,1.4909786407963952,0.16030726505529777,0.7373873066248111,0.258871544948592,10,4,2.6339131122691852,1.0813447419272473,ok,30.40480765414233,-0.36396083954356295,0.21640743714297805,0.020410000113770366,ok,30.313710564562378,-0.20490747618342658,0.1379734421238552,1.4990016999654472,
123,1.1003829786226844,0.20066567039082053,0.3426287084719949,0.13654944777467237,5,3,1.8440314893368144,7.792500295232337,ok,30.21902333252161,0.13286105918492652,-0.7869512474423351,0.013032100163400173,ok,30.29741852619069,0.222391699670889,-0.7347114891654423,1.146299800137058,
124,1.7127811317966275,0.3362572418626585,0.755405324798113,0.28300048251321397,6,3,3.594583933422305,6.909462189782216,ok,29.209274794332053,-1.3363607581170558,-0.5193519076984368,0.014716099947690964,ok,29.151315354167515,-1.4060791843788536,-0.5618149785441786,1.0407418999820948,
125,1.6886413372535978,0.14499981614623692,0.5845415165284051,0.08527108652143224,10,6,1.101015435923918,9.43987601678463,ok,30.3413864846118,-0.47368363790841106,0.6577075527815691,0.010220300173386931,ok,30.379677535973787,-0.3101723369425296,0.45411786435161644,1.0948260999284685,
126,1.1622444407143573,0.26632213135475413,0.3596259997550655,0.08504300508182741,9,4,2.790690872073416,9.229808662836827,ok,29.754291368801677,-0.28152807026516896,-1.1940442905102435,0.01467949990183115,ok,29.96267258205784,-0.2619194211699978,-1.2512081419262993,1.5303944000042975,
127,0.8345476714680892,0.265783130308171,0.5107338317710515,0.08441300476369502,8,6,1.3421851355719554,5.7252631239602385,ok,30.090979838728135,0.5227084071361012,-1.8085529656098223,0.013216099934652448,error,,,,,RuntimeError: Cruise trim did not converge.
128,1.2127171468973956,0.2331733049415195,0.5175266423707416,0.22012566030294634,8,4,1.5434194639447414,3.3311236889309743,ok,30.100689039964607,-0.3799643976594868,-0.8570154902332826,0.021306399954482913,ok,30.128150131913436,-0.30783915998546707,-0.8041631219262781,1.9254316000733525,
129,1.1789432408587408,0.27438251466036534,0.7048111913523243,0.2738091234207996,5,9,4.204962136905542,4.5611869431619585,ok,30.018263169009387,-0.5797937697765277,-0.958208702382263,0.020881300093606114,ok,29.95977158595503,-0.5827017149108594,-0.8528669773574421,1.2637151998933405,
130,1.1898090667731753,0.12692780027969813,0.8354523379163779,0.2949780345941145,3,3,1.2204596949533442,2.0261810156720985,ok,30.679953123385925,0.8076528226362173,1.7036625202920614,0.015010999981313944,ok,30.496180037136753,0.7465143361923146,0.6806798070555807,1.2405003001913428,
131,1.0067795895492893,0.18758829922388576,0.31898996368826,0.10254178652616215,4,5,4.482437901984573,2.2220489170077586,ok,30.322792597591146,0.4994423479718466,-0.7121855906156529,0.016679099993780255,ok,30.378300832285554,0.5710577136846775,-0.6470750313790573,1.1925638001412153,
132,1.2157612576029357,0.20227162957625175,0.3618680643255676,0.08663053599264844,3,4,1.9720462769218456,4.037640450146016,ok,30.156121562662598,-0.1474092179514922,-0.6431084289957073,0.009750999975949526,ok,30.280237912130772,-0.050311027636311734,-0.6452106279918877,1.3987777999136597,
133,1.433263330190663,0.16568659994514562,0.855290565803559,0.27354906526813144,9,8,4.831221952425098,3.7261527407528106,ok,30.42937372309882,-0.3327479196221105,0.09069176287551017,0.013297599973157048,ok,30.295409780083432,-0.1737079686295117,0.046650756084249845,1.4711056998930871,
134,1.5023185702326136,0.17352845924222143,0.390128336602393,0.2692764031751213,9,3,0.5015225057934971,2.095028050020173,ok,30.172276969779084,-0.4518725025184951,-0.02286064581707582,0.02256780001334846,ok,30.198621975330063,-0.3006098751650941,-0.0931219250243527,1.7466841998975724,
135,1.5269873093940287,0.3080519915124743,0.7305202371451494,0.13194787578863265,3,7,3.238201597718774,5.287598237909561,ok,29.558458228038567,-1.1375276159394192,-0.6175251457779176,0.015785700175911188,ok,29.567907834432987,-1.1967094708811885,-0.6219066752942015,1.259042999939993,
136,1.0714390094628672,0.2673603656770177,0.8249933222598707,0.17007392503555352,8,4,2.716150188696873,9.398573192315208,ok,30.161464595662842,-0.3642188448664285,-1.0789573632091198,0.01198589988052845,ok,30.091151422745153,-0.34852526137322026,-0.8722539678100705,1.1957070999778807,
137,1.012029849833492,0.3068420835497312,0.4310367089208952,0.29739221074911065,4,8,2.493731353464117,2.963003176107481,ok,29.714591004465774,-0.1425188334951647,-1.5079527959822494,0.013508100062608719,ok,29.80262222039611,-0.15881158320643168,-1.5369473806930676,1.1667203998658806,
138,1.3108090652551092,0.1241763908524632,0.4050531641375916,0.15918058362157705,3,1,4.904707343876573,2.7099932122413004,ok,30.581588185973732,0.4417160432818932,1.7175676547610923,0.015934200026094913,ok,30.59014634992426,0.41699702017908136,1.0654774378826175,1.7338280999101698,
139,1.290651035725923,0.34341840794998924,0.8287169694239478,0.12875195666809117,6,4,4.117605514957864,8.024668145386407,ok,29.656406446344747,-1.0051747696346078,-0.7908506047584418,0.024305199971422553,ok,29.62054037202842,-1.1571349450966137,-0.6959924593784478,1.8893869000021368,
140,0.8975866489294773,0.1988249187870385,0.7500721062717728,0.12582821652692341,7,2,2.7627355710220516,3.326666807630582,ok,30.451088902337457,0.7458127595021546,-1.0734463828703131,0.02326699998229742,ok,30.36221063408469,0.8441323352839464,-0.9932690798734283,1.8690742999315262,
141,1.075050496988018,0.21113910796877056,0.36112317405789796,0.26257504049615105,9,4,4.043211730303774,3.0369917568303695,ok,30.186323167748263,0.12674137624280532,-0.9574615413704235,0.023756099864840508,ok,30.20397168754466,0.22015566009653054,-0.8776472488506479,1.916933799860999,
142,1.1286217105513132,0.25758480828814834,0.445626651069461,0.21779932483423742,3,6,0.9635188369600907,7.628473693903406,ok,29.955145361281375,-0.27384737842562173,-1.1364985857845273,0.017357700038701296,ok,30.029673554704743,-0.23665369125350458,-1.119156760403395,1.7587170000188053,
143,1.7939462912949082,0.25920915437006536,0.4447702583670101,0.2906644705346906,9,5,1.7722660728958892,9.171049262861699,ok,29.31694413610981,-1.0817626336974044,-0.5124066536408143,0.016313900006935,ok,29.424709693351442,-1.0226777965501133,-0.7176431625561775,1.2471487000584602,
144,1.6422492093409757,0.1545621505308768,0.6494771987138558,0.16333455119418538,6,4,1.9677889861632338,8.389008412000452,ok,30.331037875658893,-0.514225324834925,0.3907335393283905,0.012647199910134077,ok,30.31630726177683,-0.34304299803386973,0.27689908546073805,1.2087689999025315,
145,0.8614330594305348,0.2869550090550458,0.7189892398636712,0.09288885936923355,5,7,2.6639696598074725,3.301353466919785,ok,30.107645224416263,0.19131544109421142,-1.6321875811436348,0.012963799992576241,ok,30.090320521548595,0.23922603288703884,-1.476160200003208,1.2594124998431653,
146,1.658295378648798,0.3401164095811958,0.7430042952500535,0.09331127391208943,9,1,2.293088622906985,6.225760471671425,ok,29.233905249069597,-1.3005271426430776,-0.5492011666327592,0.015677500050514936,ok,29.263052454715996,-1.392022321359204,-0.5712033010588491,1.2887278001289815,
147,1.1135142156618312,0.3394896429638886,0.6112215918639915,0.15317500621988622,3,2,4.187092003364413,4.155865481388145,ok,29.66404846812152,-0.6081770436705878,-1.1535060217067727,0.017544399946928024,ok,29.738385450873054,-0.7404205105697097,-1.1267937670946817,1.2590681000147015,
148,1.2549128473957516,0.16637574276511866,0.410097509894949,0.09736523821430351,3,5,0.8384286081471819,4.842916981588573,ok,30.386988632766922,0.0227202731357027,-0.0006077668453936968,0.01291509997099638,ok,30.454546078623878,0.12133102656073658,-0.06388481875910511,1.3148991998750716,
149,0.8465365350276083,0.18691475014200493,0.5679417337831367,0.2523900536865706,5,1,0.8764616582798952,2.401265474172008,ok,30.45660653303727,1.1403212426505056,-0.9799803273384684,0.013306899927556515,ok,30.32691217102897,1.2157557310146738,-0.98430889213026,1.6126147999893874,
